config,combine,q,a,harm_count,harmed_workloads,benefit_score,stacked_medium_p0_0,stacked_medium_p0_5,stacked_medium_p2_0,stacked_high_p0_0,stacked_high_p0_5,stacked_high_p2_0
q2_a0.8_and,and,2,0.8,2,bursty_high_s64;rate3.0_s4,31.549582971830123,-29.0930277723812,-29.882031783172398,-27.099999999999547,-34.65667064235819,-32.5666016894087,-32.259910093992765
q2_a0.8_or,or,2,0.8,1,rate0.5_s4,28.13298022786494,-30.704991260438362,-29.248318221703762,-27.899999999998816,-27.168171749872176,-25.410439679445467,-24.91213731099306
q2_a1.5_and,and,2,1.5,0,,21.91426090830766,-24.1211885803079,-21.38052062006513,-23.640000000000285,-22.107684443687166,-20.047649989170438,-17.997548017981053
q2_a1.5_or,or,2,1.5,3,bursty_high_s64;rate0.5_s4;rate3.0_s4,30.7187935964327,-27.636434259079902,-28.721848493711754,-26.21999999999975,-34.16254898619876,-32.35434264674039,-32.51328156926861
q4_a0.8_and,and,4,0.8,1,bursty_high_s64,25.97473925462928,-20.081569236745274,-17.305254947840957,-16.040000000000713,-34.699267336854845,-31.812865497076046,-31.43440948099717
q4_a0.8_or,or,4,0.8,1,bursty_high_s64,30.14257604712502,-34.14255195183625,-32.39738715023941,-28.659999999999446,-28.667575396149335,-25.362789690275072,-23.64527993461375
q4_a1.5_and,and,4,1.5,0,,21.917759581262654,-24.62614099825154,-20.571317149265425,-22.179999999999623,-22.24399386607601,-20.229586311457638,-18.210053126276947
q4_a1.5_or,or,4,1.5,1,bursty_high_s64,25.821581854512033,-18.780345698193543,-16.4765525982261,-15.780000000000511,-35.14227295961852,-32.88715616200996,-31.785860237024917
q8_a0.8_and,and,8,0.8,1,bursty_high_s64,9.64399360877464,-0.69916488638545,1.3844203958276533,0.7800000000001136,-20.59976145851084,-18.661468486029918,-17.114834491213745
q8_a0.8_or,or,8,0.8,1,bursty_high_s64,30.14257604712502,-34.14255195183625,-32.39738715023941,-28.659999999999446,-28.667575396149335,-25.362789690275072,-23.64527993461375
q8_a1.5_and,and,8,1.5,1,bursty_high_s64,9.658107350455365,-0.69916488638545,1.3844203958276533,0.7800000000001136,-20.33566195263248,-18.98202295863118,-17.588884348181455
q8_a1.5_or,or,8,1.5,1,bursty_high_s64,22.13392968265733,-24.431928529812758,-21.497513892952256,-23.640000000000285,-22.08212642698927,-20.52414988087504,-18.111973845525
