group,workload,gated_fires,gated_p95,gated_any_disqualifying_harm,gated_harm_metrics,gated_disqualifying_harm_metrics,ungated_p95,ungated_any_disqualifying_harm,ungated_harm_metrics,orig_fires,orig_p95,orig_any_disqualifying_harm,orig_harm_metrics,runnerup_p95,avg_wait_gated,avg_wait_gated_flip,avg_wait_orig,avg_wait_orig_flip,migrations_gated,migrations_gated_flip,scanwork_gated,scanwork_gated_flip
gated silent,stacked_low,0.0,+0.0% / +0.0% / +0.0%,False,,,+0.0% / +0.0% / +0.0%,False,,49.888888888888886,+5.9% / -2.3% / +1.3%,False,,+0.0% / +0.0% / +0.0%,0.0,False,-1.1454109767675045,False,0.0,False,0.0,False
gated helps,stacked_medium,24.53333333333333,-25.2%*** / -20.5%*** / -22.1%***,False,,,-18.3%*** / -13.1%*** / -10.8%***,False,,159.72222222222223,-23.4%*** / -17.0%*** / -16.6%***,False,,-16.6%*** / -12.1%** / -9.7%**,-22.688759486130866,False,-21.08720047689494,False,3.201215925554821,False,1.848773046814184,False
gated helps,stacked_high,139.64444444444442,-16.9%* / -18.0%** / -12.8%,False,,,-21.0%*** / -21.0%** / -15.9%,False,,180.9,-22.5%*** / -21.2%*** / -18.3%**,False,,-21.5%*** / -19.1%** / -15.7%,-19.055962018872986,False,-20.909113913499258,False,-1.4223767709001016,False,5.193814976374102,False
gated silent,bursty_high_s24,0.0,+0.0% / +0.0% / +0.0%,False,,,+0.0% / +0.0% / +0.0%,False,,10.322222222222223,+0.0% / +1.3% / +7.2%,True,p99_wait@p0,+0.0% / +0.0% / +0.0%,0.0,False,0.8976650826439645,False,0.0,False,0.0,False
gated harmful (p0/p0.5),bursty_high_s64,215.2111111111111,-2.1% / -2.1% / -0.2%,True,avg_wait@p0; avg_slowdown@p2(stress); p95_slowdown@p2(stress); makespan_excess@p2(stress),avg_wait@p0,-1.6% / -0.6% / +2.6%,True,"avg_wait@p2(stress); avg_slowdown@p0.5,p2(stress); p95_slowdown@p2(stress); makespan_excess@p2(stress)",420.6333333333334,-0.8% / +2.8% / -0.0%,True,"avg_slowdown@p0.5,p2(stress); p95_slowdown@p0.5,p2(stress); makespan_excess@p2(stress)",-2.5%* / -1.5% / +3.5%**,3.786944602947097,False,0.8720826561004523,True,14.794117481718601,False,3.020995428231503,False
gated silent,heavy_tail_high,0.0,+0.0% / +0.0% / +0.0%,False,,,+0.0% / +0.0% / +0.0%,False,,9.855555555555556,+0.0% / +0.0% / +0.0%,True,"p99_wait@p0,p0.5,p2(stress); avg_wait@p0.5,p2(stress); avg_slowdown@p0,p0.5,p2(stress); p95_slowdown@p0,p0.5,p2(stress)",+0.0% / +0.0% / +0.0%,0.0,False,0.25757575757577555,False,0.0,False,0.0,False
gated silent,rate0.5_s4,0.0,+0.0% / +0.0% / +0.0%,False,,,+0.0% / +0.0% / +0.0%,False,,9.966666666666667,+17.2%* / +18.0% / +20.0%**,True,"p95_wait@p0,p2(stress); p99_wait@p0,p0.5,p2(stress); avg_wait@p0.5,p2(stress)",+0.0% / +0.0% / +0.0%,0.0,False,7.0366673921774,False,0.0,False,0.0,False
gated silent,rate0.5_s12,0.0,+0.0% / +0.0% / +0.0%,False,,,+0.0% / +0.0% / +0.0%,False,,24.311111111111114,-24.8%*** / -23.1%*** / -22.5%***,False,,+0.0% / +0.0% / +0.0%,0.0,False,-17.503541948534536,False,0.0,False,0.0,False
gated silent,rate0.75_s4,0.0,+0.0% / +0.0% / +0.0%,False,,,+0.0% / +0.0% / +0.0%,False,,19.98888888888889,-18.6%** / -18.5%** / -12.7%,False,,+0.0% / +0.0% / +0.0%,0.0,False,-30.86439802397807,False,0.0,False,0.0,False
gated silent,rate0.75_s12,0.0,+0.0% / +0.0% / +0.0%,False,,,+0.0% / +0.0% / +0.0%,False,,99.91111111111111,-38.9%*** / -42.5%*** / -38.3%***,False,,+0.0% / +0.0% / +0.0%,0.0,False,-33.03708289536218,False,0.0,False,0.0,False
gated silent,rate1.0_s4,0.0,+0.0% / +0.0% / +0.0%,False,,,+0.0% / +0.0% / +0.0%,False,,19.977777777777778,-12.0% / -13.4%* / -13.1%*,False,,+0.0% / +0.0% / +0.0%,0.0,False,-20.68363804291364,False,0.0,False,0.0,False
gated silent,rate1.0_s12,0.0,+0.0% / +0.0% / +0.0%,False,,,+0.0% / +0.0% / +0.0%,False,,99.92222222222222,-16.9%* / -16.3%** / -17.3%***,False,,+0.0% / +0.0% / +0.0%,0.0,False,-17.94166984909424,False,0.0,False,0.0,False
gated silent,rate1.5_s4,0.0,+0.0% / +0.0% / +0.0%,False,,,+0.0% / +0.0% / +0.0%,False,,19.966666666666665,-21.6%*** / -18.8%** / -18.5%**,False,,+0.0% / +0.0% / +0.0%,0.0,False,-19.791856333009388,False,0.0,False,0.0,False
gated helps,rate1.5_s12,16.055555555555557,-23.2%*** / -24.2%*** / -23.0%***,False,,,-21.7%*** / -21.9%*** / -18.5%***,False,,95.8,-25.5%*** / -24.7%*** / -25.8%***,False,,-20.7%*** / -21.1%*** / -18.1%***,-24.43163753997993,False,-24.546428650542108,False,2.901185830617537,False,0.9904129427738324,False
gated silent,rate3.0_s4,0.0,+0.0% / +0.0% / +0.0%,False,,,+0.0% / +0.0% / +0.0%,False,,10.0,-29.6%*** / -28.5%*** / -29.0%***,False,,+0.0% / +0.0% / +0.0%,0.0,False,-32.01301613525274,False,0.0,False,0.0,False
gated helps,rate3.0_s12,42.03333333333333,-23.4%*** / -22.2%*** / -20.1%***,False,,,-15.2%*** / -13.7%*** / -16.2%***,False,,91.89999999999999,-2.6% / +0.9% / -2.2%,False,,-15.0%*** / -13.7%*** / -16.6%***,-28.767784421936387,False,-12.47444481499152,False,2.4951954676800185,False,1.315255071857432,False
