workload,penalty,n_seeds,p95_wait_pct,p95_wait_sign_p,p95_wait_n_eff,p95_wait_a_over_b,p95_wait_b_over_a,avg_wait_pct,avg_wait_sign_p,avg_wait_n_eff,avg_wait_a_over_b,avg_wait_b_over_a,avg_slowdown_pct,avg_slowdown_sign_p,avg_slowdown_n_eff,avg_slowdown_a_over_b,avg_slowdown_b_over_a,total_migrations_pct,total_migrations_sign_p,total_migrations_n_eff,total_migrations_a_over_b,total_migrations_b_over_a
stacked_low,0.0,30,0.0,1.0,0,0,0,0.0,1.0,0,0,0,0.0,1.0,0,0,0,0.0,1.0,0,0,0
stacked_low,0.5,30,0.0,1.0,0,0,0,0.0,1.0,0,0,0,0.0,1.0,0,0,0,0.0,1.0,0,0,0
stacked_low,2.0,30,0.0,1.0,0,0,0,0.0,1.0,0,0,0,0.0,1.0,0,0,0,0.0,1.0,0,0,0
stacked_medium,0.0,30,0.0,1.0,0,0,0,0.0,1.0,0,0,0,0.0,1.0,0,0,0,0.0,1.0,0,0,0
stacked_medium,0.5,30,0.0,1.0,0,0,0,0.0,1.0,0,0,0,0.0,1.0,0,0,0,0.0,1.0,0,0,0
stacked_medium,2.0,30,0.0,1.0,0,0,0,0.0,1.0,0,0,0,0.0,1.0,0,0,0,0.0,1.0,0,0,0
stacked_high,0.0,30,-0.15640038498543374,0.332305908203125,17,11,6,0.9078479628110578,0.08715855330228806,28,9,19,-0.08483511453015716,0.8505540192127228,28,15,13,-1.137402254493759,0.1849333420395851,28,18,10
stacked_high,0.5,30,-0.22835166155872086,0.332305908203125,17,6,11,1.9450167848280173,0.0037191659212112427,28,6,22,0.0836595323378558,0.5715881884098053,28,16,12,-3.272838499184336,0.0037191659212112427,28,22,6
stacked_high,2.0,30,0.09160654986842146,1.0,20,10,10,1.057609343697101,0.08715855330228806,28,9,19,-0.9322551160843866,0.008130058646202087,29,22,7,-2.7256525841283037,1.6242265701293945e-06,29,27,2
bursty_high_s24,0.0,30,0.0,1.0,0,0,0,0.0,1.0,0,0,0,0.0,1.0,0,0,0,0.0,1.0,0,0,0
bursty_high_s24,0.5,30,0.0,1.0,0,0,0,0.0,1.0,0,0,0,0.0,1.0,0,0,0,0.0,1.0,0,0,0
bursty_high_s24,2.0,30,2.0852884636440978e-13,1.0,0,0,0,-0.1970393573486156,1.0,1,1,0,-0.015601366783907058,1.0,1,1,0,0.0,1.0,0,0,0
bursty_high_s64,0.0,30,-0.9778112072205714,0.361594608053565,30,12,18,0.5689917428572526,0.855535551905632,30,14,16,0.12358024903850277,0.855535551905632,30,14,16,-18.73289833719218,1.862645149230957e-09,30,30,0
bursty_high_s64,0.5,30,2.473929026933653,0.361594608053565,30,12,18,0.7070071745920422,0.855535551905632,30,14,16,-1.6205216286421016,0.04277394525706768,30,21,9,-19.39467825718224,1.862645149230957e-09,30,30,0
bursty_high_s64,2.0,30,2.1595493114481874,0.584664711728692,30,13,17,1.630731908324375,0.09873714670538902,30,10,20,-3.1655900965094066,0.001430906355381012,30,24,6,-17.06729482306333,5.774199962615967e-08,30,29,1
heavy_tail_high,0.0,30,0.0,1.0,0,0,0,0.0,1.0,0,0,0,0.0,1.0,0,0,0,0.0,1.0,0,0,0
heavy_tail_high,0.5,30,0.0,1.0,0,0,0,0.0,1.0,0,0,0,0.0,1.0,0,0,0,0.0,1.0,0,0,0
heavy_tail_high,2.0,30,0.0,1.0,0,0,0,0.0,1.0,0,0,0,0.0,1.0,0,0,0,0.0,1.0,0,0,0
rate0.5_s4,0.0,30,0.0,1.0,0,0,0,0.0,1.0,0,0,0,0.0,1.0,0,0,0,0.0,1.0,0,0,0
rate0.5_s4,0.5,30,0.0,1.0,0,0,0,0.0,1.0,0,0,0,0.0,1.0,0,0,0,0.0,1.0,0,0,0
rate0.5_s4,2.0,30,0.0,1.0,0,0,0,0.0,1.0,0,0,0,0.0,1.0,0,0,0,0.0,1.0,0,0,0
rate0.5_s12,0.0,30,0.0,1.0,0,0,0,0.0,1.0,0,0,0,0.0,1.0,0,0,0,0.0,1.0,0,0,0
rate0.5_s12,0.5,30,0.0,1.0,0,0,0,0.0,1.0,0,0,0,0.0,1.0,0,0,0,0.0,1.0,0,0,0
rate0.5_s12,2.0,30,0.0,1.0,0,0,0,0.0,1.0,0,0,0,0.0,1.0,0,0,0,0.0,1.0,0,0,0
rate0.75_s4,0.0,30,0.0,1.0,0,0,0,0.0,1.0,0,0,0,0.0,1.0,0,0,0,0.0,1.0,0,0,0
rate0.75_s4,0.5,30,0.0,1.0,0,0,0,0.0,1.0,0,0,0,0.0,1.0,0,0,0,0.0,1.0,0,0,0
rate0.75_s4,2.0,30,0.0,1.0,0,0,0,0.0,1.0,0,0,0,0.0,1.0,0,0,0,0.0,1.0,0,0,0
rate0.75_s12,0.0,30,0.0,1.0,0,0,0,0.0,1.0,0,0,0,0.0,1.0,0,0,0,0.0,1.0,0,0,0
rate0.75_s12,0.5,30,0.0,1.0,0,0,0,0.0,1.0,0,0,0,0.0,1.0,0,0,0,0.0,1.0,0,0,0
rate0.75_s12,2.0,30,0.0,1.0,0,0,0,0.0,1.0,0,0,0,0.0,1.0,0,0,0,0.0,1.0,0,0,0
rate1.0_s4,0.0,30,0.0,1.0,0,0,0,0.0,1.0,0,0,0,0.0,1.0,0,0,0,0.0,1.0,0,0,0
rate1.0_s4,0.5,30,0.0,1.0,0,0,0,0.0,1.0,0,0,0,0.0,1.0,0,0,0,0.0,1.0,0,0,0
rate1.0_s4,2.0,30,0.0,1.0,0,0,0,0.0,1.0,0,0,0,0.0,1.0,0,0,0,0.0,1.0,0,0,0
rate1.0_s12,0.0,30,0.0,1.0,0,0,0,0.0,1.0,0,0,0,0.0,1.0,0,0,0,0.0,1.0,0,0,0
rate1.0_s12,0.5,30,0.0,1.0,0,0,0,0.0,1.0,0,0,0,0.0,1.0,0,0,0,0.0,1.0,0,0,0
rate1.0_s12,2.0,30,0.0,1.0,0,0,0,0.0,1.0,0,0,0,0.0,1.0,0,0,0,0.0,1.0,0,0,0
rate1.5_s4,0.0,30,0.0,1.0,0,0,0,0.0,1.0,0,0,0,0.0,1.0,0,0,0,0.0,1.0,0,0,0
rate1.5_s4,0.5,30,0.0,1.0,0,0,0,0.0,1.0,0,0,0,0.0,1.0,0,0,0,0.0,1.0,0,0,0
rate1.5_s4,2.0,30,0.0,1.0,0,0,0,0.0,1.0,0,0,0,0.0,1.0,0,0,0,0.0,1.0,0,0,0
rate1.5_s12,0.0,30,0.0,1.0,0,0,0,0.0,1.0,0,0,0,0.0,1.0,0,0,0,0.0,1.0,0,0,0
rate1.5_s12,0.5,30,0.0,1.0,0,0,0,0.0,1.0,0,0,0,0.0,1.0,0,0,0,0.0,1.0,0,0,0
rate1.5_s12,2.0,30,0.0,1.0,0,0,0,0.0,1.0,0,0,0,0.0,1.0,0,0,0,0.0,1.0,0,0,0
rate3.0_s4,0.0,30,0.0,1.0,0,0,0,0.0,1.0,0,0,0,0.0,1.0,0,0,0,0.0,1.0,0,0,0
rate3.0_s4,0.5,30,0.0,1.0,0,0,0,0.0,1.0,0,0,0,0.0,1.0,0,0,0,0.0,1.0,0,0,0
rate3.0_s4,2.0,30,0.0,1.0,0,0,0,0.0,1.0,0,0,0,0.0,1.0,0,0,0,0.0,1.0,0,0,0
rate3.0_s12,0.0,30,0.0,1.0,0,0,0,0.0,1.0,0,0,0,0.0,1.0,0,0,0,0.0,1.0,0,0,0
rate3.0_s12,0.5,30,0.0,1.0,0,0,0,0.0,1.0,0,0,0,0.0,1.0,0,0,0,0.0,1.0,0,0,0
rate3.0_s12,2.0,30,0.0,1.0,0,0,0,0.0,1.0,0,0,0,0.0,1.0,0,0,0,0.0,1.0,0,0,0
