workload,penalty,variant,p95_wait_base,p95_wait_var,p95_wait_pct,p95_wait_wins,p95_wait_harms,p95_wait_ties,p95_wait_sign_p,p95_wait_wilcoxon_p,p95_wait_harm,p95_wait_floored,p99_wait_base,p99_wait_var,p99_wait_pct,p99_wait_wins,p99_wait_harms,p99_wait_ties,p99_wait_sign_p,p99_wait_wilcoxon_p,p99_wait_harm,p99_wait_floored,avg_wait_base,avg_wait_var,avg_wait_pct,avg_wait_wins,avg_wait_harms,avg_wait_ties,avg_wait_sign_p,avg_wait_wilcoxon_p,avg_wait_harm,avg_wait_floored,avg_slowdown_base,avg_slowdown_var,avg_slowdown_pct,avg_slowdown_wins,avg_slowdown_harms,avg_slowdown_ties,avg_slowdown_sign_p,avg_slowdown_wilcoxon_p,avg_slowdown_harm,avg_slowdown_floored,p95_slowdown_base,p95_slowdown_var,p95_slowdown_pct,p95_slowdown_wins,p95_slowdown_harms,p95_slowdown_ties,p95_slowdown_sign_p,p95_slowdown_wilcoxon_p,p95_slowdown_harm,p95_slowdown_floored,makespan_excess_base,makespan_excess_var,makespan_excess_pct,makespan_excess_wins,makespan_excess_harms,makespan_excess_ties,makespan_excess_sign_p,makespan_excess_wilcoxon_p,makespan_excess_harm,makespan_excess_floored,sched_cores_scanned_base,sched_cores_scanned_var,sched_cores_scanned_pct,burst_balance_levels_walked_base,burst_balance_levels_walked_var,burst_balance_levels_walked_pct,total_migrations_base,total_migrations_var,total_migrations_pct,any_harm,detector_fires,recall,precision
stacked_high,0.0,selected_checked,24.17111111111114,18.442222222222227,-23.701388250436775,28,2,0,8.67992639541626e-07,2.4811276515990244e-05,False,False,33.413333333333355,24.48666666666667,-26.715881883479682,25,5,0,0.00032491423189640045,0.0002510715764700855,False,False,11.193133333333302,7.995433333333299,-28.56840801205512,29,1,0,5.774199962615967e-08,1.2977273282865909e-05,False,False,2.107031467355668,1.818197186314522,-13.708114260089053,28,2,0,8.67992639541626e-07,5.544688150749266e-05,False,False,4.237620340743529,3.400704460115744,-19.74966640076446,27,3,0,8.430331945419312e-06,5.078973043182167e-05,False,False,12.295555555555323,10.348888888888649,-15.832279052955359,20,9,1,0.06142834573984146,0.023177113372477187,False,False,12263.866666666667,14032.7,14.423129192533082,0,38.666666666666664,nan,332.6333333333333,324.5,-2.445134783044391,False,151.2,1.0,1.0
stacked_high,0.0,selected_unchecked,24.17111111111114,18.471111111111096,-23.58187000091953,28,2,0,8.67992639541626e-07,4.256449016493136e-05,False,False,33.413333333333355,24.437777777777786,-26.862197392923676,25,5,0,0.00032491423189640045,0.00018151957897449833,False,False,11.193133333333302,7.923499999999966,-29.21106392609765,29,1,0,5.774199962615967e-08,1.2977273282865909e-05,False,False,2.107031467355668,1.8197409656468806,-13.634846283019117,28,2,0,8.67992639541626e-07,4.650496977331997e-05,False,False,4.237620340743529,3.424767153595107,-19.181831353155147,27,3,0,8.430331945419312e-06,3.255657168299564e-05,False,False,12.295555555555323,9.188888888888647,-25.266582324236957,24,6,0,0.001430906355381012,0.0010734277209780707,False,False,12263.866666666667,14351.3,17.021004794572665,0,52,nan,332.6333333333333,328.23333333333335,-1.3227778334502387,False,151.2,1.0,1.0
stacked_high,0.0,original_q2_a0.8_or_unchecked,24.17111111111114,19.4,-19.738898593362247,25,5,0,0.00032491423189640045,0.00014166481400246234,False,False,33.413333333333355,25.528888888888904,-23.59670125033254,24,6,0,0.001430906355381012,0.0008620226851405732,False,False,11.193133333333302,8.466099999999965,-24.363449019339335,27,3,0,8.430331945419312e-06,4.967128283794864e-06,False,False,2.107031467355668,1.8601423522559128,-11.717390979907952,23,7,0,0.005222879350185394,7.196635341033542e-05,False,False,4.237620340743529,3.596886049136045,-15.120143856376275,20,9,1,0.06142834573984146,0.0011807902761951095,False,False,12.295555555555323,9.795555555555321,-20.332550153624112,21,9,0,0.04277394525706768,0.0011545227415428183,False,False,12263.866666666667,14293.866666666667,16.552691375205207,0,52,nan,332.6333333333333,324.1666666666667,-2.545345224972434,False,180.96666666666667,1.0,1.0
stacked_high,0.0,runner_up_checked,24.17111111111114,18.502222222222226,-23.45315803990079,28,2,0,8.67992639541626e-07,2.4811276515990244e-05,False,False,33.413333333333355,24.651111111111113,-26.22372971534987,25,5,0,0.00032491423189640045,0.0002720075931206267,False,False,11.193133333333302,8.005899999999965,-28.474898300744023,29,1,0,5.774199962615967e-08,1.2977273282865909e-05,False,False,2.107031467355668,1.820833625291558,-13.582988507679447,28,2,0,8.67992639541626e-07,6.050664666945593e-05,False,False,4.237620340743529,3.411306311967596,-19.499482311597287,26,4,0,5.947612226009369e-05,6.050664666945593e-05,False,False,12.295555555555323,10.11555555555531,-17.72998373396031,20,9,1,0.06142834573984146,0.01952389285661904,False,False,12263.866666666667,14027.4,14.379912806184016,0,38.666666666666664,nan,332.6333333333333,325.26666666666665,-2.2146507666098834,False,145.6,1.0,1.0
stacked_high,0.5,selected_checked,24.52333333333333,18.447777777777805,-24.77459109238355,26,4,0,5.947612226009369e-05,3.894216130140293e-05,False,False,32.14333333333334,23.745555555555573,-26.126032700750066,25,5,0,0.00032491423189640045,2.4811276515990244e-05,False,False,11.481383333333303,8.2297833333333,-28.32062919247546,28,2,0,8.67992639541626e-07,1.0744332654688549e-05,False,False,2.1396387711168288,1.8708205059144218,-12.563721915643345,28,2,0,8.67992639541626e-07,6.050664666945593e-05,False,False,4.332742584575918,3.5443804608322145,-18.19545261124409,27,3,0,8.430331945419312e-06,3.722500994940425e-05,False,False,13.802222222222,9.875555555555321,-28.449525036226593,23,7,0,0.005222879350185394,0.0004711965935122464,False,False,12344.6,13694.333333333334,10.933795613736642,0,36.8,nan,339.46666666666664,316.23333333333335,-6.844069128043979,False,151.43333333333334,1.0,1.0
stacked_high,0.5,selected_unchecked,24.52333333333333,18.49000000000001,-24.602419464455572,26,4,0,5.947612226009369e-05,3.5613704354897635e-05,False,False,32.14333333333334,23.632222222222236,-26.478620069826093,25,5,0,0.00032491423189640045,2.4811276515990244e-05,False,False,11.481383333333303,8.072766666666633,-29.6882053991753,28,2,0,8.67992639541626e-07,8.069576141966905e-06,False,False,2.1396387711168288,1.8692566945056044,-12.636809552207398,27,3,0,8.430331945419312e-06,7.843864559076152e-05,False,False,4.332742584575918,3.5235803116636446,-18.67552149977248,27,3,0,8.430331945419312e-06,2.9749833489800537e-05,False,False,13.802222222222,9.845555555555316,-28.66688133955943,25,5,0,0.00032491423189640045,7.840443864459701e-05,False,False,12344.6,14167.933333333332,14.770290923426696,0,52,nan,339.46666666666664,326.93333333333334,-3.692065985860164,False,151.43333333333334,1.0,1.0
stacked_high,0.5,original_q2_a0.8_or_unchecked,24.52333333333333,19.96111111111113,-18.603597480857147,27,3,0,8.430331945419312e-06,0.00010131697449899946,False,False,32.14333333333334,26.043333333333347,-18.97749662967953,21,9,0,0.04277394525706768,0.0017696814976799757,False,False,11.481383333333303,8.809166666666632,-23.274344119393376,27,3,0,8.430331945419312e-06,4.502214861368259e-06,False,False,2.1396387711168288,1.9218115788767147,-10.180559222452985,24,6,0,0.001430906355381012,0.00010131697449899946,False,False,4.332742584575918,3.717723025431355,-14.194694172092387,24,6,0,0.001430906355381012,0.0008004494537643403,False,False,13.802222222222,10.342222222221988,-25.068426984383034,23,7,0,0.005222879350185394,0.00015390987699981373,False,False,12344.6,14238.666666666666,15.343281002759632,0,52.13333333333333,nan,339.46666666666664,322.3333333333333,-5.047132757266298,False,180.8,1.0,1.0
stacked_high,0.5,runner_up_checked,24.52333333333333,18.472222222222246,-24.674912781477847,26,4,0,5.947612226009369e-05,5.078973043182167e-05,False,False,32.14333333333334,24.068888888888907,-25.120121677209678,24,6,0,0.001430906355381012,5.078973043182167e-05,False,False,11.481383333333303,8.225349999999967,-28.359242425782128,28,2,0,8.67992639541626e-07,1.0744332654688549e-05,False,False,2.1396387711168288,1.8703508981867478,-12.585669906772187,28,2,0,8.67992639541626e-07,5.544688150749266e-05,False,False,4.332742584575918,3.5630241738729875,-17.765154418428697,26,4,0,5.947612226009369e-05,5.304573319420136e-05,False,False,13.802222222222,9.645555555555315,-30.1159233617781,25,5,0,0.00032491423189640045,8.18420042052459e-05,False,False,12344.6,13656.033333333333,10.623538497264654,0,36.266666666666666,nan,339.46666666666664,316.23333333333335,-6.844069128043979,False,146.43333333333334,1.0,1.0
stacked_high,2.0,selected_checked,28.09555555555556,19.42444444444446,-30.86292810250727,29,1,0,5.774199962615967e-08,8.069576141966905e-06,False,False,37.40888888888892,25.04000000000001,-33.06403706783892,25,5,0,0.00032491423189640045,1.2977273282865909e-05,False,False,12.832499999999973,9.0966333333333,-29.112539775310196,29,1,0,5.774199962615967e-08,1.717385723187803e-05,False,False,2.4080507782017673,2.026392441919664,-15.849264464726529,28,2,0,8.67992639541626e-07,2.717407109864567e-05,False,False,5.132238740791369,3.989391293891294,-22.26801021193049,26,4,0,5.947612226009369e-05,6.600150715030395e-05,False,False,18.6288888888887,12.428888888888654,-33.28164141715435,28,2,0,8.67992639541626e-07,2.1608554901852983e-05,False,False,11865.366666666667,13131.433333333332,10.67027005767485,0,31.866666666666667,nan,338.8,309.3,-8.707201889020071,False,151.3,1.0,1.0
stacked_high,2.0,selected_unchecked,28.09555555555556,19.406666666666666,-30.926204223681097,28,1,1,1.1175870895385742e-07,1.1360643958902017e-05,False,False,37.40888888888892,25.19111111111113,-32.66009266959725,24,6,0,0.001430906355381012,4.256449016493136e-05,False,False,12.832499999999973,9.001433333333301,-29.854406130268302,29,1,0,5.774199962615967e-08,1.717385723187803e-05,False,False,2.4080507782017673,2.045461360096695,-15.05738256798052,28,2,0,8.67992639541626e-07,3.255657168299564e-05,False,False,5.132238740791369,4.0665326278659535,-20.764936448788195,27,3,0,8.430331945419312e-06,7.196635341033542e-05,False,False,18.6288888888887,13.295555555555328,-28.62936896099298,26,4,0,5.947612226009369e-05,0.0001303415883109338,False,False,11865.366666666667,13686.066666666668,15.34465854405399,0,52,nan,338.8,317.96666666666664,-6.149153876426615,False,151.3,1.0,1.0
stacked_high,2.0,original_q2_a0.8_or_unchecked,28.09555555555556,21.700000000000003,-22.763584592264497,23,7,0,0.005222879350185394,0.00011025118761631703,False,False,37.40888888888892,28.982222222222227,-22.525840560769915,23,7,0,0.005222879350185394,0.0002945714491713325,False,False,12.832499999999973,9.908433333333301,-22.78641470225348,26,4,0,5.947612226009369e-05,1.1810535591738613e-05,False,False,2.4080507782017673,2.1118124442914774,-12.301996975807478,23,7,0,0.005222879350185394,9.306928416652482e-05,False,False,5.132238740791369,4.24080565730566,-17.369283240869933,25,5,0,0.00032491423189640045,0.0002945714491713325,False,False,18.6288888888887,13.135555555555328,-29.488250029822765,24,5,1,0.0005461126565933228,0.00025786349236911477,False,False,11865.366666666667,13687.133333333333,15.353648292930966,0,52,nan,338.8,324.96666666666664,-4.083038173947276,False,180.86666666666667,1.0,1.0
stacked_high,2.0,runner_up_checked,28.09555555555556,19.49333333333335,-30.617733132958904,29,1,0,5.774199962615967e-08,8.069576141966905e-06,False,False,37.40888888888892,25.391111111111123,-32.12546037780684,25,5,0,0.00032491423189640045,1.4253485378645792e-05,False,False,12.832499999999973,9.1082333333333,-29.0221442950842,29,1,0,5.774199962615967e-08,1.717385723187803e-05,False,False,2.4080507782017673,2.0271450403324605,-15.818011036866567,28,2,0,8.67992639541626e-07,2.717407109864567e-05,False,False,5.132238740791369,4.004272246272246,-21.978059702366746,26,4,0,5.947612226009369e-05,7.843864559076152e-05,False,False,18.6288888888887,12.435555555555322,-33.2458547059531,28,2,0,8.67992639541626e-07,2.1619387287952208e-05,False,False,11865.366666666667,13128.633333333333,10.646671966872773,0,32,nan,338.8,309.2,-8.736717827626924,False,146.63333333333333,1.0,1.0
