intensity,penalty,metric,baseline_mean,baseline_stdev,burst_aware_mean,burst_aware_stdev,mean_diff,ci95_lo,ci95_hi,wins,n_eff,ties,sign_p,wilcoxon_n,wilcoxon_zeros_dropped,wilcoxon_z,wilcoxon_p
low,0.0,p95_wait,11.233333333333333,1.2228664272317622,8.266666666666667,0.5208304597621878,-2.966666666666667,-3.4315875277689867,-2.501745805564347,30,30,0,1.862645149230957e-09,30,0,-4.817156949676697,1.4561814700719822e-06
low,0.0,avg_slowdown,1.8441999959165774,0.07098751921695433,1.4328530865108673,0.028900084815171718,-0.41134690940571006,-0.43279790324920614,-0.389895915562214,30,30,0,1.862645149230957e-09,30,0,-4.771854730335432,1.8253714562099788e-06
low,0.0,p95_slowdown,3.5202054357418384,0.313047565091799,2.396225384299421,0.13893295405039457,-1.1239800514424176,-1.2371910233823877,-1.0107690795024475,30,30,0,1.862645149230957e-09,30,0,-4.771980908124905,1.8242279993252453e-06
low,0.0,makespan_excess,22.733333333333334,20.13734450413363,12.833333333333334,9.347997511299646,-9.9,-15.949271041626211,-3.8507289583737885,23,28,2,0.0009122341871261597,28,2,-2.939419486206052,0.0032882769197506434
low,0.0,avg_wait,3.312333333333333,0.19392823651944097,2.2986666666666666,0.1507849195179113,-1.0136666666666667,-1.095566407343257,-0.9317669259900765,30,30,0,1.862645149230957e-09,30,0,-4.773369524743305,1.811689365194269e-06
low,0.0,makespan,3353.1666666666665,21.376886217777745,3343.266666666667,11.11982799833899,-9.9,-15.949271041626211,-3.8507289583737885,23,28,2,0.0009122341871261597,28,2,-2.939419486206052,0.0032882769197506434
low,2.0,p95_wait,11.4,1.0699661612438482,8.4,0.7701320979389589,-3.0,-3.499960113351584,-2.500039886648416,29,29,1,3.725290298461914e-09,29,1,-4.726053997450062,2.289247979181397e-06
low,2.0,avg_slowdown,1.9606351133141646,0.08893601268952094,1.5637342262450191,0.026171670152683055,-0.39690088706914545,-0.42612827364185835,-0.36767350049643255,30,30,0,1.862645149230957e-09,30,0,-4.771854730335432,1.8253714562099788e-06
low,2.0,p95_slowdown,3.6906244001096944,0.32333296541903694,2.688579467917703,0.1620465338065992,-1.002044932191991,-1.1073827248108634,-0.8967071395731189,30,30,0,1.862645149230957e-09,30,0,-4.771980908124905,1.8242279993252453e-06
low,2.0,makespan_excess,23.466666666666665,18.691198986160035,15.7,9.903499903813175,-7.766666666666667,-13.543052297734961,-1.9902810355983718,19,28,2,0.08715855330228806,28,2,-2.3733871584165818,0.017625777828696787
low,2.0,avg_wait,3.308666666666667,0.19112161380745982,2.3728333333333333,0.1633099619685245,-0.9358333333333333,-1.0124335512237992,-0.8592331154428674,30,30,0,1.862645149230957e-09,30,0,-4.7721070959241185,1.8230851401845882e-06
low,2.0,makespan,3353.9,19.974725409186824,3346.133333333333,11.016393218301074,-7.766666666666667,-13.543052297734961,-1.9902810355983718,19,28,2,0.08715855330228806,28,2,-2.3733871584165818,0.017625777828696787
medium,0.0,p95_wait,32.58888888888872,6.989145022686841,22.97777777777781,3.0069311163021823,-9.61111111111091,-12.483178800117962,-6.739043422103857,28,30,0,8.67992639541626e-07,30,0,-4.648444694206067,3.3444726728060203e-06
medium,0.0,avg_slowdown,2.5903576830759842,0.3765903540214302,2.0374377018750396,0.10332182674389082,-0.5529199812009443,-0.6959644826825451,-0.40987547971934357,29,30,0,5.774199962615967e-08,30,0,-4.730718051625644,2.237270713356665e-06
medium,0.0,p95_slowdown,5.756229387896045,1.1959278394395265,4.148741012074323,0.5832013323845417,-1.6074883758217224,-2.062466146159953,-1.1525106054834917,28,30,0,8.67992639541626e-07,30,0,-4.689581372915856,2.7376455054017867e-06
medium,0.0,makespan_excess,18.977777777778574,11.581440210248063,16.577777777778575,9.073954699868995,-2.4,-7.184008014015122,2.3840080140151225,15,27,3,0.7011080384254456,27,3,-1.1418879596542653,0.2535005940178463
medium,0.0,avg_wait,12.005166666666518,2.045658347503963,8.692833333333185,0.8239751732952252,-3.312333333333333,-4.140196923748075,-2.4844697429185914,29,30,0,5.774199962615967e-08,30,0,-4.71014971227075,2.4753489333839696e-06
medium,0.0,makespan,771.2333333333333,13.045499510224374,768.8333333333334,9.494402464658823,-2.4,-7.184008014015122,2.3840080140151225,15,27,3,0.7011080384254456,27,3,-1.1418879596542653,0.2535005940178463
medium,2.0,p95_wait,33.711111111110924,7.979731668220836,22.95555555555539,2.542713024991034,-10.755555555555535,-13.835945028257507,-7.675166082853563,30,30,0,1.862645149230957e-09,30,0,-4.771854730335432,1.8253714562099788e-06
medium,2.0,avg_slowdown,2.854415097871734,0.4141298383590742,2.197815837249573,0.11567015458168925,-0.656599260622161,-0.8206048760169,-0.492593645227422,30,30,0,1.862645149230957e-09,30,0,-4.771854730335432,1.8253714562099788e-06
medium,2.0,p95_slowdown,6.380187910854539,1.2982602429354646,4.62173641173639,0.5251363315876737,-1.7584514991181488,-2.2315354273984553,-1.2853675708378423,29,30,0,5.774199962615967e-08,30,0,-4.730718051625644,2.237270713356665e-06
medium,2.0,makespan_excess,19.977777777778574,12.643334025271384,19.711111111111908,9.313086961967807,-0.26666666666666666,-5.789718988543726,5.2563856552103925,13,28,2,0.8505540192127228,28,2,0.2848459570807024,0.7757621613647974
medium,2.0,avg_wait,12.348333333333185,2.1647728239495123,8.621666666666519,0.708030699379884,-3.7266666666666666,-4.536963605829625,-2.916369727503709,30,30,0,1.862645149230957e-09,30,0,-4.771854730335432,1.8253714562099788e-06
medium,2.0,makespan,772.2333333333333,12.928672581229817,771.9666666666667,9.211998672396229,-0.26666666666666666,-5.789718988543726,5.2563856552103925,13,28,2,0.8505540192127228,28,2,0.2848459570807024,0.7757621613647974
high,0.0,p95_wait,178.1555555555556,49.01899024718003,88.01111111111113,12.36002806396565,-90.14444444444446,-106.53323595867238,-73.75565293021654,30,30,0,1.862645149230957e-09,30,0,-4.771854730335432,1.8253714562099788e-06
high,0.0,avg_slowdown,12.266763964844394,2.463236265639331,5.397563583060558,0.6313466846827219,-6.869200381783837,-7.755422813836934,-5.982977949730739,30,30,0,1.862645149230957e-09,30,0,-4.771854730335432,1.8253714562099788e-06
high,0.0,p95_slowdown,28.143774682108017,6.667799232414379,13.063367724867717,1.965137023482767,-15.080406957240298,-17.37116205461458,-12.789651859866016,30,30,0,1.862645149230957e-09,30,0,-4.771854730335432,1.8253714562099788e-06
high,0.0,makespan_excess,283.88666666666626,62.209181542592496,83.01999999999957,19.707159949031325,-200.86666666666667,-223.401960742075,-178.33137259125834,30,30,0,1.862645149230957e-09,30,0,-4.771980908124905,1.8242279993252453e-06
high,0.0,avg_wait,61.88999999999999,13.655203841540521,37.13049999999999,4.69167066107096,-24.7595,-28.68863438687378,-20.83036561312622,30,30,0,1.862645149230957e-09,30,0,-4.771854730335432,1.8253714562099788e-06
high,0.0,makespan,477.5,62.42112264069061,276.6333333333333,20.157112774460007,-200.86666666666667,-223.401960742075,-178.33137259125834,30,30,0,1.862645149230957e-09,30,0,-4.7721070959241185,1.8230851401845882e-06
high,2.0,p95_wait,185.68444444444447,50.67398898490629,93.61777777777779,13.660423955020853,-92.06666666666668,-108.99791859688877,-75.13541473644459,30,30,0,1.862645149230957e-09,30,0,-4.771854730335432,1.8253714562099788e-06
high,2.0,avg_slowdown,13.223106443559535,2.389769374101114,6.029611457754271,0.6855282808860735,-7.1934949858052635,-8.05036622995594,-6.336623741654587,30,30,0,1.862645149230957e-09,30,0,-4.771854730335432,1.8253714562099788e-06
high,2.0,p95_slowdown,30.384753086419757,6.076862163164688,14.779653679653682,2.179199734858841,-15.605099406766076,-17.567832008522352,-13.6423668050098,30,30,0,1.862645149230957e-09,30,0,-4.771854730335432,1.8253714562099788e-06
high,2.0,makespan_excess,310.8533333333329,63.18914112057192,98.1533333333329,20.774292616512216,-212.7,-235.34687931122863,-190.05312068877134,30,30,0,1.862645149230957e-09,30,0,-4.7721070959241185,1.8230851401845882e-06
high,2.0,avg_wait,63.25116666666666,13.907610131469948,39.33783333333333,4.589846305618022,-23.913333333333334,-27.87634467972509,-19.950321986941578,30,30,0,1.862645149230957e-09,30,0,-4.771854730335432,1.8253714562099788e-06
high,2.0,makespan,504.46666666666664,63.454970911137714,291.76666666666665,21.479233488752985,-212.7,-235.34687931122863,-190.05312068877134,30,30,0,1.862645149230957e-09,30,0,-4.772359501557063,1.820801213803236e-06
