profile,intensity,penalty,metric,baseline_mean,baseline_stdev,burst_aware_mean,burst_aware_stdev,mean_diff,ci95_lo,ci95_hi,wins,n_eff,ties,sign_p,wilcoxon_n,wilcoxon_z,wilcoxon_p
stacked_burst,low,0.0,p95_wait,7.4,0.6214554662658653,8.5,0.6822882392210131,1.1,0.8341771233995503,1.3658228766004499,0,25,5,5.960464477539063e-08,25,4.571549442388289,4.841310245584651e-06
stacked_burst,low,0.0,avg_slowdown,1.4267232315255665,0.03219279549157844,1.3824283610277488,0.030715380509935362,-0.0442948704978177,-0.0601012113958042,-0.028488529599831197,25,30,0,0.00032491423189640045,30,-4.072531192269032,4.650496977331997e-05
stacked_burst,low,0.0,p95_slowdown,2.263085491506544,0.1331869793421869,2.2445725108225107,0.1488608140750464,-0.01851298068403328,-0.0723545017473006,0.035328540379234045,16,27,3,0.44206833839416504,27,-0.8889570329284524,0.37402617215178724
stacked_burst,low,0.0,avg_wait,2.5751666666666666,0.08450141126482516,2.7720000000000002,0.11590424109344864,0.1968333333333334,0.16474346633590203,0.22892320033076474,0,30,0,1.862645149230957e-09,30,4.772233293734397,1.8219428783439184e-06
stacked_burst,low,0.0,makespan_excess,10.266666666666667,6.252907369753101,8.7,5.12027747092971,-1.5666666666666667,-3.655121544059093,0.5217882107257596,16,24,6,0.15158963203430176,24,-1.160820667059339,0.2457148364653874
stacked_burst,low,0.0,makespan,3340.7,7.42850985196154,3339.133333333333,6.344877561022578,-1.5666666666666667,-3.655121544059093,0.5217882107257596,16,24,6,0.15158963203430176,24,-1.160820667059339,0.2457148364653874
stacked_burst,low,0.0,RQ4_cost,384477.9,427481.6,387982.8333333333,427281.06666666665,0.9116085302518794,758.1666666666666,766.7,202.43333333333334,200.53333333333333,-0.9385806026675476,14.86486486486486,0,199.33333333333334,
stacked_burst,low,2.0,p95_wait,7.8,0.7611243951073873,8.8,0.9965457582448797,1.0,0.6899379001762285,1.3100620998237715,0,22,8,4.76837158203125e-07,22,4.290643842510462,1.7815584443248156e-05
stacked_burst,low,2.0,avg_slowdown,1.564740251258832,0.04024799582196483,1.5386382717901403,0.03659637314650481,-0.026101979468691756,-0.04243287898716716,-0.009771079950216352,19,30,0,0.20048842206597328,30,-2.817862491620492,0.0048344509358186905
stacked_burst,low,2.0,p95_slowdown,2.656072266513443,0.222781444515982,2.6560693394439525,0.2208999198073935,-2.9270694905066582e-06,-0.07985139892155935,0.07984554478257833,14,25,5,0.6900379657745361,25,-0.4978229214440954,0.6186088586261282
stacked_burst,low,2.0,avg_wait,2.615,0.12051613141415754,2.864333333333333,0.10833165339104163,0.24933333333333335,0.21002223582197033,0.2886444308446964,0,30,0,1.862645149230957e-09,30,4.7721070959241185,1.8230851401845882e-06
stacked_burst,low,2.0,makespan_excess,13.433333333333334,6.631603193763951,11.866666666666667,6.642254152762077,-1.5666666666666667,-3.788934609419514,0.6556012760861807,13,23,7,0.6776394844055176,23,-1.2334469199555471,0.2174090687861865
stacked_burst,low,2.0,makespan,3343.866666666667,8.190546835911773,3342.3,6.742300845383212,-1.5666666666666667,-3.788934609419514,0.6556012760861807,13,23,7,0.6776394844055176,23,-1.2334469199555471,0.2174090687861865
stacked_burst,low,2.0,RQ4_cost,382721,427886.93333333335,387022.13333333336,427686.4,1.1238299788444743,783.8333333333334,776.8333333333334,209,204.8,-2.009569377990425,12.820512820512834,0,199.6,
stacked_burst,medium,0.0,p95_wait,14.477777777777556,1.2885684632748091,12.155555555555363,1.4588436436096628,-2.322222222222192,-3.036400337150381,-1.6080441072940035,27,30,0,8.430331945419312e-06,30,-4.278214585817974,1.8839835739914434e-05
stacked_burst,medium,0.0,avg_slowdown,1.6203204652099996,0.05748204041580698,1.5311205007520658,0.05534964063610026,-0.08919996445793375,-0.11300701221937673,-0.06539291669649078,28,30,0,8.67992639541626e-07,30,-4.422192961302232,9.770413748944051e-06
stacked_burst,medium,0.0,p95_slowdown,2.8893200523755835,0.22337788654596252,2.6707480029048374,0.19738435875258553,-0.21857204947074607,-0.30646990476864316,-0.13067419417284898,26,30,0,5.947612226009369e-05,30,-3.8257111200103036,0.0001303951288380567
stacked_burst,medium,0.0,avg_wait,5.456666666666518,0.442575404316312,4.372333333333185,0.405042356235527,-1.084333333333333,-1.260283489708235,-0.908383176958431,29,29,1,3.725290298461914e-09,29,-4.692234653472647,2.7023691404615136e-06
stacked_burst,medium,0.0,makespan_excess,8.377777777778574,6.675128729129273,9.077777777778575,6.186552796547519,0.7,-1.4596665497992596,2.8596665497992593,13,29,1,0.711071103811264,29,1.1162729523753763,0.26430531561398474
stacked_burst,medium,0.0,makespan,760.6333333333333,8.126089670520091,761.3333333333334,7.077566956446862,0.7,-1.4596665497992596,2.8596665497992593,13,29,1,0.711071103811264,29,1.1162729523753763,0.26430531561398474
stacked_burst,medium,0.0,RQ4_cost,94695.13333333333,97233.06666666667,97894.76666666666,97322.66666666667,3.3788783232084416,763.9,758.2,313.73333333333335,300.4,-4.249893752656195,-16.039907904835037,0,132,
stacked_burst,medium,2.0,p95_wait,14.299999999999873,1.2935146217295115,11.85555555555532,1.5001489921747824,-2.444444444444553,-3.033048461785133,-1.8558404271039728,27,30,0,8.430331945419312e-06,30,-4.504466318721809,6.653994985228451e-06
stacked_burst,medium,2.0,avg_slowdown,1.8308700613551459,0.07501730627829842,1.7487251904278052,0.06744825866781827,-0.08214487092734071,-0.11017827012567175,-0.05411147172900968,26,30,0,5.947612226009369e-05,30,-4.2576462464630795,2.065905114267963e-05
stacked_burst,medium,2.0,p95_slowdown,3.5506924556924386,0.39190722853373,3.3428652650143564,0.2856921501069644,-0.20782719067808206,-0.3483330298156236,-0.06732135154054053,22,30,0,0.016124801710247993,30,-2.75615747355581,0.005848483237191893
stacked_burst,medium,2.0,avg_wait,5.373499999999852,0.36818633619530133,4.3318333333331855,0.3866035793758341,-1.0416666666666663,-1.212612800488354,-0.8707205328449785,30,30,0,1.862645149230957e-09,30,-4.771854730335432,1.8253714562099788e-06
stacked_burst,medium,2.0,makespan_excess,13.277777777778574,5.95711579608105,11.177777777778575,4.866598435463526,-2.1,-5.004257530200126,0.8042575302001262,17,29,1,0.45825831964612007,29,-1.418352086854167,0.15608799668164464
stacked_burst,medium,2.0,makespan,765.5333333333333,6.563920891606203,763.4333333333333,6.157044372286012,-2.1,-5.004257530200126,0.8042575302001262,17,29,1,0.45825831964612007,29,-1.418352086854167,0.15608799668164464
stacked_burst,medium,2.0,RQ4_cost,95398.2,97860.26666666666,97904.53333333334,97591.46666666666,2.6272333580018734,785,773.9666666666667,311.8333333333333,304.7,-2.2875467664350593,-17.094017094018003,0,132,
stacked_burst,high,0.0,p95_wait,21.72000000000001,6.282723376595525,16.508888888888926,3.4470925428138806,-5.211111111111083,-7.576226141569643,-2.845996080652522,25,30,0,0.00032491423189640045,30,-3.7845744413005153,0.00015397181680576466
stacked_burst,high,0.0,avg_slowdown,1.9216666279705001,0.3367118804817902,1.656245561472554,0.1929560941136979,-0.2654210664979461,-0.390780310648284,-0.14006182234760822,26,30,0,5.947612226009369e-05,30,-3.90798447742988,9.306928416652482e-05
stacked_burst,high,0.0,p95_slowdown,3.7182802934889323,1.0621485841418417,2.967856950712453,0.5800875920548872,-0.7504233427764792,-1.1609340085005917,-0.33991267705236655,24,30,0,0.001430906355381012,30,-3.7845744413005153,0.00015397181680576466
stacked_burst,high,0.0,avg_wait,10.172666666666661,3.0275528982536604,7.422999999999994,1.9636928324536618,-2.7496666666666667,-3.9095405539724926,-1.589792779360841,27,30,0,8.430331945419312e-06,30,-4.113667870978821,3.894216130140293e-05
stacked_burst,high,0.0,makespan_excess,10.653333333332903,5.163752236964001,9.519999999999568,3.8223139969379276,-1.1333333333333333,-2.98264864206549,0.7159819753988232,15,28,2,0.8505540192127228,28,-0.9607689228305227,0.33666836761003904
stacked_burst,high,0.0,makespan,204.26666666666668,5.812788121644074,203.13333333333333,4.336956928803749,-1.1333333333333333,-2.98264864206549,0.7159819753988232,15,28,2,0.8505540192127228,28,-0.9607689228305227,0.33666836761003904
stacked_burst,high,0.0,RQ4_cost,31983.966666666667,26018.133333333335,33880.7,25873.066666666666,5.930262975511678,721.4,754.1333333333333,367.9,356,-3.234574612666479,-23.992224268467226,0,52,
stacked_burst,high,2.0,p95_wait,33.9622222222222,7.4656748793965795,28.386666666666656,7.008290656860184,-5.575555555555546,-8.207863140709023,-2.9432479704020698,24,30,0,0.001430906355381012,30,-3.55832270839668,0.000373230585908102
stacked_burst,high,2.0,avg_slowdown,2.914790327739093,0.41712365551319874,2.5503163174136683,0.3311629974952114,-0.36447401032542504,-0.509846852605613,-0.2191011680452371,24,30,0,0.001430906355381012,30,-3.7845744413005153,0.00015397181680576466
stacked_burst,high,2.0,p95_slowdown,6.441110842064383,1.3415266249195017,5.403855379188718,1.0847891774230765,-1.0372554628756647,-1.4828177754118241,-0.5916931503395053,23,30,0,0.005222879350185394,30,-3.6611644051711507,0.0002510715764700855
stacked_burst,high,2.0,avg_wait,15.774833333333326,2.604438017127202,13.32066666666666,2.8554579921314875,-2.4541666666666666,-3.316068349920844,-1.5922649834124893,24,30,0,0.001430906355381012,30,-4.1959412283983974,2.717407109864567e-05
stacked_burst,high,2.0,makespan_excess,29.81999999999957,7.748561107309947,24.353333333332902,7.917663458117887,-5.466666666666667,-7.960177771184249,-2.9731555621490853,23,29,1,0.002315700054168701,29,-3.5179877236514594,0.0004348324782874613
stacked_burst,high,2.0,makespan,223.43333333333334,8.092922976208941,217.96666666666667,8.335562920127368,-5.466666666666667,-7.960177771184249,-2.9731555621490853,23,29,1,0.002315700054168701,29,-3.5179877236514594,0.0004348324782874613
stacked_burst,high,2.0,RQ4_cost,33128.066666666666,28471.466666666667,34276.333333333336,27771.733333333334,3.466144517941494,654.6666666666666,679.7666666666667,384.8333333333333,356.3333333333333,-7.405803378085752,-16.416933848066463,0,52.13333333333333,
bursty,high,0.0,p95_wait,4.395555555555528,1.4137727936740008,4.304444444444441,1.5484693550569069,-0.0911111111110858,-0.29157353468524316,0.10935131246307153,18,30,0,0.361594608053565,30,-1.2135320219387522,0.224926479146903
bursty,high,0.0,avg_slowdown,1.1214428213066727,0.03785493022202066,1.1234823782740175,0.04178682528699219,0.0020395569673448354,-0.003114291315197103,0.007193405249886774,15,30,0,1.0,30,0.020568339354894105,0.9835899966555259
bursty,high,0.0,p95_slowdown,1.4490947348454877,0.14419150405195846,1.4685882163527744,0.18415522383659347,0.019493481507286588,-0.025316498696721916,0.06430346171129508,17,28,2,0.34492845088243484,28,-0.39849990948360225,0.6902617250041088
bursty,high,0.0,avg_wait,1.1366666666666612,0.3115257226330901,1.1273333333333277,0.31663296856393397,-0.009333333333333324,-0.03600918751751904,0.01734252085085239,16,29,1,0.711071103811264,29,-0.6812901283861157,0.49568792835872744
bursty,high,0.0,makespan_excess,1.2399999999995714,1.2911250254788027,1.506666666666238,1.4821130199250827,0.26666666666666666,-0.25154843608537253,0.7848817694187058,5,14,16,0.4239501953125,14,0.9597850322264759,0.33716341694468355
bursty,high,0.0,makespan,194.03333333333333,1.828572711411701,194.3,1.9678449616530893,0.26666666666666666,-0.25154843608537253,0.7848817694187058,5,14,16,0.4239501953125,14,0.9597850322264759,0.33716341694468355
bursty,high,0.0,RQ4_cost,54097.7,24708.266666666666,55383.833333333336,24742.4,2.3774270132248483,817.1333333333333,812.8333333333334,101.4,106.43333333333334,4.963839579224192,-2.0728008088973247,0,40,
bursty,high,2.0,p95_wait,5.722222222222194,2.032161586881811,5.444444444444429,1.9404414186225356,-0.2777777777777658,-0.6044866178435062,0.048931062287974614,17,30,0,0.584664711728692,30,-1.3369420580681168,0.18124155087097016
bursty,high,2.0,avg_slowdown,1.2424876748449427,0.07101857325971594,1.246724828146723,0.06898599019987729,0.004237153301780191,-0.002070050500309481,0.010544357103869861,11,30,0,0.20048842206597328,30,1.2341003612936463,0.21716550893157582
bursty,high,2.0,p95_slowdown,1.8298358130351258,0.21875895327936704,1.8210860655860661,0.24040563883457106,-0.00874974744905969,-0.051449261390949186,0.03394976649282981,16,28,2,0.5715881884098053,28,-0.9222426476620509,0.3564020221540316
bursty,high,2.0,avg_wait,1.4923333333333277,0.5334932590682514,1.4519999999999944,0.44431647103926003,-0.040333333333333325,-0.09782233626639478,0.01715566959972812,15,30,0,1.0,30,-1.0903526506418062,0.27555783077112084
bursty,high,2.0,makespan_excess,4.306666666666238,3.5157271175037006,5.006666666666238,3.4146562630279598,0.7,-0.5252358006691527,1.9252358006691526,7,23,7,0.0931396484375,23,1.0906310870334548,0.27543524486888016
bursty,high,2.0,makespan,197.1,3.772404337124882,197.8,3.0103270529158856,0.7,-0.5252358006691527,1.9252358006691526,7,23,7,0.0931396484375,23,1.0906310870334548,0.27543524486888016
bursty,high,2.0,RQ4_cost,54135.46666666667,25100.8,55774.5,25190.4,3.0276516196406043,788.9333333333333,787.8,118.5,124.63333333333334,5.1758087201125225,-4.85436893203864,0,43.733333333333334,
heavy_tail,high,0.0,p95_wait,0.9333333333333442,0.0,0.9333333333333518,9.683921397553659e-15,7.579122514774402e-15,3.963492852158134e-15,1.119475217739067e-14,0,13,17,0.000244140625,13,3.3208297371220934,0.0008975027132112068
heavy_tail,high,0.0,avg_slowdown,1.0846959225449875,0.0014785999985644472,1.0853852743968393,0.0019231734549275245,0.0006893518518518456,0.0003506896947646766,0.0010280140089390147,0,14,16,0.0001220703125,14,3.2838466853434976,0.0010240061206681084
heavy_tail,high,0.0,p95_slowdown,1.1777777777777758,0.006392844019778175,1.1786666666666665,0.00664363838827789,0.000888888888890634,-0.0003741182600621621,0.00215189603784343,0,13,17,0.000244140625,13,3.1506301890630217,0.0016291862969701754
heavy_tail,high,0.0,avg_wait,0.4766666666666611,0.0,0.4803333333333277,0.004722165877509248,0.00366666666666667,0.0019035789341671138,0.005429754399166226,0,14,16,0.0001220703125,14,3.3435502337148573,0.0008271371749275502
heavy_tail,high,0.0,makespan_excess,0.43999999999969075,0.21698032115865631,0.43999999999969075,0.21698032115865631,0.0,0.0,0.0,0,0,30,1.0,0,0.0,1.0
heavy_tail,high,0.0,makespan,189.26666666666668,40.82589892443895,189.26666666666668,40.82589892443895,0,0,0,0,0,30,1.0,0,0.0,1.0
heavy_tail,high,0.0,RQ4_cost,54974.2,24098.133333333335,56087.63333333333,24098.133333333335,2.025374327108597,909.2,907.9666666666667,52.3,55,5.162523900573619,8.088767750840332e-13,0,30.933333333333334,
heavy_tail,high,2.0,p95_wait,0.9333333333333442,0.0,0.9333333333333513,8.948909594471424e-15,7.105427357601002e-15,3.764224796207234e-15,1.044662991899477e-14,0,13,17,0.000244140625,13,3.3812134054440506,0.0007216647116616848
heavy_tail,high,2.0,avg_slowdown,1.1769297110288623,0.006332202617498218,1.1822916228643037,0.0071113526568081864,0.0053619118354411984,0.003978257111253002,0.006745566559629395,1,29,1,1.1175870895385742e-07,29,4.67061145230457,3.0030449393869674e-06
heavy_tail,high,2.0,p95_slowdown,1.535555555555554,0.013598888092164474,1.5413827160493792,0.013852163734375578,0.00582716049382519,0.0013666413735209,0.01028767961412948,3,25,5,0.00015652179718017578,25,3.01357411710348,0.002581899663062881
heavy_tail,high,2.0,avg_wait,0.4766666666666611,0.0,0.4798333333333277,0.0038244524812852915,0.0031666666666666696,0.0017387529871840325,0.004594580346149306,0,14,16,0.0001220703125,14,3.3831202528882485,0.0007166724422247306
heavy_tail,high,2.0,makespan_excess,1.0733333333330242,0.999057026664978,1.0733333333330242,0.999057026664978,0.0,0.0,0.0,0,0,30,1.0,0,0.0,1.0
heavy_tail,high,2.0,makespan,189.9,40.58227063207741,189.9,40.58227063207741,0.0,0.0,0.0,0,0,30,1.0,0,0.0,1.0
heavy_tail,high,2.0,RQ4_cost,54977.6,24179.2,56064.36666666667,24179.2,1.9767444680500241,909.4,908.2666666666667,51.666666666666664,54.233333333333334,4.967741935483878,7.612957883143842e-13,0,30.666666666666668,
