profile,x_label,x_value,penalty,variant,p95_base,p95_variant,pct_change,pct_ci_half,wins,n_eff,ties,sign_p,wilcoxon_p,pct_extra_scan,pct_extra_mig,detector_fires
stacked_burst,burst_size,2,0.0,resets_true,4.000000000000003,4.000000000000003,0.0,0.0,0,0,30,1.0,1.0,0.0,0.0,0
stacked_burst,burst_size,2,0.0,resets_false,4.000000000000003,4.000000000000003,0.0,0.0,0,0,30,1.0,1.0,0.0,0.0,0
stacked_burst,burst_size,2,2.0,resets_true,3.97777777777778,3.97777777777778,0.0,0.0,0,0,30,1.0,1.0,0.0,0.0,0
stacked_burst,burst_size,2,2.0,resets_false,3.97777777777778,3.97777777777778,0.0,0.0,0,0,30,1.0,1.0,0.0,0.0,0
stacked_burst,burst_size,4,0.0,resets_true,7.844444444444433,6.099999999999977,-22.237960339943513,6.816727029929128,27,29,1,1.6242265701293945e-06,1.3799606049413882e-05,2.1407578019172138,-3.5405872193436974,18.7
stacked_burst,burst_size,4,0.0,resets_false,7.844444444444433,5.8555555555555445,-25.35410764872524,6.001459032124345,28,30,0,8.67992639541626e-07,9.244962582366512e-06,2.2114324471349223,-3.2815198618307404,18.933333333333334
stacked_burst,burst_size,4,2.0,resets_true,7.844444444444437,6.266666666666632,-20.113314447592433,8.598764445906932,25,29,1,0.00010371580719947815,0.00011863499294983981,1.6149973718972457,-6.855184233076258,18.666666666666668
stacked_burst,burst_size,4,2.0,resets_false,7.844444444444437,5.944444444444421,-24.220963172804762,8.448223307684712,26,29,1,1.5236437320709229e-05,2.2512327690238365e-05,1.357142229910702,-4.970008568980283,18.9
stacked_burst,burst_size,8,0.0,resets_true,12.188888888888814,10.822222222222182,-11.212397447584102,6.2675641060946194,21,30,0,0.04277394525706768,0.0017696814976799757,1.6174505992854213,-8.695652173913041,55.2
stacked_burst,burst_size,8,0.0,resets_false,12.188888888888814,10.95555555555545,-10.118505013673973,7.546872697773861,22,30,0,0.016124801710247993,0.0009279636566736915,1.7624451715396852,-7.601497264612725,55.5
stacked_burst,burst_size,8,2.0,resets_true,11.22222222222216,10.44444444444438,-6.930693069306977,4.806168201154422,20,30,0,0.09873714670538902,0.007968869877020612,1.949440556546705,-6.975397973950794,55.46666666666667
stacked_burst,burst_size,8,2.0,resets_false,11.22222222222216,10.344444444444392,-7.8217821782177746,4.4596888001344865,22,29,1,0.008130058646202087,0.0014251155574145358,1.8651612177490138,-7.612156295224312,55.36666666666667
stacked_burst,burst_size,12,0.0,resets_true,13.944444444444411,11.36666666666654,-18.48605577689315,6.071079183388186,27,30,0,8.430331945419312e-06,2.063825912745898e-05,2.4543871594486957,-4.817363684489145,95.93333333333334
stacked_burst,burst_size,12,0.0,resets_false,13.944444444444411,11.711111111111046,-16.015936254980343,4.6650472074315354,28,30,0,8.67992639541626e-07,1.180425709979005e-05,2.7332467408557446,-3.5292041644609236,96.03333333333333
stacked_burst,burst_size,12,2.0,resets_true,13.922222222222171,11.177777777777683,-19.712689545092164,5.4838960296189825,29,30,0,5.774199962615967e-08,3.3444726728060203e-06,3.5210668671719354,-5.048715677590788,95.9
stacked_burst,burst_size,12,2.0,resets_false,13.922222222222171,11.96666666666663,-14.046288906624053,8.110965014593994,24,30,0,0.001430906355381012,0.00037269619715774027,3.6496148706150477,-4.003542958370239,95.5
stacked_burst,burst_size,16,0.0,resets_true,16.18888888888861,13.9999999999999,-13.520933424844694,7.411469326895581,23,30,0,0.005222879350185394,0.0024983113929355483,3.8584367819858105,-3.775447254781016,137
stacked_burst,burst_size,16,0.0,resets_false,16.18888888888861,14.5555555555554,-10.08922443376742,7.017893285517143,20,29,1,0.06142834573984146,0.009465034254471538,4.207844759443493,-5.083281924737822,136.9
stacked_burst,burst_size,16,2.0,resets_true,15.722222222222031,13.611111111110953,-13.427561837455787,7.253009658575726,24,30,0,0.001430906355381012,0.0009279636566736915,2.792971341130563,-6.107697867726772,136.4
stacked_burst,burst_size,16,2.0,resets_false,15.722222222222031,13.822222222222026,-12.084805653710431,6.564380482095686,23,30,0,0.005222879350185394,0.0013335465161263826,3.07668391998321,-6.9268762799662555,136.2
stacked_burst,burst_size,24,0.0,resets_true,19.733333333333444,15.133333333332972,-23.310810810813074,4.518873243843295,29,30,0,5.774199962615967e-08,2.237270713356665e-06,4.483957354491142,-6.468124709167057,214.8
stacked_burst,burst_size,24,0.0,resets_false,19.733333333333444,15.866666666666475,-19.594594594596018,6.368722529227859,25,30,0,0.00032491423189640045,1.8839835739914434e-05,4.938399868401696,-5.3745928338762265,214.63333333333333
stacked_burst,burst_size,24,2.0,resets_true,19.711111111111105,14.8999999999997,-24.40811724915595,5.704716798137702,28,29,1,1.1175870895385742e-07,3.3356721051980287e-06,3.872789915489589,-7.101316192225283,214.53333333333333
stacked_burst,burst_size,24,2.0,resets_false,19.711111111111105,14.777777777777448,-25.02818489289906,6.784938738580647,27,30,0,8.430331945419312e-06,1.2977273282865909e-05,4.241506966581759,-7.453321089684732,214.7
stacked_burst,burst_size,32,0.0,resets_true,23.41111111111047,15.766666666665856,-32.65306122449141,5.04698623635496,30,30,0,1.862645149230957e-09,1.8253714562099788e-06,5.151678415067211,-7.403767403767411,292.8333333333333
stacked_burst,burst_size,32,0.0,resets_false,23.41111111111047,15.08888888888804,-35.54817275747694,4.214827150100385,30,30,0,1.862645149230957e-09,1.8253714562099788e-06,5.1071357511375215,-7.136227136227145,292.96666666666664
stacked_burst,burst_size,32,2.0,resets_true,23.38888888888824,15.266666666665797,-34.72684085510879,5.100922570547768,29,30,0,5.774199962615967e-08,2.0212661162588574e-06,3.8816277335853875,-9.434470860962843,292.6666666666667
stacked_burst,burst_size,32,2.0,resets_false,23.38888888888824,14.366666666665923,-38.574821852733066,3.9075334283380476,30,30,0,1.862645149230957e-09,1.8253714562099788e-06,3.3440338653491017,-9.078656531349399,292.6
stacked_burst,burst_size,48,0.0,resets_true,26.022222222221888,17.577777777777584,-32.450896669513114,4.889192492121537,30,30,0,1.862645149230957e-09,1.8253714562099788e-06,5.485713818720824,-6.249330428882613,453.56666666666666
stacked_burst,burst_size,48,0.0,resets_false,26.022222222221888,17.122222222221698,-34.20153714773815,4.242818121965359,30,30,0,1.862645149230957e-09,1.8253714562099788e-06,5.644326202132375,-5.692247259222226,453.96666666666664
stacked_burst,burst_size,48,2.0,resets_true,25.966666666666526,16.977777777777725,-34.61703038082998,4.434877956772139,30,30,0,1.862645149230957e-09,1.8253714562099788e-06,5.015324079002193,-6.308292965078454,453.5
stacked_burst,burst_size,48,2.0,resets_false,25.966666666666526,16.91111111111112,-34.8737697903291,4.2181033591205415,30,30,0,1.862645149230957e-09,1.8253714562099788e-06,5.0261703100040895,-5.95401634010557,453.53333333333336
stacked_burst,burst_size,64,0.0,resets_true,27.122222222222593,18.16666666666673,-33.0192544039335,3.7737891141504623,30,30,0,1.862645149230957e-09,1.8253714562099788e-06,5.790076187292708,-5.6675562131740955,613.8333333333334
stacked_burst,burst_size,64,0.0,resets_false,27.122222222222593,17.622222222222707,-35.026628430970014,4.071811544023485,30,30,0,1.862645149230957e-09,1.8253714562099788e-06,6.087051204335268,-5.47203212936296,613.7333333333333
stacked_burst,burst_size,64,2.0,resets_true,27.73333333333351,18.011111111111898,-35.056089743587314,4.688967751899886,30,30,0,1.862645149230957e-09,1.8253714562099788e-06,4.8377752780382925,-5.309782169686853,613.7666666666667
stacked_burst,burst_size,64,2.0,resets_false,27.73333333333351,17.47777777777772,-36.97916666666727,3.8199816719006083,30,30,0,1.862645149230957e-09,1.8253714562099788e-06,4.928066099347038,-5.290934058536848,613.6666666666666
bursty,burst_size,2,0.0,resets_true,1.0,1.0,0.0,0.0,0,0,30,1.0,1.0,0.0,0.0,0
bursty,burst_size,2,0.0,resets_false,1.0,1.0,0.0,0.0,0,0,30,1.0,1.0,0.0,0.0,0
bursty,burst_size,2,2.0,resets_true,1.0,1.0,0.0,0.0,0,0,30,1.0,1.0,0.0,0.0,0
bursty,burst_size,2,2.0,resets_false,1.0,1.0,0.0,0.0,0,0,30,1.0,1.0,0.0,0.0,0
bursty,burst_size,4,0.0,resets_true,0.9999999999999858,0.9999999999999858,0.0,0.0,0,0,30,1.0,1.0,0.0,0.0,0
bursty,burst_size,4,0.0,resets_false,0.9999999999999858,0.9999999999999858,0.0,0.0,0,0,30,1.0,1.0,0.0,0.0,0
bursty,burst_size,4,2.0,resets_true,0.9999999999999858,0.9999999999999858,0.0,0.0,0,0,30,1.0,1.0,0.0,0.0,0
bursty,burst_size,4,2.0,resets_false,0.9999999999999858,0.9999999999999858,0.0,0.0,0,0,30,1.0,1.0,0.0,0.0,0
bursty,burst_size,8,0.0,resets_true,0.9999999999999716,0.9999999999999716,0.0,0.0,0,0,30,1.0,1.0,0.06136403331693925,0.0,0.3
bursty,burst_size,8,0.0,resets_false,0.9999999999999716,0.9999999999999716,0.0,0.0,0,0,30,1.0,1.0,0.06136403331693925,0.0,0.3
bursty,burst_size,8,2.0,resets_true,0.9999999999999716,0.999999999999972,4.4408920985007524e-14,9.687065964196309e-14,0,1,29,1.0,1.0,0.06360562029205903,0.9302325581395315,0.3333333333333333
bursty,burst_size,8,2.0,resets_false,0.9999999999999716,0.999999999999972,4.4408920985007524e-14,9.687065964196309e-14,0,1,29,1.0,1.0,0.0637092125075169,0.9302325581395315,0.3333333333333333
bursty,burst_size,12,0.0,resets_true,0.9999999999999574,0.9999999999999584,9.992007221626835e-14,1.3461308323593805e-13,0,2,28,0.5,0.3457785861511602,0.09690126700124713,1.0204081632653024,0.43333333333333335
bursty,burst_size,12,0.0,resets_false,0.9999999999999574,0.9999999999999584,9.992007221626835e-14,1.3461308323593805e-13,0,2,28,0.5,0.3457785861511602,0.09717616421261417,1.0204081632653024,0.43333333333333335
bursty,burst_size,12,2.0,resets_true,0.9999999999999574,0.9999999999999578,4.4408920985008155e-14,9.687065964196445e-14,0,1,29,1.0,1.0,0.08936673106193388,0.3412969283276438,0.5333333333333333
bursty,burst_size,12,2.0,resets_false,0.9999999999999574,0.9999999999999578,4.4408920985008155e-14,9.687065964196445e-14,0,1,29,1.0,1.0,0.08954967216952986,0.3412969283276438,0.5333333333333333
bursty,burst_size,16,0.0,resets_true,0.9999999999999432,0.9999999999999446,1.4432899320127855e-13,1.618958691148404e-13,0,3,27,0.25,0.1489146731787656,0.1930373781991824,1.3215859030837076,1.0333333333333334
bursty,burst_size,16,0.0,resets_false,0.9999999999999432,0.9999999999999446,1.4432899320127855e-13,1.618958691148404e-13,0,3,27,0.25,0.1489146731787656,0.19336518525194638,1.3215859030837076,1.0333333333333334
bursty,burst_size,16,2.0,resets_true,0.9999999999999432,0.9999999999999442,9.992007221626977e-14,1.3461308323593997e-13,0,2,28,0.5,0.3457785861511602,0.20711358823165535,1.7316017316017254,1.3333333333333333
bursty,burst_size,16,2.0,resets_false,0.9999999999999432,0.9999999999999442,9.992007221626977e-14,1.3461308323593997e-13,0,2,28,0.5,0.3457785861511602,0.20735922601174275,1.7316017316017254,1.3333333333333333
bursty,burst_size,24,0.0,resets_true,0.9999999999997726,0.9999999999998105,3.785860513972645e-12,1.6089340827433492e-12,0,15,15,6.103515625e-05,0.0004431791340167024,0.40453220780115223,3.8310412573673998,4.5
bursty,burst_size,24,0.0,resets_false,0.9999999999997726,0.9999999999998105,3.785860513972645e-12,1.6089340827433492e-12,0,15,15,6.103515625e-05,0.0004431791340167024,0.4059656299497859,3.8310412573673998,4.5
bursty,burst_size,24,2.0,resets_true,0.9999999999997726,0.9999999999998048,3.219646771413686e-12,1.3287107201878783e-12,0,15,15,6.103515625e-05,0.0002528323246933084,0.4887168956948202,3.7073170731707297,4.7
bursty,burst_size,24,2.0,resets_false,0.9999999999997726,0.9999999999998048,3.219646771413686e-12,1.3287107201878783e-12,0,15,15,6.103515625e-05,0.0002528323246933084,0.49130793050979704,3.7073170731707297,4.7
bursty,burst_size,32,0.0,resets_true,0.9999999999996589,0.9999999999997271,6.816769371200786e-12,2.1872037159510887e-12,0,21,9,9.5367431640625e-07,4.7270932804099886e-05,0.8785488904037755,3.7938844847112136,11.766666666666667
bursty,burst_size,32,0.0,resets_false,0.9999999999996589,0.9999999999997271,6.816769371200786e-12,2.1872037159510887e-12,0,21,9,9.5367431640625e-07,4.7270932804099886e-05,0.8820328912910345,3.7938844847112136,11.766666666666667
bursty,burst_size,32,2.0,resets_true,0.9999999999996589,0.9999999999997329,7.394085344006064e-12,2.6231053905604712e-12,0,21,9,9.5367431640625e-07,4.6628650646862724e-05,1.008187013458192,4.7111609646663,12.066666666666666
bursty,burst_size,32,2.0,resets_false,0.9999999999996589,0.9999999999997329,7.394085344006064e-12,2.6231053905604712e-12,0,21,9,9.5367431640625e-07,4.6628650646862724e-05,1.011442980745027,4.7111609646663,12.066666666666666
bursty,burst_size,48,0.0,resets_true,0.9999999999999147,0.9999999999999477,3.2973623831369964e-12,1.7043740686258032e-12,5,24,6,0.006610751152038574,0.00037011842130407757,1.8026604018470356,4.543419874664269,37.9
bursty,burst_size,48,0.0,resets_false,0.9999999999999147,0.9999999999999472,3.2418512319057334e-12,1.731497342064989e-12,5,24,6,0.006610751152038574,0.0005662917953721536,1.812852576521805,4.610564010743066,37.93333333333333
bursty,burst_size,48,2.0,resets_true,1.02222222222204,1.0777777777776771,5.4347826087045945,6.460848065780992,1,23,7,5.7220458984375e-06,0.0002648314247153394,1.8161018510636389,4.950276243093923,36.03333333333333
bursty,burst_size,48,2.0,resets_false,1.02222222222204,1.0777777777776771,5.4347826087045945,6.460848065780992,1,23,7,5.7220458984375e-06,0.0002648314247153394,1.8197247197666644,4.972375690607735,36
bursty,burst_size,64,0.0,resets_true,1.8444444444451762,1.9555555555561288,6.024096385531186,5.413526148477021,9,30,0,0.04277394525706768,0.028481760577888204,2.3447877182936794,3.813710348105021,59.7
bursty,burst_size,64,0.0,resets_false,1.8444444444451762,1.9777777777785643,7.2289156626507065,4.885045877154269,7,30,0,0.005222879350185394,0.0034915470036287477,2.4211592170350165,3.766187477723653,60.36666666666667
bursty,burst_size,64,2.0,resets_true,2.2444444444442637,2.311111111111818,2.9702970297427513,4.46459939362303,10,29,1,0.13604594767093658,0.0359320324371768,2.178648402526467,3.777267508610803,54.8
bursty,burst_size,64,2.0,resets_false,2.2444444444442637,2.2555555555566094,0.4950495050055387,4.934606823011393,11,29,1,0.26493089646101,0.304358278725525,2.17359327978918,3.800229621125153,54.233333333333334
