workload,penalty,variant,seed,baseline_p95_wait,variant_p95_wait,baseline_p99_wait,variant_p99_wait,baseline_avg_wait,variant_avg_wait,baseline_avg_slowdown,variant_avg_slowdown,baseline_p95_slowdown,variant_p95_slowdown,baseline_makespan_excess,variant_makespan_excess,baseline_sched_cores_scanned,variant_sched_cores_scanned,baseline_burst_balance_levels_walked,variant_burst_balance_levels_walked,baseline_total_migrations,variant_total_migrations,detector_fires,recall,precision
bursty_high_s64,0.0,final,20400,60.9999999999998,57.533333333330745,90.86666666666437,83.06666666666413,18.251562499999046,18.739062499999044,4.9016843943638415,4.893555615906668,10.490476190476098,11.314814814814767,112.33333333333206,113.33333333333206,138021,143868,0,140,598,691,216,1.0,1.0
bursty_high_s64,0.0,final,20401,63.06666666666405,61.93333333333129,100.59999999999803,86.06666666666473,19.703124999999044,18.815624999999045,5.1082877518081125,5.082131248788306,11.53846153846134,11.599999999999739,121.73333333333193,118.73333333333193,136761,143013,0,128,569,679,222,0.9,1.0
bursty_high_s64,0.0,final,20402,64.13333333333111,59.799999999997056,121.5999999999975,98.59999999999849,18.828124999999044,17.654687499999046,5.011751168052294,4.955528544760017,12.29523809523785,12.011111111110871,111.26666666666546,112.26666666666546,138624,142960,0,128,676,654,199,0.9,1.0
bursty_high_s64,0.0,final,20403,57.933333333332484,59.86666666666491,91.99999999999812,86.2666666666641,18.335937499999044,18.715624999999044,4.789176650789312,4.881038237944564,11.707407407407329,12.17777777777772,109.26666666666546,113.26666666666546,137734,143468,0,128,634,721,227,1.0,1.0
bursty_high_s64,0.0,final,20404,65.79999999999853,65.40000000000023,129.46666666666414,110.06666666666473,19.798437499999046,19.553124999999046,5.3969830308313185,5.381477168994797,12.433333333333113,12.503703703703573,120.86666666666537,127.86666666666537,138533,143231,0,124,601,637,210,1.0,1.0
bursty_high_s64,0.0,final,20405,77.40000000000012,70.93333333333061,129.86666666666417,93.99999999999835,21.218749999999044,21.015624999999044,5.40280985322089,5.367708378902521,13.139393939393786,12.413333333333314,133.5333333333321,139.5333333333321,142658,146658,0,120,630,703,248,0.9,1.0
bursty_high_s64,0.0,final,20406,57.99999999999767,57.399999999997306,90.06666666666572,83.19999999999857,17.481249999999044,17.882812499999044,4.743427997511974,4.9119720236964985,11.08888888888876,10.573333333333354,112.26666666666546,107.26666666666546,139247,144044,0,128,670,719,231,1.0,1.0
bursty_high_s64,0.0,final,20407,65.93333333333061,59.13333333333284,102.33333333333081,91.59999999999769,19.687499999999044,19.504687499999044,5.254068466923493,5.087524694807205,11.983333333332972,11.39999999999987,120.9999999999988,122.9999999999988,137788,143887,0,128,597,740,230,0.9,1.0
bursty_high_s64,0.0,final,20408,55.73333333333133,63.06666666666382,96.73333333333193,97.79999999999885,18.343749999999044,19.143749999999045,4.942888293655312,4.962557097431263,11.24444444444434,11.23703703703679,118.6666666666651,113.6666666666651,139984,144572,0,144,682,747,219,1.0,1.0
bursty_high_s64,0.0,final,20409,68.19999999999703,75.93333333333268,105.66666666666396,121.59999999999849,21.003124999999045,21.879687499999044,5.374553941768756,5.456797868345834,11.859999999999769,12.199999999999791,130.26666666666523,130.26666666666523,141453,146322,0,136,611,749,224,1.0,1.0
bursty_high_s64,0.0,final,20410,63.7333333333317,62.933333333330836,112.79999999999785,97.26666666666364,19.684374999999044,19.779687499999046,5.170601590317757,5.007440302570881,11.038888888888671,11.302777777777763,121.53333333333211,117.53333333333211,139247,144909,0,144,646,672,232,1.0,1.0
bursty_high_s64,0.0,final,20411,65.13333333333355,57.399999999997306,95.93333333333354,90.06666666666553,19.510937499999045,18.076562499999046,5.089555425469646,5.140136818958177,11.916666666666451,12.016666666666481,124.53333333333211,119.53333333333211,141359,143843,0,136,663,636,241,0.9,1.0
bursty_high_s64,0.0,final,20412,57.133333333331336,60.4666666666668,90.3333333333307,104.53333333333075,17.540624999999046,17.710937499999044,4.909807791046432,4.778828834046264,11.629629629629328,10.741666666666337,101.53333333333211,105.53333333333211,136247,143244,0,124,618,683,237,0.9,1.0
bursty_high_s64,0.0,final,20413,73.39999999999822,55.933333333333536,114.66666666666532,93.66666666666396,22.299999999999045,18.781249999999044,5.262304862880619,5.293767526918472,11.83636363636365,12.173333333333142,124.73333333333193,128.73333333333193,138269,146332,0,140,698,740,243,0.9,1.0
bursty_high_s64,0.0,final,20414,64.13333333333085,63.466666666663855,94.73333333333053,118.99999999999781,19.306249999999046,19.142187499999046,4.623891413542044,4.730072819867637,11.266666666666342,11.566666666666428,117.86666666666537,116.86666666666537,138447,144123,0,112,696,719,240,1.0,1.0
bursty_high_s64,0.0,final,20415,60.06666666666473,64.73333333333153,96.5999999999969,96.06666666666541,19.749999999999044,20.856249999999044,5.18151340869735,5.124582497599837,12.099999999999843,11.948148148148128,122.19999999999862,119.19999999999862,138154,143493,0,136,680,665,257,0.9,1.0
bursty_high_s64,0.0,final,20416,67.33333333333357,67.06666666666496,92.13333333333088,100.93333333333061,21.462499999999046,20.421874999999044,5.4291424256443985,5.176086559392386,12.153846153845986,11.876190476190363,119.79999999999876,109.79999999999876,137976,142980,0,132,712,646,250,0.9,1.0
bursty_high_s64,0.0,final,20417,64.19999999999862,57.133333333333525,100.13333333333156,116.26666666666523,19.649999999999046,19.499999999999044,5.128004169558542,5.205424720728206,11.591666666666292,12.10303030303008,119.33333333333206,126.33333333333206,138736,144299,0,132,662,683,221,0.9,1.0
bursty_high_s64,0.0,final,20418,63.79999999999853,72.9999999999979,107.06666666666612,117.86666666666477,19.923437499999046,21.121874999999044,5.1152815306846735,5.195199271228985,11.059649122806897,11.66666666666642,129.73333333333193,128.73333333333193,139689,145003,0,128,647,707,247,0.9,1.0
bursty_high_s64,0.0,final,20419,76.79999999999805,63.39999999999853,110.86666666666397,81.99999999999761,21.629687499999044,18.687499999999044,5.275244919445406,5.224580268992768,12.299999999999836,11.866666666666632,129.53333333333188,127.53333333333188,141622,145199,0,132,616,658,240,0.9,1.0
bursty_high_s64,0.0,final,20420,66.59999999999928,62.26666666666489,113.333333333332,89.53333333333217,21.903124999999044,20.001562499999046,5.462952834393023,5.381446444427981,13.011111111110955,12.655555555555347,121.79999999999876,126.79999999999876,138857,145208,0,128,657,694,242,1.0,1.0
bursty_high_s64,0.0,final,20421,68.99999999999744,88.46666666666391,94.93333333333129,122.79999999999725,21.176562499999044,21.256249999999046,5.158533714946822,5.192288431028356,12.081481481481436,11.9761904761904,122.79999999999876,121.79999999999876,138548,142810,0,128,641,665,223,0.9,1.0
bursty_high_s64,0.0,final,20422,54.3333333333335,66.13333333333026,84.26666666666668,91.79999999999825,16.937499999999044,20.260937499999045,4.838622607218773,4.929163450842091,10.618181818181759,11.474999999999806,115.9999999999988,116.9999999999988,139662,144343,0,132,656,686,239,0.9,1.0
bursty_high_s64,0.0,final,20423,64.59999999999789,70.26666666666478,111.06666666666496,117.99999999999744,20.585937499999044,21.501562499999046,5.26021684381311,5.266626038959101,12.216666666666693,12.626666666666091,124.59999999999872,125.59999999999872,137827,144381,0,140,613,689,256,1.0,1.0
bursty_high_s64,0.0,final,20424,69.53333333333177,67.99999999999744,103.46666666666414,114.79999999999762,22.424999999999045,20.553124999999046,5.353621356806883,5.390424287718554,13.044444444444435,12.393333333333288,123.66666666666532,115.66666666666532,138098,142640,0,124,638,620,236,1.0,1.0
bursty_high_s64,0.0,final,20425,56.399999999999324,53.26666666666432,105.19999999999777,93.19999999999777,18.304687499999044,17.490624999999046,4.738706133495411,4.833649089523723,10.359999999999836,11.408333333332955,122.46666666666528,116.46666666666528,139054,142422,0,132,666,638,230,1.0,1.0
bursty_high_s64,0.0,final,20426,69.73333333333034,64.99999999999699,98.93333333333152,113.9999999999979,19.887499999999044,20.609374999999044,5.174648229478567,5.261993848373395,11.84848484848463,12.706666666666194,128.66666666666532,122.66666666666532,141984,143930,0,132,634,700,237,0.9,1.0
bursty_high_s64,0.0,final,20427,65.26666666666478,69.26666666666449,97.4666666666646,99.73333333333056,21.621874999999044,21.723437499999044,5.243445461442575,5.2910797569545585,12.166666666666679,12.05714285714269,112.79999999999876,120.79999999999876,139340,143690,0,144,695,677,270,1.0,1.0
bursty_high_s64,0.0,final,20428,66.06666666666433,61.39999999999708,105.73333333333125,112.33333333333138,18.790624999999046,19.860937499999046,5.010429572971115,5.062232266058291,11.872727272727053,11.584615384615146,127.06666666666541,125.06666666666541,141442,143472,0,136,596,714,239,1.0,1.0
bursty_high_s64,0.0,final,20429,64.66666666666396,64.06666666666473,87.7999999999974,114.73333333333133,20.243749999999046,20.040624999999046,5.141177464653547,5.205687796108654,12.761111111110907,12.481481481481202,117.13333333333202,110.13333333333202,139119,142826,0,128,667,672,235,1.0,1.0
bursty_high_s64,0.0,original_q2_a0.8_or,20400,60.9999999999998,61.46666666666482,90.86666666666437,98.13333333333065,18.251562499999046,18.698437499999045,4.9016843943638415,4.826966908543051,10.490476190476098,11.249999999999801,112.33333333333206,117.33333333333206,138021,147199,0,204,598,699,420,1.0,1.0
bursty_high_s64,0.0,original_q2_a0.8_or,20401,63.06666666666405,59.53333333333188,100.59999999999803,104.59999999999789,19.703124999999044,18.360937499999046,5.1082877518081125,5.048492810035509,11.53846153846134,12.255555555555162,121.73333333333193,127.73333333333193,136761,148217,0,220,569,747,406,1.0,1.0
bursty_high_s64,0.0,original_q2_a0.8_or,20402,64.13333333333111,66.79999999999745,121.5999999999975,151.13333333333065,18.828124999999044,19.618749999999046,5.011751168052294,5.142186813043002,12.29523809523785,12.133333333333116,111.26666666666546,111.26666666666546,138624,146299,0,204,676,667,409,1.0,1.0
bursty_high_s64,0.0,original_q2_a0.8_or,20403,57.933333333332484,55.66666666666487,91.99999999999812,96.99999999999812,18.335937499999044,17.445312499999044,4.789176650789312,4.660413361697456,11.707407407407329,11.105555555555307,109.26666666666546,105.26666666666546,137734,147211,0,224,634,630,405,1.0,1.0
bursty_high_s64,0.0,original_q2_a0.8_or,20404,65.79999999999853,65.5333333333312,129.46666666666414,93.19999999999771,19.798437499999046,19.901562499999045,5.3969830308313185,5.2316094527130526,12.433333333333113,11.84444444444432,120.86666666666537,125.86666666666537,138533,147861,0,204,601,769,442,1.0,1.0
bursty_high_s64,0.0,original_q2_a0.8_or,20405,77.40000000000012,67.19999999999737,129.86666666666417,109.99999999999835,21.218749999999044,21.885937499999045,5.40280985322089,5.356726746391955,13.139393939393786,11.812121212121069,133.5333333333321,131.5333333333321,142658,149471,0,208,630,799,437,1.0,1.0
bursty_high_s64,0.0,original_q2_a0.8_or,20406,57.99999999999767,66.866666666664,90.06666666666572,109.26666666666429,17.481249999999044,19.004687499999044,4.743427997511974,4.690247247327067,11.08888888888876,10.566666666665974,112.26666666666546,116.26666666666546,139247,147324,0,200,670,800,419,1.0,1.0
bursty_high_s64,0.0,original_q2_a0.8_or,20407,65.93333333333061,57.13333333333205,102.33333333333081,96.13333333333264,19.687499999999044,17.612499999999045,5.254068466923493,5.2512907935791855,11.983333333332972,12.7066666666667,120.9999999999988,118.9999999999988,137788,146338,0,224,597,682,402,1.0,1.0
bursty_high_s64,0.0,original_q2_a0.8_or,20408,55.73333333333133,63.999999999998124,96.73333333333193,99.73333333333193,18.343749999999044,19.129687499999044,4.942888293655312,5.036074342723171,11.24444444444434,11.822222222221898,118.6666666666651,121.6666666666651,139984,147253,0,212,682,716,414,1.0,1.0
bursty_high_s64,0.0,original_q2_a0.8_or,20409,68.19999999999703,95.73333333333125,105.66666666666396,166.2666666666641,21.003124999999045,23.839062499999045,5.374553941768756,5.360171403722152,11.859999999999769,12.533333333333104,130.26666666666523,128.26666666666523,141453,149802,0,196,611,829,429,1.0,1.0
bursty_high_s64,0.0,original_q2_a0.8_or,20410,63.7333333333317,56.59999999999758,112.79999999999785,83.13333333333354,19.684374999999044,17.598437499999044,5.170601590317757,5.025603442989078,11.038888888888671,11.044444444444396,121.53333333333211,119.53333333333211,139247,148097,0,220,646,643,415,1.0,1.0
bursty_high_s64,0.0,original_q2_a0.8_or,20411,65.13333333333355,61.59999999999829,95.93333333333354,90.33333333333042,19.510937499999045,18.949999999999044,5.089555425469646,5.066519331172463,11.916666666666451,11.175757575757329,124.53333333333211,116.53333333333211,141359,146960,0,220,663,685,432,1.0,1.0
bursty_high_s64,0.0,original_q2_a0.8_or,20412,57.133333333331336,57.53333333333157,90.3333333333307,78.59999999999826,17.540624999999046,17.043749999999044,4.909807791046432,4.873299699650131,11.629629629629328,11.447619047619062,101.53333333333211,104.53333333333211,136247,146897,0,212,618,713,409,1.0,1.0
bursty_high_s64,0.0,original_q2_a0.8_or,20413,73.39999999999822,71.99999999999744,114.66666666666532,109.59999999999849,22.299999999999045,22.106249999999044,5.262304862880619,5.242134847477519,11.83636363636365,11.755555555555581,124.73333333333193,129.73333333333193,138269,147430,0,180,698,805,442,1.0,1.0
bursty_high_s64,0.0,original_q2_a0.8_or,20414,64.13333333333085,56.266666666663866,94.73333333333053,95.73333333333053,19.306249999999046,17.923437499999046,4.623891413542044,4.67105105913215,11.266666666666342,9.853333333333346,117.86666666666537,116.86666666666537,138447,146644,0,216,696,668,403,1.0,1.0
bursty_high_s64,0.0,original_q2_a0.8_or,20415,60.06666666666473,63.66666666666481,96.5999999999969,100.13333333333085,19.749999999999044,19.215624999999044,5.18151340869735,5.301820172543508,12.099999999999843,12.512820512820278,122.19999999999862,131.19999999999862,138154,147481,0,224,680,649,428,1.0,1.0
bursty_high_s64,0.0,original_q2_a0.8_or,20416,67.33333333333357,74.86666666666491,92.13333333333088,114.33333333333184,21.462499999999046,22.754687499999044,5.4291424256443985,5.479139770953548,12.153846153845986,13.651851851851553,119.79999999999876,117.79999999999876,137976,145007,0,196,712,748,439,1.0,1.0
bursty_high_s64,0.0,original_q2_a0.8_or,20417,64.19999999999862,64.86666666666517,100.13333333333156,84.866666666664,19.649999999999046,19.570312499999044,5.128004169558542,5.115560210237524,11.591666666666292,11.812121212121069,119.33333333333206,123.33333333333206,138736,147059,0,224,662,656,422,1.0,1.0
bursty_high_s64,0.0,original_q2_a0.8_or,20418,63.79999999999853,66.59999999999849,107.06666666666612,95.99999999999821,19.923437499999046,19.721874999999045,5.1152815306846735,5.221622989548573,11.059649122806897,11.9999999999999,129.73333333333193,125.73333333333193,139689,145409,0,196,647,773,429,1.0,1.0
bursty_high_s64,0.0,original_q2_a0.8_or,20419,76.79999999999805,64.9999999999996,110.86666666666397,102.73333333333034,21.629687499999044,20.131249999999046,5.275244919445406,5.276791080917612,12.299999999999836,12.103703703703477,129.53333333333188,132.53333333333188,141622,149040,0,220,616,727,411,1.0,1.0
bursty_high_s64,0.0,original_q2_a0.8_or,20420,66.59999999999928,63.19999999999837,113.333333333332,116.73333333333355,21.903124999999044,19.098437499999044,5.462952834393023,5.340566970087292,13.011111111110955,12.217777777777606,121.79999999999876,129.79999999999876,138857,149931,0,228,657,701,413,1.0,1.0
bursty_high_s64,0.0,original_q2_a0.8_or,20421,68.99999999999744,60.266666666664776,94.93333333333129,108.33333333333184,21.176562499999044,19.712499999999046,5.158533714946822,5.202060650150786,12.081481481481436,11.253333333333117,122.79999999999876,126.79999999999876,138548,148195,0,208,641,651,416,1.0,1.0
bursty_high_s64,0.0,original_q2_a0.8_or,20422,54.3333333333335,53.59999999999988,84.26666666666668,80.06666666666496,16.937499999999044,17.957812499999044,4.838622607218773,4.981174268047901,10.618181818181759,11.61428571428551,115.9999999999988,114.9999999999988,139662,146440,0,208,656,673,412,1.0,1.0
bursty_high_s64,0.0,original_q2_a0.8_or,20423,64.59999999999789,64.79999999999865,111.06666666666496,88.1999999999984,20.585937499999044,19.139062499999046,5.26021684381311,5.172232714052487,12.216666666666693,11.822222222221898,124.59999999999872,116.59999999999872,137827,144991,0,200,613,641,426,1.0,1.0
bursty_high_s64,0.0,original_q2_a0.8_or,20424,69.53333333333177,74.13333333333202,103.46666666666414,98.39999999999992,22.424999999999045,22.643749999999045,5.353621356806883,5.459414841501195,13.044444444444435,12.672222222221967,123.66666666666532,116.66666666666532,138098,145847,0,216,638,640,430,1.0,1.0
bursty_high_s64,0.0,original_q2_a0.8_or,20425,56.399999999999324,62.866666666663775,105.19999999999777,81.33333333333061,18.304687499999044,19.157812499999046,4.738706133495411,4.992680199929011,10.359999999999836,11.949999999999406,122.46666666666528,115.46666666666528,139054,146891,0,208,666,694,438,1.0,1.0
bursty_high_s64,0.0,original_q2_a0.8_or,20426,69.73333333333034,72.93333333333149,98.93333333333152,107.99999999999835,19.887499999999044,20.737499999999045,5.174648229478567,5.367312441235435,11.84848484848463,13.41333333333338,128.66666666666532,123.66666666666532,141984,146492,0,208,634,631,434,1.0,1.0
bursty_high_s64,0.0,original_q2_a0.8_or,20427,65.26666666666478,68.20000000000016,97.4666666666646,95.73333333333102,21.621874999999044,20.939062499999046,5.243445461442575,5.093122495343162,12.166666666666679,12.26666666666651,112.79999999999876,113.79999999999876,139340,146215,0,204,695,690,435,1.0,1.0
bursty_high_s64,0.0,original_q2_a0.8_or,20428,66.06666666666433,57.199999999997715,105.73333333333125,91.26666666666429,18.790624999999046,18.323437499999045,5.010429572971115,5.036231900954613,11.872727272727053,12.25882352941162,127.06666666666541,126.06666666666541,141442,146900,0,220,596,658,406,1.0,1.0
bursty_high_s64,0.0,original_q2_a0.8_or,20429,64.66666666666396,71.13333333333225,87.7999999999974,153.73333333333073,20.243749999999046,22.306249999999046,5.141177464653547,5.0755153547140335,12.761111111110907,11.849999999999667,117.13333333333202,110.13333333333202,139119,145632,0,180,667,720,443,1.0,1.0
bursty_high_s64,0.0,runner_up_q4_a1.5_or,20400,60.9999999999998,70.26666666666489,90.86666666666437,120.59999999999826,18.251562499999046,21.826562499999046,4.9016843943638415,4.850203427453605,10.490476190476098,11.038095238094984,112.33333333333206,121.33333333333206,138021,145370,0,140,598,712,318,1.0,1.0
bursty_high_s64,0.0,runner_up_q4_a1.5_or,20401,63.06666666666405,62.266666666664776,100.59999999999803,96.79999999999845,19.703124999999044,18.703124999999044,5.1082877518081125,5.0501744587465565,11.53846153846134,11.207407407407212,121.73333333333193,119.73333333333193,136761,142079,0,132,569,703,292,0.9,1.0
bursty_high_s64,0.0,runner_up_q4_a1.5_or,20402,64.13333333333111,57.79999999999765,121.5999999999975,102.59999999999769,18.828124999999044,18.232812499999046,5.011751168052294,4.939205619650504,12.29523809523785,11.816666666666347,111.26666666666546,118.26666666666546,138624,143250,0,136,676,611,290,0.9,1.0
bursty_high_s64,0.0,runner_up_q4_a1.5_or,20403,57.933333333332484,67.13333333333043,91.99999999999812,119.5999999999973,18.335937499999044,20.524999999999046,4.789176650789312,4.776823448896994,11.707407407407329,11.859999999999781,109.26666666666546,103.26666666666546,137734,143745,0,136,634,666,278,1.0,1.0
bursty_high_s64,0.0,runner_up_q4_a1.5_or,20404,65.79999999999853,57.599999999997095,129.46666666666414,96.99999999999835,19.798437499999046,19.731249999999044,5.3969830308313185,5.371989937395714,12.433333333333113,12.370370370370047,120.86666666666537,127.86666666666537,138533,144024,0,136,601,667,283,1.0,1.0
bursty_high_s64,0.0,runner_up_q4_a1.5_or,20405,77.40000000000012,73.13333333333344,129.86666666666417,189.2666666666643,21.218749999999044,22.114062499999044,5.40280985322089,5.492931644219893,13.139393939393786,13.18095238095211,133.5333333333321,125.53333333333211,142658,148054,0,140,630,763,298,0.9,1.0
bursty_high_s64,0.0,runner_up_q4_a1.5_or,20406,57.99999999999767,75.9999999999988,90.06666666666572,112.79999999999762,17.481249999999044,20.198437499999045,4.743427997511974,4.828787959522784,11.08888888888876,11.561111111110861,112.26666666666546,112.26666666666546,139247,144967,0,144,670,726,298,1.0,1.0
bursty_high_s64,0.0,runner_up_q4_a1.5_or,20407,65.93333333333061,65.93333333333038,102.33333333333081,116.9999999999996,19.687499999999044,21.268749999999045,5.254068466923493,5.150464381595927,11.983333333332972,12.088888888888462,120.9999999999988,122.9999999999988,137788,143733,0,136,597,673,326,0.9,1.0
bursty_high_s64,0.0,runner_up_q4_a1.5_or,20408,55.73333333333133,60.133333333330455,96.73333333333193,95.73333333333193,18.343749999999044,17.968749999999044,4.942888293655312,5.13177834833373,11.24444444444434,11.952380952380597,118.6666666666651,116.6666666666651,139984,144767,0,144,682,682,276,1.0,1.0
bursty_high_s64,0.0,runner_up_q4_a1.5_or,20409,68.19999999999703,57.933333333330694,105.66666666666396,82.26666666666429,21.003124999999045,18.609374999999044,5.374553941768756,5.4254085018886276,11.859999999999769,12.174999999999965,130.26666666666523,130.26666666666523,141453,146458,0,160,611,650,310,1.0,1.0
bursty_high_s64,0.0,runner_up_q4_a1.5_or,20410,63.7333333333317,57.93333333333149,112.79999999999785,94.13333333333179,19.684374999999044,18.164062499999044,5.170601590317757,5.056226087894429,11.038888888888671,10.99333333333306,121.53333333333211,120.53333333333211,139247,146034,0,148,646,661,286,1.0,1.0
bursty_high_s64,0.0,runner_up_q4_a1.5_or,20411,65.13333333333355,58.79999999999808,95.93333333333354,81.93333333333084,19.510937499999045,19.032812499999046,5.089555425469646,5.043006055256485,11.916666666666451,11.238888888888814,124.53333333333211,123.53333333333211,141359,144646,0,152,663,652,302,0.9,1.0
bursty_high_s64,0.0,runner_up_q4_a1.5_or,20412,57.133333333331336,53.1999999999984,90.3333333333307,86.26666666666523,17.540624999999046,17.299999999999045,4.909807791046432,4.885519560713574,11.629629629629328,11.54285714285687,101.53333333333211,107.53333333333211,136247,142594,0,120,618,718,275,0.9,1.0
bursty_high_s64,0.0,runner_up_q4_a1.5_or,20413,73.39999999999822,68.46666666666437,114.66666666666532,108.93333333333197,22.299999999999045,20.878124999999045,5.262304862880619,5.22239766880063,11.83636363636365,11.383333333333141,124.73333333333193,126.73333333333193,138269,145683,0,136,698,710,298,0.9,1.0
bursty_high_s64,0.0,runner_up_q4_a1.5_or,20414,64.13333333333085,58.66666666666464,94.73333333333053,93.06666666666518,19.306249999999046,18.106249999999044,4.623891413542044,4.895434201619832,11.266666666666342,11.217777777777766,117.86666666666537,111.86666666666537,138447,142951,0,144,696,624,265,1.0,1.0
bursty_high_s64,0.0,runner_up_q4_a1.5_or,20415,60.06666666666473,65.66666666666421,96.5999999999969,105.06666666666672,19.749999999999044,21.296874999999044,5.18151340869735,5.356574326733811,12.099999999999843,12.519999999999794,122.19999999999862,120.19999999999862,138154,142896,0,132,680,667,328,0.9,1.0
bursty_high_s64,0.0,runner_up_q4_a1.5_or,20416,67.33333333333357,70.59999999999849,92.13333333333088,85.46666666666505,21.462499999999046,21.560937499999046,5.4291424256443985,5.3157477724269935,12.153846153845986,12.055555555555435,119.79999999999876,116.79999999999876,137976,143202,0,136,712,680,325,0.9,1.0
bursty_high_s64,0.0,runner_up_q4_a1.5_or,20417,64.19999999999862,65.99999999999858,100.13333333333156,90.26666666666686,19.649999999999046,19.924999999999045,5.128004169558542,5.060584248984269,11.591666666666292,11.313725490195988,119.33333333333206,129.33333333333206,138736,146607,0,152,662,778,315,1.0,1.0
bursty_high_s64,0.0,runner_up_q4_a1.5_or,20418,63.79999999999853,59.933333333332286,107.06666666666612,94.13333333333156,19.923437499999046,18.539062499999044,5.1152815306846735,5.352723741035702,11.059649122806897,11.829629629629384,129.73333333333193,122.73333333333193,139689,143245,0,136,647,686,291,0.9,1.0
bursty_high_s64,0.0,runner_up_q4_a1.5_or,20419,76.79999999999805,67.86666666666537,110.86666666666397,103.46666666666391,21.629687499999044,20.642187499999046,5.275244919445406,5.233109129363079,12.299999999999836,12.049999999999836,129.53333333333188,133.53333333333188,141622,147003,0,136,616,660,292,1.0,1.0
bursty_high_s64,0.0,runner_up_q4_a1.5_or,20420,66.59999999999928,62.599999999997124,113.333333333332,84.99999999999858,21.903124999999044,20.431249999999046,5.462952834393023,5.313083128747303,13.011111111110955,11.969696969696729,121.79999999999876,126.79999999999876,138857,146269,0,152,657,687,307,1.0,1.0
bursty_high_s64,0.0,runner_up_q4_a1.5_or,20421,68.99999999999744,71.19999999999897,94.93333333333129,132.86666666666537,21.176562499999044,20.710937499999044,5.158533714946822,5.3939191052951525,12.081481481481436,12.904166666666516,122.79999999999876,127.79999999999876,138548,146659,0,148,641,708,291,0.9,1.0
bursty_high_s64,0.0,runner_up_q4_a1.5_or,20422,54.3333333333335,66.06666666666382,84.26666666666668,94.53333333333075,16.937499999999044,19.203124999999044,4.838622607218773,5.063921525173159,10.618181818181759,11.655555555555315,115.9999999999988,111.9999999999988,139662,144123,0,152,656,695,291,0.9,1.0
bursty_high_s64,0.0,runner_up_q4_a1.5_or,20423,64.59999999999789,60.13333333333085,111.06666666666496,92.86666666666497,20.585937499999044,18.496874999999044,5.26021684381311,5.302259057488498,12.216666666666693,12.959999999999908,124.59999999999872,118.59999999999872,137827,142500,0,136,613,673,292,1.0,1.0
bursty_high_s64,0.0,runner_up_q4_a1.5_or,20424,69.53333333333177,68.66666666666396,103.46666666666414,109.93333333333229,22.424999999999045,20.826562499999046,5.353621356806883,5.398648628329065,13.044444444444435,12.845833333333285,123.66666666666532,122.66666666666532,138098,143649,0,144,638,699,284,1.0,1.0
bursty_high_s64,0.0,runner_up_q4_a1.5_or,20425,56.399999999999324,57.26666666666648,105.19999999999777,163.53333333333057,18.304687499999044,18.856249999999044,4.738706133495411,4.876788232541783,10.359999999999836,11.589743589743447,122.46666666666528,119.46666666666528,139054,143296,0,128,666,731,276,1.0,1.0
bursty_high_s64,0.0,runner_up_q4_a1.5_or,20426,69.73333333333034,65.93333333333106,98.93333333333152,115.93333333333089,19.887499999999044,20.401562499999045,5.174648229478567,5.154958041818804,11.84848484848463,12.219999999999771,128.66666666666532,120.66666666666532,141984,143292,0,140,634,670,296,0.9,1.0
bursty_high_s64,0.0,runner_up_q4_a1.5_or,20427,65.26666666666478,64.13333333333354,97.4666666666646,100.46666666666445,21.621874999999044,20.071874999999046,5.243445461442575,5.26066418761172,12.166666666666679,11.611111111110867,112.79999999999876,110.79999999999876,139340,144215,0,156,695,687,304,1.0,1.0
bursty_high_s64,0.0,runner_up_q4_a1.5_or,20428,66.06666666666433,63.06666666666533,105.73333333333125,105.66666666666441,18.790624999999046,19.087499999999046,5.010429572971115,5.114473617923915,11.872727272727053,12.566666666666558,127.06666666666541,127.06666666666541,141442,148034,0,164,596,645,306,1.0,1.0
bursty_high_s64,0.0,runner_up_q4_a1.5_or,20429,64.66666666666396,79.93333333333129,87.7999999999974,147.73333333333073,20.243749999999046,22.331249999999045,5.141177464653547,5.305820551863718,12.761111111110907,12.944444444444484,117.13333333333202,121.13333333333202,139119,145275,0,136,667,716,313,1.0,1.0
bursty_high_s64,2.0,final,20400,62.79999999999717,68.39999999999844,95.79999999999924,111.33333333333115,21.051562499999044,22.290624999999046,6.440128555033698,6.19061580011273,14.37666666666666,14.155555555555216,160.33333333333206,158.33333333333206,145020,148697,0,124,679,609,236,1.0,1.0
bursty_high_s64,2.0,final,20401,71.39999999999912,83.73333333333147,109.13333333333134,127.93333333333175,22.176562499999044,24.195312499999044,6.448826929240371,6.348996113300278,14.119999999999862,14.882051282051087,165.73333333333193,170.73333333333193,143567,148024,0,108,602,664,242,0.9,1.0
bursty_high_s64,2.0,final,20402,68.5333333333312,94.3333333333328,96.86666666666491,129.53333333333356,20.640624999999044,24.334374999999046,6.384761970738607,6.459041450768598,15.659259259259033,15.923809523809464,151.26666666666546,153.26666666666546,141841,147951,0,128,578,629,207,0.9,1.0
bursty_high_s64,2.0,final,20403,65.5999999999978,85.19999999999817,94.46666666666405,127.46666666666391,21.051562499999044,25.128124999999045,6.0560152999520955,6.259206753519592,13.879999999999427,15.311111111110705,151.26666666666546,156.26666666666546,143597,147636,0,112,638,691,253,1.0,1.0
bursty_high_s64,2.0,final,20404,71.73333333333153,81.7999999999983,107.33333333333184,153.99999999999835,23.271874999999046,26.409374999999045,6.745966736712286,6.734290771188094,15.561904761904794,16.52222222222181,176.86666666666537,171.86666666666537,146582,149793,0,128,642,666,281,1.0,1.0
bursty_high_s64,2.0,final,20405,83.80000000000004,100.4666666666646,148.99999999999721,199.2666666666639,25.132812499999044,28.257812499999044,6.743523817632479,6.65711418378356,16.12380952380938,15.294736842105163,175.5333333333321,167.5333333333321,146696,149403,0,112,646,646,256,0.9,1.0
bursty_high_s64,2.0,final,20406,84.73333333333113,80.53333333333237,136.9333333333313,142.73333333333147,24.242187499999044,23.629687499999044,6.067067106989765,6.387723274125895,14.496296296296183,16.260606060605852,145.26666666666546,162.26666666666546,143858,150100,0,128,587,798,265,1.0,1.0
bursty_high_s64,2.0,final,20407,85.86666666666477,61.933333333330495,126.33333333333115,111.93333333333106,24.518749999999045,20.373437499999046,6.565807399442423,6.587833616356582,15.138095238095035,13.939393939393959,165.9999999999988,165.9999999999988,145480,149532,0,136,743,685,238,0.9,1.0
bursty_high_s64,2.0,final,20408,85.06666666666493,66.79999999999924,122.39999999999844,113.73333333333193,26.370312499999045,22.442187499999044,6.43402204226943,6.621135112018618,16.24444444444424,15.948148148148086,154.6666666666651,161.6666666666651,143586,149871,0,124,637,703,249,1.0,1.0
bursty_high_s64,2.0,final,20409,82.19999999999797,79.46666666666437,137.53333333333075,122.6666666666654,24.904687499999046,25.209374999999046,6.758743433197239,6.872847734464925,14.33888888888876,15.366666666666287,171.26666666666523,171.26666666666523,144536,150542,0,152,640,681,278,1.0,1.0
bursty_high_s64,2.0,final,20410,81.6666666666656,80.26666666666688,120.13333333333225,107.53333333333075,23.424999999999045,23.187499999999044,6.358198861672917,6.47829722741241,14.012499999999935,14.887719298245555,167.5333333333321,158.5333333333321,145152,150514,0,144,626,655,253,1.0,1.0
bursty_high_s64,2.0,final,20411,84.19999999999862,74.79999999999717,123.7999999999983,125.59999999999829,24.060937499999046,24.628124999999045,6.5196257766010195,6.787207659620256,15.142857142857142,15.533333333333061,165.5333333333321,157.5333333333321,146116,149653,0,136,646,652,271,0.9,1.0
bursty_high_s64,2.0,final,20412,76.93333333333152,68.99999999999721,135.1999999999984,140.5999999999971,23.492187499999044,22.149999999999046,6.213851551982197,6.6108367159424475,14.124999999999826,15.969230769230546,142.5333333333321,155.5333333333321,143301,149153,0,140,681,779,232,0.9,1.0
bursty_high_s64,2.0,final,20413,82.46666666666505,75.39999999999773,133.6000000000002,121.33333333333042,24.14843749999904,23.765624999999044,6.3689728240242625,6.826915967887355,13.257142857142465,14.766666666666316,166.73333333333193,170.73333333333193,143881,150031,0,132,658,686,268,0.9,1.0
bursty_high_s64,2.0,final,20414,68.86666666666457,72.1999999999984,117.39999999999708,111.39999999999853,23.776562499999045,22.270312499999044,5.979951830936369,6.270399180891073,14.358333333333057,15.046153846153668,159.86666666666537,157.86666666666537,144608,148497,0,144,570,683,265,1.0,1.0
bursty_high_s64,2.0,final,20415,75.20000000000022,82.79999999999694,130.7333333333317,175.79999999999964,23.781249999999044,24.042187499999045,6.53386181939656,6.369154348206164,14.975757575757344,14.71014492753621,161.19999999999862,157.19999999999862,144833,146763,0,136,608,663,221,0.9,1.0
bursty_high_s64,2.0,final,20416,80.26666666666429,71.53333333333052,108.53333333333077,114.53333333333029,24.017187499999046,23.874999999999044,6.787054231223135,6.864325338791213,14.988888888888416,16.53333333333314,160.79999999999876,159.79999999999876,144334,149220,0,128,603,711,265,0.9,1.0
bursty_high_s64,2.0,final,20417,77.53333333333052,74.33333333333161,123.06666666666518,135.86666666666378,24.087499999999046,23.115624999999046,6.403423849079099,6.546509619348934,14.585185185184976,14.539393939393795,162.33333333333206,161.33333333333206,144089,149253,0,124,597,692,269,0.9,1.0
bursty_high_s64,2.0,final,20418,77.26666666666648,80.3333333333307,102.53333333333097,142.79999999999885,23.726562499999044,24.229687499999045,6.664356364910011,6.562820525665747,15.742857142856796,15.594444444444456,168.73333333333193,167.73333333333193,144898,149249,0,136,638,627,242,0.9,1.0
bursty_high_s64,2.0,final,20419,73.86666666666468,80.53333333333188,122.99999999999744,111.59999999999826,23.521874999999046,25.579687499999046,6.434985238908975,6.532713054373469,14.210526315789485,15.096296296296108,168.53333333333188,173.53333333333188,146483,149817,0,132,641,657,263,0.9,1.0
bursty_high_s64,2.0,final,20420,75.59999999999712,76.46666666666465,132.19999999999857,100.86666666666423,24.823437499999045,22.796874999999044,6.895064727469079,6.73767630128598,16.123809523809282,15.566666666666574,163.79999999999876,173.79999999999876,144368,149690,0,140,653,733,265,1.0,1.0
bursty_high_s64,2.0,final,20421,88.86666666666514,81.53333333333057,150.39999999999844,138.93333333333084,25.039062499999044,24.206249999999045,6.45488300914854,6.222527573855659,14.781818181818062,13.758974358974172,160.79999999999876,164.79999999999876,144952,149006,0,124,582,623,250,0.9,1.0
bursty_high_s64,2.0,final,20422,61.06666666666689,77.99999999999699,104.93333333333197,112.1999999999984,21.268749999999045,23.189062499999046,6.22457056682157,6.440042168448819,14.271111111111075,15.112820512820283,158.9999999999988,152.9999999999988,144696,148929,0,136,652,649,251,0.9,1.0
bursty_high_s64,2.0,final,20423,62.46666666666425,85.19999999999817,107.33333333333354,126.53333333333188,20.759374999999046,23.956249999999045,6.480071131957423,6.379705466618977,13.895833333333151,14.593939393939324,153.59999999999872,162.59999999999872,141647,149805,0,144,579,602,251,1.0,1.0
bursty_high_s64,2.0,final,20424,70.0666666666636,85.26666666666648,114.39999999999822,139.79999999999762,24.346874999999045,25.515624999999044,6.870094596265669,6.915115827671732,15.133333333333294,15.753333333333316,162.66666666666532,159.66666666666532,143782,149428,0,144,613,656,278,1.0,1.0
bursty_high_s64,2.0,final,20425,71.06666666666541,82.9999999999979,105.39999999999753,207.6666666666664,22.553124999999046,24.901562499999045,6.5142726636333474,6.538517552380097,15.560000000000048,15.746666666666712,151.46666666666528,159.46666666666528,141642,148919,0,132,590,691,233,1.0,1.0
bursty_high_s64,2.0,final,20426,85.53333333333097,82.13333333333046,143.39999999999867,126.99999999999835,24.587499999999046,24.503124999999045,6.581714304274454,6.492019586780655,15.883333333333042,15.424242424242179,166.66666666666532,163.66666666666532,145332,149463,0,124,609,693,278,0.9,1.0
bursty_high_s64,2.0,final,20427,70.13333333333134,79.59999999999803,93.19999999999771,127.93333333333169,22.973437499999044,25.057812499999045,6.546933543705618,6.741138206697539,15.72941176470583,15.866666666666319,151.79999999999876,157.79999999999876,143011,149948,0,148,603,635,297,1.0,1.0
bursty_high_s64,2.0,final,20428,77.60000000000008,71.26666666666429,126.40000000000012,129.66666666666373,22.684374999999044,22.476562499999044,6.264326164340757,6.448103187449054,13.890196078431261,15.47843137254891,162.0666666666654,170.0666666666654,144384,151452,0,136,610,732,264,1.0,1.0
bursty_high_s64,2.0,final,20429,79.79999999999853,72.86666666666378,114.59999999999849,118.79999999999876,24.690624999999045,23.021874999999046,6.500527272759355,6.452668272864161,16.140740740740764,15.053333333333091,152.13333333333202,155.13333333333202,143208,149233,0,140,637,713,258,1.0,1.0
bursty_high_s64,2.0,original_q2_a0.8_or,20400,62.79999999999717,71.73333333333153,95.79999999999924,109.86666666666378,21.051562499999044,23.201562499999046,6.440128555033698,6.445698250218801,14.37666666666666,15.028571428571462,160.33333333333206,154.33333333333206,145020,149963,0,208,679,647,447,1.0,1.0
bursty_high_s64,2.0,original_q2_a0.8_or,20401,71.39999999999912,90.33333333333115,109.13333333333134,138.46666666666385,22.176562499999044,24.212499999999046,6.448826929240371,6.506163314366252,14.119999999999862,15.096969696969522,165.73333333333193,165.73333333333193,143567,151895,0,220,602,674,438,1.0,1.0
bursty_high_s64,2.0,original_q2_a0.8_or,20402,68.5333333333312,72.2666666666641,96.86666666666491,109.39999999999813,20.640624999999044,20.881249999999046,6.384761970738607,6.494458327471163,15.659259259259033,17.044444444444245,151.26666666666546,152.26666666666546,141841,149630,0,212,578,608,419,1.0,1.0
bursty_high_s64,2.0,original_q2_a0.8_or,20403,65.5999999999978,69.86666666666656,94.46666666666405,102.4666666666646,21.051562499999044,22.157812499999046,6.0560152999520955,6.388256038298782,13.879999999999427,14.533333333332882,151.26666666666546,153.26666666666546,143597,151394,0,200,638,688,433,1.0,1.0
bursty_high_s64,2.0,original_q2_a0.8_or,20404,71.73333333333153,89.53333333333336,107.33333333333184,139.06666666666672,23.271874999999046,24.804687499999044,6.745966736712286,6.827811838636222,15.561904761904794,15.959999999999752,176.86666666666537,172.86666666666537,146582,154176,0,208,642,741,451,1.0,1.0
bursty_high_s64,2.0,original_q2_a0.8_or,20405,83.80000000000004,76.39999999999992,148.99999999999721,144.5333333333312,25.132812499999044,23.520312499999044,6.743523817632479,6.798139831805779,16.12380952380938,14.92727272727254,175.5333333333321,182.5333333333321,146696,154723,0,204,646,710,427,1.0,1.0
bursty_high_s64,2.0,original_q2_a0.8_or,20406,84.73333333333113,90.33333333333138,136.9333333333313,133.33333333333093,24.242187499999044,23.860937499999046,6.067067106989765,5.985454728338906,14.496296296296183,13.541666666666686,145.26666666666546,153.26666666666546,143858,151904,0,212,587,690,421,1.0,1.0
bursty_high_s64,2.0,original_q2_a0.8_or,20407,85.86666666666477,71.39999999999893,126.33333333333115,118.86666666666497,24.518749999999045,21.964062499999045,6.565807399442423,6.510653790714694,15.138095238095035,14.761904761904345,165.9999999999988,155.9999999999988,145480,150854,0,224,743,634,431,1.0,1.0
bursty_high_s64,2.0,original_q2_a0.8_or,20408,85.06666666666493,71.46666666666482,122.39999999999844,102.39999999999844,26.370312499999045,22.089062499999045,6.43402204226943,6.217618318259744,16.24444444444424,14.413333333333338,154.6666666666651,162.6666666666651,143586,152940,0,192,637,716,445,1.0,1.0
bursty_high_s64,2.0,original_q2_a0.8_or,20409,82.19999999999797,101.66666666666396,137.53333333333075,143.9999999999978,24.904687499999046,26.265624999999044,6.758743433197239,6.68000308178007,14.33888888888876,14.681481481481383,171.26666666666523,173.26666666666523,144536,152910,0,208,640,715,433,1.0,1.0
bursty_high_s64,2.0,original_q2_a0.8_or,20410,81.6666666666656,73.266666666665,120.13333333333225,94.86666666666537,23.424999999999045,22.306249999999046,6.358198861672917,6.434146802540832,14.012499999999935,14.933333333333183,167.5333333333321,161.5333333333321,145152,153426,0,208,626,671,444,1.0,1.0
bursty_high_s64,2.0,original_q2_a0.8_or,20411,84.19999999999862,72.66666666666464,123.7999999999983,129.26666666666569,24.060937499999046,24.274999999999046,6.5196257766010195,6.482568013327672,15.142857142857142,15.114814814814805,165.5333333333321,158.5333333333321,146116,153396,0,208,646,724,453,1.0,1.0
bursty_high_s64,2.0,original_q2_a0.8_or,20412,76.93333333333152,80.40000000000012,135.1999999999984,134.33333333333115,23.492187499999044,23.496874999999044,6.213851551982197,6.545541523318586,14.124999999999826,15.890909090908814,142.5333333333321,158.5333333333321,143301,154533,0,216,681,935,436,1.0,1.0
bursty_high_s64,2.0,original_q2_a0.8_or,20413,82.46666666666505,78.46666666666505,133.6000000000002,138.46666666666437,24.14843749999904,24.548437499999046,6.3689728240242625,7.369888152319852,13.257142857142465,17.89629629629632,166.73333333333193,172.73333333333193,143881,151895,0,196,658,762,444,1.0,1.0
bursty_high_s64,2.0,original_q2_a0.8_or,20414,68.86666666666457,65.79999999999845,117.39999999999708,97.39999999999708,23.776562499999045,21.093749999999044,5.979951830936369,6.340917947432234,14.358333333333057,14.64444444444447,159.86666666666537,155.86666666666537,144608,150962,0,220,570,709,440,1.0,1.0
bursty_high_s64,2.0,original_q2_a0.8_or,20415,75.20000000000022,76.13333333333085,130.7333333333317,136.33333333333184,23.781249999999044,23.584374999999046,6.53386181939656,6.689770509008504,14.975757575757344,16.233333333333253,161.19999999999862,168.19999999999862,144833,150846,0,188,608,683,439,1.0,1.0
bursty_high_s64,2.0,original_q2_a0.8_or,20416,80.26666666666429,100.26666666666478,108.53333333333077,140.39999999999733,24.017187499999046,26.524999999999046,6.787054231223135,6.792704655371584,14.988888888888416,16.420512820512837,160.79999999999876,163.79999999999876,144334,150774,0,196,603,711,437,1.0,1.0
bursty_high_s64,2.0,original_q2_a0.8_or,20417,77.53333333333052,90.53333333333237,123.06666666666518,136.9333333333305,24.087499999999046,24.943749999999042,6.403423849079099,6.663934238605281,14.585185185184976,14.327272727272572,162.33333333333206,169.33333333333206,144089,152986,0,216,597,772,439,1.0,1.0
bursty_high_s64,2.0,original_q2_a0.8_or,20418,77.26666666666648,64.86666666666477,102.53333333333097,96.39999999999912,23.726562499999044,20.768749999999045,6.664356364910011,6.533127622113016,15.742857142856796,14.858333333333142,168.73333333333193,162.73333333333193,144898,150939,0,188,638,661,432,1.0,1.0
bursty_high_s64,2.0,original_q2_a0.8_or,20419,73.86666666666468,80.93333333333084,122.99999999999744,136.33333333333061,23.521874999999046,24.189062499999046,6.434985238908975,6.48022713411965,14.210526315789485,14.377777777777561,168.53333333333188,170.53333333333188,146483,152159,0,204,641,591,449,1.0,1.0
bursty_high_s64,2.0,original_q2_a0.8_or,20420,75.59999999999712,73.13333333333304,132.19999999999857,165.79999999999905,24.823437499999045,23.506249999999042,6.895064727469079,7.076413457018404,16.123809523809282,18.05555555555555,163.79999999999876,173.79999999999876,144368,152843,0,216,653,743,452,1.0,1.0
bursty_high_s64,2.0,original_q2_a0.8_or,20421,88.86666666666514,75.40000000000019,150.39999999999844,111.53333333333117,25.039062499999044,23.410937499999044,6.45488300914854,6.523541945527919,14.781818181818062,14.22666666666621,160.79999999999876,161.79999999999876,144952,151113,0,188,582,668,450,1.0,1.0
bursty_high_s64,2.0,original_q2_a0.8_or,20422,61.06666666666689,76.33333333333348,104.93333333333197,130.5999999999985,21.268749999999045,22.609374999999044,6.22457056682157,6.3012171609708085,14.271111111111075,14.190476190475973,158.9999999999988,153.9999999999988,144696,150245,0,204,652,639,444,1.0,1.0
bursty_high_s64,2.0,original_q2_a0.8_or,20423,62.46666666666425,70.2666666666641,107.33333333333354,124.06666666666374,20.759374999999046,23.362499999999045,6.480071131957423,6.555905282541913,13.895833333333151,15.48666666666649,153.59999999999872,163.59999999999872,141647,150402,0,196,579,661,451,1.0,1.0
bursty_high_s64,2.0,original_q2_a0.8_or,20424,70.0666666666636,89.33333333333347,114.39999999999822,161.73333333333073,24.346874999999045,27.234374999999044,6.870094596265669,7.025901286657207,15.133333333333294,17.641025641025646,162.66666666666532,159.66666666666532,143782,152721,0,208,613,653,453,1.0,1.0
bursty_high_s64,2.0,original_q2_a0.8_or,20425,71.06666666666541,80.66666666666382,105.39999999999753,191.39999999999793,22.553124999999046,23.928124999999046,6.5142726636333474,6.459881256269338,15.560000000000048,15.28888888888881,151.46666666666528,159.46666666666528,141642,151208,0,208,590,727,450,1.0,1.0
bursty_high_s64,2.0,original_q2_a0.8_or,20426,85.53333333333097,77.53333333333237,143.39999999999867,116.60000000000016,24.587499999999046,21.743749999999046,6.581714304274454,6.573303096256913,15.883333333333042,16.257575757575765,166.66666666666532,159.66666666666532,145332,151862,0,204,609,688,419,1.0,1.0
bursty_high_s64,2.0,original_q2_a0.8_or,20427,70.13333333333134,91.39999999999822,93.19999999999771,114.06666666666473,22.973437499999044,26.931249999999046,6.546933543705618,6.608347599332644,15.72941176470583,15.228070175438608,151.79999999999876,161.79999999999876,143011,152367,0,184,603,641,459,1.0,1.0
bursty_high_s64,2.0,original_q2_a0.8_or,20428,77.60000000000008,64.39999999999708,126.40000000000012,109.06666666666453,22.684374999999044,20.895312499999044,6.264326164340757,6.429184863947141,13.890196078431261,15.241666666666497,162.0666666666654,175.0666666666654,144384,153713,0,204,610,756,441,1.0,1.0
bursty_high_s64,2.0,original_q2_a0.8_or,20429,79.79999999999853,78.9999999999979,114.59999999999849,120.66666666666396,24.690624999999045,23.353124999999046,6.500527272759355,6.717818195339747,16.140740740740764,15.581818181817937,152.13333333333202,158.13333333333202,143208,152604,0,200,637,737,430,1.0,1.0
bursty_high_s64,2.0,runner_up_q4_a1.5_or,20400,62.79999999999717,70.93333333333109,95.79999999999924,107.46666666666644,21.051562499999044,21.664062499999044,6.440128555033698,6.217331587598009,14.37666666666666,13.76969696969684,160.33333333333206,153.33333333333206,145020,147059,0,140,679,606,286,1.0,1.0
bursty_high_s64,2.0,runner_up_q4_a1.5_or,20401,71.39999999999912,82.5999999999973,109.13333333333134,158.73333333333153,22.176562499999044,23.653124999999044,6.448826929240371,6.279906318840688,14.119999999999862,13.373333333333171,165.73333333333193,172.73333333333193,143567,148797,0,124,602,733,285,0.9,1.0
bursty_high_s64,2.0,runner_up_q4_a1.5_or,20402,68.5333333333312,86.06666666666405,96.86666666666491,112.59999999999849,20.640624999999044,23.064062499999046,6.384761970738607,6.289608824198318,15.659259259259033,14.993333333333037,151.26666666666546,151.26666666666546,141841,147856,0,144,578,632,298,0.9,1.0
bursty_high_s64,2.0,runner_up_q4_a1.5_or,20403,65.5999999999978,65.9333333333307,94.46666666666405,105.99999999999835,21.051562499999044,21.099999999999046,6.0560152999520955,6.381757556589119,13.879999999999427,15.714285714285316,151.26666666666546,146.26666666666546,143597,147387,0,152,638,645,312,1.0,1.0
bursty_high_s64,2.0,runner_up_q4_a1.5_or,20404,71.73333333333153,85.79999999999845,107.33333333333184,127.99999999999835,23.271874999999046,25.314062499999046,6.745966736712286,7.011428206555567,15.561904761904794,16.442857142857054,176.86666666666537,180.86666666666537,146582,151873,0,132,642,800,357,1.0,1.0
bursty_high_s64,2.0,runner_up_q4_a1.5_or,20405,83.80000000000004,104.7999999999983,148.99999999999721,222.9333333333305,25.132812499999044,28.556249999999046,6.743523817632479,6.729480376221782,16.12380952380938,15.74761904761886,175.5333333333321,174.5333333333321,146696,151808,0,124,646,685,332,0.9,1.0
bursty_high_s64,2.0,runner_up_q4_a1.5_or,20406,84.73333333333113,85.53333333333165,136.9333333333313,122.93333333333129,24.242187499999044,23.181249999999046,6.067067106989765,6.465023000484834,14.496296296296183,16.599999999999916,145.26666666666546,155.26666666666546,143858,148664,0,136,587,698,307,1.0,1.0
bursty_high_s64,2.0,runner_up_q4_a1.5_or,20407,85.86666666666477,91.99999999999858,126.33333333333115,129.99999999999744,24.518749999999045,23.846874999999045,6.565807399442423,6.699865491587891,15.138095238095035,15.34848484848486,165.9999999999988,172.9999999999988,145480,150516,0,136,743,730,312,0.9,1.0
bursty_high_s64,2.0,runner_up_q4_a1.5_or,20408,85.06666666666493,76.33333333333206,122.39999999999844,131.6666666666651,26.370312499999045,23.878124999999045,6.43402204226943,6.343653751338272,16.24444444444424,14.141666666666417,154.6666666666651,160.6666666666651,143586,149812,0,144,637,702,337,1.0,1.0
bursty_high_s64,2.0,runner_up_q4_a1.5_or,20409,82.19999999999797,105.79999999999785,137.53333333333075,151.9999999999984,24.904687499999046,27.324999999999044,6.758743433197239,7.031069643304254,14.33888888888876,16.28333333333309,171.26666666666523,177.26666666666523,144536,151985,0,152,640,780,319,1.0,1.0
bursty_high_s64,2.0,runner_up_q4_a1.5_or,20410,81.6666666666656,86.79999999999717,120.13333333333225,130.53333333333143,23.424999999999045,24.249999999999044,6.358198861672917,6.454657944902161,14.012499999999935,14.537037037036912,167.5333333333321,160.5333333333321,145152,150740,0,152,626,640,311,1.0,1.0
bursty_high_s64,2.0,runner_up_q4_a1.5_or,20411,84.19999999999862,104.99999999999761,123.7999999999983,145.19999999999996,24.060937499999046,24.487499999999045,6.5196257766010195,6.764011441724312,15.142857142857142,15.999999999999822,165.5333333333321,163.5333333333321,146116,150692,0,152,646,680,313,0.9,1.0
bursty_high_s64,2.0,runner_up_q4_a1.5_or,20412,76.93333333333152,82.40000000000012,135.1999999999984,144.39999999999873,23.492187499999044,24.989062499999044,6.213851551982197,6.6795300226441485,14.124999999999826,17.28205128205108,142.5333333333321,157.5333333333321,143301,149572,0,136,681,801,321,0.9,1.0
bursty_high_s64,2.0,runner_up_q4_a1.5_or,20413,82.46666666666505,68.53333333333137,133.6000000000002,114.73333333333125,24.14843749999904,22.737499999999045,6.3689728240242625,6.931278948523302,13.257142857142465,15.591666666666665,166.73333333333193,172.73333333333193,143881,151043,0,144,658,725,329,0.9,1.0
bursty_high_s64,2.0,runner_up_q4_a1.5_or,20414,68.86666666666457,71.73333333333193,117.39999999999708,122.53333333333038,23.776562499999045,22.818749999999046,5.979951830936369,6.131440411566993,14.358333333333057,14.711111111110881,159.86666666666537,155.86666666666537,144608,147995,0,136,570,649,324,1.0,1.0
bursty_high_s64,2.0,runner_up_q4_a1.5_or,20415,75.20000000000022,91.5999999999969,130.7333333333317,188.9333333333321,23.781249999999044,26.507812499999044,6.53386181939656,6.571217291217932,14.975757575757344,16.586666666666304,161.19999999999862,171.19999999999862,144833,148758,0,140,608,654,306,0.9,1.0
bursty_high_s64,2.0,runner_up_q4_a1.5_or,20416,80.26666666666429,79.9333333333307,108.53333333333077,115.0,24.017187499999046,25.814062499999046,6.787054231223135,6.901620407189912,14.988888888888416,15.938461538461398,160.79999999999876,163.79999999999876,144334,149795,0,144,603,698,363,0.9,1.0
bursty_high_s64,2.0,runner_up_q4_a1.5_or,20417,77.53333333333052,83.2666666666641,123.06666666666518,146.73333333333125,24.087499999999046,24.776562499999045,6.403423849079099,6.713064935574214,14.585185185184976,15.84444444444415,162.33333333333206,169.33333333333206,144089,151185,0,160,597,710,342,1.0,1.0
bursty_high_s64,2.0,runner_up_q4_a1.5_or,20418,77.26666666666648,88.46666666666425,102.53333333333097,135.46666666666437,23.726562499999044,25.510937499999045,6.664356364910011,6.632271293902141,15.742857142856796,14.970370370370347,168.73333333333193,170.73333333333193,144898,149927,0,136,638,691,328,0.9,1.0
bursty_high_s64,2.0,runner_up_q4_a1.5_or,20419,73.86666666666468,72.66666666666441,122.99999999999744,142.86666666666378,23.521874999999046,23.253124999999045,6.434985238908975,6.559311090766512,14.210526315789485,14.33333333333312,168.53333333333188,174.53333333333188,146483,150615,0,152,641,730,326,1.0,1.0
bursty_high_s64,2.0,runner_up_q4_a1.5_or,20420,75.59999999999712,68.73333333333272,132.19999999999857,100.59999999999803,24.823437499999045,20.799999999999045,6.895064727469079,6.553658737764863,16.123809523809282,15.62857142857102,163.79999999999876,165.79999999999876,144368,149261,0,116,653,658,295,1.0,1.0
bursty_high_s64,2.0,runner_up_q4_a1.5_or,20421,88.86666666666514,76.46666666666425,150.39999999999844,121.19999999999737,25.039062499999044,23.931249999999046,6.45488300914854,6.372895953597438,14.781818181818062,13.949999999999662,160.79999999999876,167.79999999999876,144952,149981,0,136,582,627,340,0.9,1.0
bursty_high_s64,2.0,runner_up_q4_a1.5_or,20422,61.06666666666689,76.06666666666672,104.93333333333197,121.13333333333088,21.268749999999045,21.899999999999046,6.22457056682157,6.447635097918041,14.271111111111075,16.14166666666658,158.9999999999988,153.9999999999988,144696,148510,0,140,652,649,320,0.9,1.0
bursty_high_s64,2.0,runner_up_q4_a1.5_or,20423,62.46666666666425,68.06666666666428,107.33333333333354,99.26666666666608,20.759374999999046,21.635937499999045,6.480071131957423,6.471097400014857,13.895833333333151,15.049999999999642,153.59999999999872,158.59999999999872,141647,149061,0,144,579,606,315,1.0,1.0
bursty_high_s64,2.0,runner_up_q4_a1.5_or,20424,70.0666666666636,74.46666666666391,114.39999999999822,123.99999999999699,24.346874999999045,25.029687499999046,6.870094596265669,6.842565615437397,15.133333333333294,15.63589743589722,162.66666666666532,157.66666666666532,143782,148880,0,164,613,606,352,1.0,1.0
bursty_high_s64,2.0,runner_up_q4_a1.5_or,20425,71.06666666666541,81.93333333333288,105.39999999999753,128.86666666666397,22.553124999999046,23.665624999999046,6.5142726636333474,6.1280598388751395,15.560000000000048,14.062499999999963,151.46666666666528,163.46666666666528,141642,150165,0,144,590,667,312,1.0,1.0
bursty_high_s64,2.0,runner_up_q4_a1.5_or,20426,85.53333333333097,77.26666666666569,143.39999999999867,121.26666666666523,24.587499999999046,23.424999999999045,6.581714304274454,6.618901067097196,15.883333333333042,15.905882352941148,166.66666666666532,168.66666666666532,145332,149939,0,144,609,664,334,0.9,1.0
bursty_high_s64,2.0,runner_up_q4_a1.5_or,20427,70.13333333333134,83.79999999999725,93.19999999999771,135.46666666666505,22.973437499999044,25.978124999999046,6.546933543705618,6.738807085059165,15.72941176470583,16.43749999999995,151.79999999999876,154.79999999999876,143011,149014,0,152,603,649,357,1.0,1.0
bursty_high_s64,2.0,runner_up_q4_a1.5_or,20428,77.60000000000008,74.79999999999876,126.40000000000012,133.93333333333038,22.684374999999044,23.264062499999046,6.264326164340757,6.265557511325781,13.890196078431261,15.142424242424228,162.0666666666654,163.0666666666654,144384,151022,0,148,610,669,324,1.0,1.0
bursty_high_s64,2.0,runner_up_q4_a1.5_or,20429,79.79999999999853,74.66666666666532,114.59999999999849,137.9999999999979,24.690624999999045,22.004687499999044,6.500527272759355,6.526727148791034,16.140740740740764,16.129166666666645,152.13333333333202,150.13333333333202,143208,148125,0,140,637,597,308,1.0,1.0
