profile,burst_size,penalty,p95_base,p95_burst,pct_change,pct_ci_half,wins,n_eff,ties,sign_p,wilcoxon_p,pct_extra_scan,mig_base,mig_burst,pct_extra_mig,detector_fires
stacked_burst,2,0.0,4.3777777777773865,4.3777777777773865,0.0,0.0,0,0,30,1.0,1.0,0.0,49.766666666666666,49.766666666666666,0.0,0
stacked_burst,2,2.0,4.41111111111088,4.41111111111088,0.0,0.0,0,0,30,1.0,1.0,0.0,51.43333333333333,51.43333333333333,0.0,0
stacked_burst,4,0.0,8.266666666666342,7.177777777777133,-13.17204301075708,2.793780503990628,29,30,0,5.774199962615967e-08,2.237270713356665e-06,0.9721398776395723,185.4,182.16666666666666,-1.7439769866954415,93.46666666666667
stacked_burst,4,2.0,8.255555555555558,7.122222222221924,-13.728129205925574,3.662840496890736,27,30,0,8.430331945419312e-06,5.477820172350434e-06,1.3280229707620026,192.8,184.23333333333332,-4.443291839557412,93.03333333333333
stacked_burst,8,0.0,12.766666666666845,11.977777777777975,-6.179286335944066,3.8356764064604567,20,30,0,0.09873714670538902,0.0054909477988203115,2.4197654004364995,277.1666666666667,256.7,-7.384245339747454,137.33333333333334
stacked_burst,8,2.0,12.344444444445156,11.57777777777827,-6.21062106210763,3.8744933427232113,21,29,1,0.0241195447742939,0.006873739260789602,1.9962186868308383,279.03333333333336,260.4,-6.677816270457548,137.56666666666666
stacked_burst,12,0.0,14.477777777777556,12.155555555555363,-16.039907904835037,4.932926350233153,27,30,0,8.430331945419312e-06,1.8839835739914434e-05,3.3788783232084416,313.73333333333335,300.4,-4.249893752656195,158.03333333333333
stacked_burst,12,2.0,14.299999999999873,11.85555555555532,-17.094017094018003,4.116112009374723,27,30,0,8.430331945419312e-06,6.653994985228451e-06,2.6272333580018734,311.8333333333333,304.7,-2.2875467664350593,157.56666666666666
stacked_burst,16,0.0,14.911111111111024,12.666666666666645,-15.05216095379995,5.1213826844677435,26,30,0,5.947612226009369e-05,1.0738569478974114e-05,3.3717233568996705,320.06666666666666,309.1333333333333,-3.4159550093730484,160.96666666666667
stacked_burst,16,2.0,14.577777777777722,12.477777777777694,-14.405487804878295,5.409455524315716,26,30,0,5.947612226009369e-05,5.071997738115286e-05,2.8290359583063243,321.3666666666667,310.4,-3.4125090758220193,161.46666666666667
stacked_burst,24,0.0,14.911111111111024,12.666666666666645,-15.05216095379995,5.1213826844677435,26,30,0,5.947612226009369e-05,1.0738569478974114e-05,3.3717233568996705,320.06666666666666,309.1333333333333,-3.4159550093730484,160.96666666666667
stacked_burst,24,2.0,14.577777777777722,12.477777777777694,-14.405487804878295,5.409455524315716,26,30,0,5.947612226009369e-05,5.071997738115286e-05,2.8290359583063243,321.3666666666667,310.4,-3.4125090758220193,161.46666666666667
stacked_burst,32,0.0,14.911111111111024,12.666666666666645,-15.05216095379995,5.1213826844677435,26,30,0,5.947612226009369e-05,1.0738569478974114e-05,3.3717233568996705,320.06666666666666,309.1333333333333,-3.4159550093730484,160.96666666666667
stacked_burst,32,2.0,14.577777777777722,12.477777777777694,-14.405487804878295,5.409455524315716,26,30,0,5.947612226009369e-05,5.071997738115286e-05,2.8290359583063243,321.3666666666667,310.4,-3.4125090758220193,161.46666666666667
stacked_burst,48,0.0,14.911111111111024,12.666666666666645,-15.05216095379995,5.1213826844677435,26,30,0,5.947612226009369e-05,1.0738569478974114e-05,3.3717233568996705,320.06666666666666,309.1333333333333,-3.4159550093730484,160.96666666666667
stacked_burst,48,2.0,14.577777777777722,12.477777777777694,-14.405487804878295,5.409455524315716,26,30,0,5.947612226009369e-05,5.071997738115286e-05,2.8290359583063243,321.3666666666667,310.4,-3.4125090758220193,161.46666666666667
stacked_burst,64,0.0,14.911111111111024,12.666666666666645,-15.05216095379995,5.1213826844677435,26,30,0,5.947612226009369e-05,1.0738569478974114e-05,3.3717233568996705,320.06666666666666,309.1333333333333,-3.4159550093730484,160.96666666666667
stacked_burst,64,2.0,14.577777777777722,12.477777777777694,-14.405487804878295,5.409455524315716,26,30,0,5.947612226009369e-05,5.071997738115286e-05,2.8290359583063243,321.3666666666667,310.4,-3.4125090758220193,161.46666666666667
bursty,16,0.0,0.9999999999999432,0.9999999999999432,0.0,0.0,0,0,30,1.0,1.0,0.060477462948357257,15.9,15.966666666666667,0.4192872117400404,0.6
bursty,16,2.0,0.9999999999999432,0.9999999999999432,0.0,0.0,0,0,30,1.0,1.0,0.06929589435050894,16.6,16.933333333333334,2.0080321285140488,0.9
bursty,32,0.0,0.9999999999999432,0.9999999999999432,0.0,0.0,0,0,30,1.0,1.0,0.060477462948357257,15.9,15.966666666666667,0.4192872117400404,0.6
bursty,32,2.0,0.9999999999999432,0.9999999999999432,0.0,0.0,0,0,30,1.0,1.0,0.06929589435050894,16.6,16.933333333333334,2.0080321285140488,0.9
bursty,48,0.0,0.9999999999999432,0.9999999999999432,0.0,0.0,0,0,30,1.0,1.0,0.060477462948357257,15.9,15.966666666666667,0.4192872117400404,0.6
bursty,48,2.0,0.9999999999999432,0.9999999999999432,0.0,0.0,0,0,30,1.0,1.0,0.06929589435050894,16.6,16.933333333333334,2.0080321285140488,0.9
bursty,64,0.0,0.9999999999999432,0.9999999999999432,0.0,0.0,0,0,30,1.0,1.0,0.060477462948357257,15.9,15.966666666666667,0.4192872117400404,0.6
bursty,64,2.0,0.9999999999999432,0.9999999999999432,0.0,0.0,0,0,30,1.0,1.0,0.06929589435050894,16.6,16.933333333333334,2.0080321285140488,0.9
