profile,intensity,scheduler,n_reps,avg_wait_mean,avg_wait_stdev,avg_turnaround_mean,avg_turnaround_stdev,makespan_mean,makespan_stdev,avg_migrations_per_task_mean,avg_migrations_per_task_stdev,migration_rate_per_ms_mean,migration_rate_per_ms_stdev,burst_response_latency_mean,burst_response_latency_stdev,cpu_util_mean_mean,cpu_util_mean_stdev,deadline_miss_rate_mean,deadline_miss_rate_stdev,avg_lateness_mean,avg_lateness_stdev,tree_avg_nodes_per_pick_mean,tree_avg_nodes_per_pick_stdev,tree_rotations_mean,tree_rotations_stdev,sched_cores_scanned_mean,sched_cores_scanned_stdev,periodic_levels_walked_mean,periodic_levels_walked_stdev,newidle_levels_walked_mean,newidle_levels_walked_stdev,placement_levels_walked_mean,placement_levels_walked_stdev,burst_balance_levels_walked_mean,burst_balance_levels_walked_stdev
uniform,low,baseline,10,0.006,0.0021081851067789197,21.9805,0.8004562934837716,429.7,5.375872022286245,0.4915,0.030645826251981974,0.2287841742143443,0.014351984698239749,,0.0,31.96633889660896,1.235303441603978,,0.0,,0.0,1.0145722294567796,0.002954833067583041,0,0.0,56203.2,882.3026439694917,54873.6,688.1116188526394,37794.8,934.0053295113232,800,0.0,0,0.0
uniform,low,burst_aware,10,0.006,0.0021081851067789197,21.9805,0.8004562934837716,429.7,5.375872022286245,0.4915,0.030645826251981974,0.2287841742143443,0.014351984698239749,,0.0,31.96633889660896,1.235303441603978,,0.0,,0.0,1.0145722294567796,0.002954833067583041,0,0.0,56203.2,882.3026439694917,54873.6,688.1116188526394,37794.8,934.0053295113232,800,0.0,0,0.0
uniform,medium,baseline,10,0.0085,0.0033747427885527643,22.125999999999998,0.5379529099589787,431.3,5.6184220797895446,0.492,0.046260134024881515,0.22820643734677204,0.02193802768147272,,0.0,32.06100756818425,1.0834796162033604,,0.0,,0.0,1.0150684720241077,0.003375915034263268,0,0.0,56487.9,1002.8337017339082,55078.4,719.1580262130617,37888.4,1035.076937559072,800,0.0,0,0.0
uniform,medium,burst_aware,10,0.0085,0.0033747427885527643,22.125999999999998,0.5379529099589787,431.3,5.6184220797895446,0.492,0.046260134024881515,0.22820643734677204,0.02193802768147272,,0.0,32.06100756818425,1.0834796162033604,,0.0,,0.0,1.0150684720241077,0.003375915034263268,0,0.0,56487.9,1002.8337017339082,55078.4,719.1580262130617,37888.4,1035.076937559072,800,0.0,0,0.0
uniform,high,baseline,10,0.007,0.003496029493900505,22.041,0.8600122738142231,430.9,4.483302354291979,0.477,0.028886752057724396,0.2214423349233562,0.014080075197803169,,0.0,31.95619496131537,1.1114862243091086,,0.0,,0.0,1.014855755561572,0.0030016562477129935,0,0.0,55956.9,512.9397733760866,55027.2,573.8627013493733,37899.2,609.2335439805585,800,0.0,0,0.0
uniform,high,burst_aware,10,0.007,0.003496029493900505,22.041,0.8600122738142231,430.9,4.483302354291979,0.477,0.028886752057724396,0.2214423349233562,0.014080075197803169,,0.0,31.95619496131537,1.1114862243091086,,0.0,,0.0,1.014855755561572,0.0030016562477129935,0,0.0,55956.9,512.9397733760866,55027.2,573.8627013493733,37899.2,609.2335439805585,800,0.0,0,0.0
bursty,low,baseline,10,0.0,0.0,21.6195,0.5914692158796884,3327.8,6.338594306135847,0.07200000000000001,0.012952906151816967,0.0043271180821026324,0.0007788033286791662,243.28261484789257,77.78558656850743,4.060379918154941,0.11016479581087603,,0.0,,0.0,1.0173930972136225,0.004323986298289909,0,0.0,144035.6,882.3788805773225,425830.4,811.3400711853884,408722.2,874.8492949582168,800,0.0,0,0.0
bursty,low,burst_aware,10,0.0,0.0,21.6195,0.5914692158796884,3327.8,6.338594306135847,0.07200000000000001,0.012952906151816967,0.0043271180821026324,0.0007788033286791662,243.28261484789257,77.78558656850743,4.060379918154941,0.11016479581087603,,0.0,,0.0,1.0173930972136225,0.004323986298289909,0,0.0,144035.6,882.3788805773225,425830.4,811.3400711853884,408722.2,874.8492949582168,800,0.0,0,0.0
bursty,medium,baseline,10,0.5383333333331852,0.0,22.791333333333185,0.5356678075076009,752.5,1.7795130420052185,0.263,0.05513619500836088,0.06991412617337164,0.014726128375621378,3.251838235293941,2.6032678668091416,18.48294748564359,0.4604911202299168,,0.0,,0.0,1.0150338607235887,0.002901371268998606,0,0.0,67644.1,1460.4988835630409,96192,227.77766937666797,78720.1,523.1656737805168,800,0.0,0,0.0
bursty,medium,burst_aware,10,0.5433333333331852,0.008164965809277268,22.818333333333186,0.7117661913234651,752.5,1.509230856356236,0.257,0.055035342180174446,0.06830799555507489,0.014640344174940416,4.071813725490014,2.5754603063426926,18.497334553828537,0.5662567614825111,,0.0,,0.0,1.0159231461656204,0.0034448147389998128,0,0.0,68519.4,1850.7617770949225,96192,193.1815496135982,78697.7,468.8157776070824,800,0.0,26.8,11.003029885748138
bursty,high,baseline,10,1.845666666666661,0.8821054358748731,25.66066666666666,2.2212981689893763,198.3,5.558776843874918,0.4655,0.07049231636615913,0.4689792145105478,0.06635389841350517,1.4571428571428706,0.6324555320336759,69.46696444323732,2.1364896847676174,,0.0,,0.0,1.0482570745319268,0.013525505226660853,39.5,27.60937843881636,40906.8,670.7378689837699,25254.4,711.5234360159895,8076.1,584.3643174900018,800,0.0,0,0.0
bursty,high,burst_aware,10,2.033666666666661,0.8776141901010185,26.202666666666662,2.460865701333577,198,4.422166387140533,0.5055000000000001,0.06580484615723813,0.5105243118352103,0.06405022582492076,1.2485714285714413,0.6723634153925063,69.87715630755885,2.2498139834807067,,0.0,,0.0,1.0582852624713848,0.01470241971816811,45.1,23.88607218536452,42497.4,598.365774422301,25216,566.0372975539882,7967.8,585.3338648441019,800,0.0,41.2,7.067924416372572
heavy_tail,low,baseline,10,0.0,0.0,6.4545,0.529724509113516,3305.7,1.5670212364724212,0.075,0.02260776661041756,0.004537133246546661,0.0013651669710581492,212.58816759629946,140.8273508673377,1.2203421496886744,0.1002484050318631,,0.0,,0.0,1.0008914939486615,0.001152602954648829,0,0.0,145317.2,1536.2639240848052,423001.6,200.5787182684699,418028.1,501.2919863268867,800,0.0,0,0.0
heavy_tail,low,burst_aware,10,0.0,0.0,6.4545,0.529724509113516,3305.7,1.5670212364724212,0.075,0.02260776661041756,0.004537133246546661,0.0013651669710581492,212.58816759629946,140.8273508673377,1.2203421496886744,0.1002484050318631,,0.0,,0.0,1.0008914939486615,0.001152602954648829,0,0.0,145317.2,1536.2639240848052,423001.6,200.5787182684699,418028.1,501.2919863268867,800,0.0,0,0.0
heavy_tail,medium,baseline,10,0.5383333333331852,0.0,7.0373333333331844,0.5275035544903938,731,17.236911298463863,0.2115,0.02261390919078099,0.057913827469905185,0.006568324334239856,6.1341211484592035,3.337318655524431,5.557437133586955,0.4464714404070482,,0.0,,0.0,1.002227555722525,0.002083901217813396,0,0.0,67497.8,1464.7042022196836,93440,2206.3246462033744,88530.9,2154.4906307008573,800,0.0,0,0.0
heavy_tail,medium,burst_aware,10,0.5428333333331852,0.008316649966583106,6.910833333333184,0.3256809106403929,731.5,17.128598567567895,0.2145,0.03278295627642849,0.058706161368648806,0.009342097795122292,8.882773109243528,8.533622168705472,5.440241842493586,0.24213021117532704,,0.0,,0.0,1.002052840937802,0.001294730825998073,0,0.0,67816.4,1684.8419774236659,93504,2192.4606166486906,88700.9,2066.8190508336447,800,0.0,9.2,4.237399621885521
heavy_tail,high,baseline,10,0.4766666666666611,0.0,6.88866666666666,0.35171958527592206,192,55.45168066784711,0.253,0.041978830643816446,0.2741932270179596,0.060721763230502476,0.9285714285714419,0.40657855630736306,21.78057454566645,3.5773640727561555,,0.0,,0.0,1.0027017597769858,0.002349903040309656,0,0.0,44283.5,3176.532254938814,24448,7097.81512548443,19636.2,6892.308495707371,800,0.0,0,0.0
heavy_tail,high,burst_aware,10,0.4886666666666611,0.01032795558988647,6.6751666666666605,0.17732659761643826,172.8,8.560892995995738,0.269,0.05466056876558986,0.3122041498018095,0.06628989216763491,0.828571428571442,0.3737412737209254,22.39594957824505,1.1370898287944902,,0.0,,0.0,1.0025196541740196,0.002005654957318318,0,0.0,44564.7,1187.841090194962,21990.4,1095.7943034874545,17369.1,1070.5804707935058,800,0.0,30,8.273115763993905
mixed,low,baseline,10,0.005,0.0,22.331,0.9401855608808768,777.8,5.266244708835067,0.339,0.05810909280540066,0.08715764457917993,0.014830900803447256,6.72,5.50974893559891,17.93977828981736,0.7377248396311072,,0.0,,0.0,1.0170624847648944,0.004202907665712762,0,0.0,68652.2,1213.4192094151872,99430.4,674.0793227308885,81960,895.550854688517,800,0.0,0,0.0
mixed,low,burst_aware,10,0.005,0.0,22.331,0.9401855608808768,777.8,5.266244708835067,0.339,0.05810909280540066,0.08715764457917993,0.014830900803447256,6.72,5.50974893559891,17.93977828981736,0.7377248396311072,,0.0,,0.0,1.0170624847648944,0.004202907665712762,0,0.0,68667,1232.4383239019396,99430.4,674.0793227308885,81960,895.550854688517,800,0.0,0.4,1.2649110640673518
mixed,medium,baseline,10,0.4716666666665936,0.0,22.168666666666592,0.8011249035644262,578,6.359594676112971,0.3645,0.044061194819125016,0.12620785263276652,0.01595554132161483,2.1523809523809256,1.2316273875113206,23.46132226650996,0.827301815497532,,0.0,,0.0,1.0168269531167762,0.004057662092089697,0,0.0,61564.5,831.7625529226742,73856,814.0281185424603,56910,856.0616540621099,800,0.0,0,0.0
mixed,medium,burst_aware,10,0.47666666666659363,0.0074535599249992805,22.348666666666592,0.8533339843747516,579.7,5.6184220797895446,0.373,0.04762119042797836,0.12869993944032176,0.016424722659284196,2.197619047619027,1.2418568213878012,23.580957698714645,0.8826695316157431,,0.0,,0.0,1.0166030440770155,0.0034248395311938457,0,0.0,62224.3,1143.3611318292126,74073.6,719.1580262130617,56991.5,841.3666461973243,800,0.0,12.8,7.004760286167305
mixed,high,baseline,10,0.518499999999882,0.017646214576755227,23.24749999999988,0.6854619285967353,262.2,5.827139568909908,0.2985,0.04761244001775633,0.22815038104265378,0.03941314082309423,0.9299999999999111,0.7879415281934457,53.49397433823843,1.4074790396242127,,0.0,,0.0,1.022064667217064,0.006856644998774162,0,0.0,44650.3,837.788497573622,33433.6,745.8738648204683,15833.2,659.3966602550817,800,0.0,0,0.0
mixed,high,burst_aware,10,0.5299999999998821,0.019032136564826923,23.03899999999988,0.8641026173628531,263.6,4.2998707990925595,0.318,0.034009802508492566,0.24114855559087353,0.02396809212978512,0.8399999999999,0.5660781257427537,52.70417768204838,2.1118084089725637,,0.0,,0.0,1.0224603750325258,0.009055402793370372,0,0.0,45971,1144.0607986952052,33612.8,550.3834622838476,16193.7,885.201176130162,800,0.0,27.2,7.004760286167305
deadline_driven,low,baseline,10,0.0,0.0,22.3485,0.6822554506927742,3329.9,5.065131346328104,0.08750000000000001,0.043795611144903046,0.005254388851527147,0.002626635455221385,218.1178834161008,122.59965762773227,4.1947442902117835,0.13078294127573856,0.0,0.0,-44.697,1.3645109013855483,1.016757806485482,0.002451169603621217,0,0.0,144731,2518.1400984765633,426099.2,648.3368123299973,408420.1,1012.0172868527933,800,0.0,0,0.0
deadline_driven,low,burst_aware,10,0.0,0.0,22.3485,0.6822554506927742,3329.9,5.065131346328104,0.08750000000000001,0.043795611144903046,0.005254388851527147,0.002626635455221385,218.1178834161008,122.59965762773227,4.1947442902117835,0.13078294127573856,0.0,0.0,-44.697,1.3645109013855483,1.016757806485482,0.002451169603621217,0,0.0,144731,2518.1400984765633,426099.2,648.3368123299973,408420.1,1012.0172868527933,800,0.0,0,0.0
deadline_driven,medium,baseline,10,0.5383333333331852,0.0,22.494833333333183,0.5797559352386525,750.3,5.034326612809745,0.216,0.04033195589934446,0.05755774260432845,0.010615796729387889,5.411134453781328,6.084767226417989,18.291273483522023,0.5277287936122421,0.0,0.0,-43.37466666666681,1.159511870477305,1.015880457278113,0.0020280981647153432,0,0.0,66360.3,1200.41048997601,95910.4,644.3938064396474,78640.3,892.2291745958546,800,0.0,0,0.0
deadline_driven,medium,burst_aware,10,0.5393333333331852,0.0021081851067789215,22.613833333333183,0.6409127605740641,751.1,4.0124805295477755,0.219,0.042150523919242885,0.05832216200841396,0.011243784883471704,5.081796218487207,6.19655948349911,18.368015728679755,0.5655847049441078,0.0,0.0,-43.60366666666681,1.2709143690010496,1.0162328728513563,0.0021747299352820404,0,0.0,67231.9,1328.2911703889827,96012.8,513.5975077821153,78650.8,820.543559680614,800,0.0,19.2,10.799176923368845
deadline_driven,high,baseline,10,1.8926666666666612,0.9904146157600419,25.46216666666666,2.101164293645047,196.9,2.2335820757001272,0.46699999999999997,0.0632543366980566,0.47448711121568843,0.06550081416188507,0.9857142857142991,0.5431494618136712,69.13211207856658,2.059074983609459,0.013000000000000001,0.021108186931983422,-39.86883333333334,1.0823545578454818,1.0610234624871504,0.01670631940569964,38.9,24.53319746339188,41275.2,341.45271349859786,25075.2,285.8985056896163,8105.5,532.7286676473618,800,0.0,0,0.0
deadline_driven,high,burst_aware,10,1.9711666666666612,0.8738784876120427,25.90416666666666,2.427582530923397,196.4,2.836272984824353,0.484,0.0783085067040754,0.4923812743846675,0.07571229715969448,1.1657142857142981,0.619823689363104,69.7506692147384,1.7831546604443838,0.01,0.013123346456686351,-39.86483333333334,0.9407091001532375,1.0552406799013299,0.019521977394919645,40.1,21.65101999136915,42505.7,941.8641149927686,25011.2,363.04294205751717,7929.5,368.7206862171479,800,0.0,37.6,9.082339395160748
