profile,intensity,penalty,metric,n,baseline_mean,baseline_stdev,burst_aware_mean,burst_aware_stdev,mean_diff,ci95,wins,ties,n_eff,p_sign
bursty,high,0.0,makespan,30,194.63333333333333,2.1088211011799007,194.43333333333334,1.69549775690744,-0.2,"(-0.6941576717988917, 0.29415767179889163)",6,20,10,0.75390625
bursty,high,0.0,avg_wait,30,1.2219999999999946,0.4173085630341285,1.1999999999999944,0.38319962685653614,-0.02200000000000003,"(-0.06474079803833833, 0.02074079803833827)",13,8,22,0.5234670639038086
bursty,high,0.0,p95_wait,30,5.000000000000045,2.169591306394276,4.851111111111174,2.0873406669793177,-0.14888888888887167,"(-0.40143533805575016, 0.10365756027800685)",13,10,20,0.26317596435546875
bursty,high,2.0,makespan,30,196.5,2.788523277465246,197.1,3.155181835297786,0.6,"(-0.26373306327690227, 1.4637330632769023)",8,10,20,0.5034446716308594
bursty,high,2.0,avg_wait,30,1.6624999999999945,0.7154442595379091,1.6741666666666613,0.7399356332677257,0.011666666666666681,"(-0.029331156960272275, 0.052664490293605634)",13,7,23,0.6776394844055176
bursty,high,2.0,p95_wait,30,7.07555555555554,2.9618640363129813,7.084444444444387,3.121937375370409,0.008888888888847172,"(-0.2598898935769398, 0.2776676713546341)",14,8,22,0.28627872467041016
heavy_tail,high,0.0,makespan,30,201.76666666666668,65.9763193323459,201.76666666666668,65.9763193323459,0,"(0, 0)",0,30,0,1.0
heavy_tail,high,0.0,avg_wait,30,0.4766666666666611,0.0,0.4798333333333277,0.0038244524812852915,0.0031666666666666696,"(0.0017387529871840325, 0.004594580346149306)",0,15,15,6.103515625e-05
heavy_tail,high,0.0,p95_wait,30,0.9333333333333442,0.0,0.9333333333333499,8.831413343072332e-15,5.684341886080802e-15,"(2.3870082197724582e-15, 8.981675552389145e-15)",0,20,10,0.001953125
heavy_tail,high,2.0,makespan,30,202.1,65.7861477925202,202.1,65.7861477925202,0.0,"(0.0, 0.0)",0,30,0,1.0
heavy_tail,high,2.0,avg_wait,30,0.4766666666666611,0.0,0.4791666666666611,0.004500957752485043,0.0025000000000000022,"(0.0008195034643529203, 0.0041804965356470845)",0,21,9,0.00390625
heavy_tail,high,2.0,p95_wait,30,0.9333333333333442,0.0,0.9333333333333494,8.738935262306003e-15,5.210646728907401e-15,"(1.9478410681697168e-15, 8.473452389645084e-15)",0,21,9,0.00390625
