intensity,penalty,comparison,mean_diff,sign_p,wilcoxon_p
low,0.0,baseline_vs_resets_true,1.0,3.814697265625e-06,8.758722937241004e-05
low,0.0,baseline_vs_resets_false,0.5,0.004425048828125,0.0030528282576809396
low,0.0,resets_true_vs_resets_false,-0.5,0.00390625,0.007857389588994845
low,2.0,baseline_vs_resets_true,1.1666666666666667,9.5367431640625e-07,4.437237788934567e-05
low,2.0,baseline_vs_resets_false,0.43333333333333335,0.002349853515625,0.0017719268060882865
low,2.0,resets_true_vs_resets_false,-0.7333333333333333,3.0517578125e-05,0.0002411159997750545
medium,0.0,baseline_vs_resets_true,-2.8999999999997974,1.862645149230957e-09,1.8253714562099788e-06
medium,0.0,baseline_vs_resets_false,-2.3222222222220887,5.947612226009369e-05,2.4811276515990244e-05
medium,0.0,resets_true_vs_resets_false,0.5777777777777087,0.03569813817739487,0.022106788438879255
medium,2.0,baseline_vs_resets_true,-2.377777777777703,1.862645149230957e-09,1.8242279993252453e-06
medium,2.0,baseline_vs_resets_false,-2.588888888888639,8.67992639541626e-07,8.069576141966905e-06
medium,2.0,resets_true_vs_resets_false,-0.21111111111093617,0.361594608053565,0.4590089160341666
high,0.0,baseline_vs_resets_true,-8.280000000000006,8.430331945419312e-06,1.564885338289912e-05
high,0.0,baseline_vs_resets_false,-6.819999999999987,5.947612226009369e-05,0.0002720075931206267
high,0.0,resets_true_vs_resets_false,1.4600000000000202,0.361594608053565,0.20959905247804822
high,2.0,baseline_vs_resets_true,-9.446666666666617,8.67992639541626e-07,5.477820172350434e-06
high,2.0,baseline_vs_resets_false,-8.153333333333299,0.00032491423189640045,0.00034505527165862304
high,2.0,resets_true_vs_resets_false,1.2933333333333186,1.0,0.8693007747525945
