workload,config,penalty,n_seeds,detector_fires_mean,burst_triggers_mean,domains_allowed_mean,domains_blocked_mean,mig_periodic_mean,mig_newidle_mean,mig_burst_mean,mig_burst_already_ran_mean,mig_periodic_already_ran_mean,mig_newidle_already_ran_mean,mig_burst_already_ran_pct
bursty_high_s64,baseline,0.0,5,0,0,0,0,190.8,317,0,0,187.8,258,
bursty_high_s64,selected_gated,0.0,5,200.8,32.2,123.2,5.6,190.4,283.6,126.6,103.8,185.8,234.4,82.0
bursty_high_s64,selected_ungated,0.0,5,179.6,31.4,125.6,0,185.6,321.6,102.4,91.6,182.4,273,89.5
bursty_high_s64,baseline,0.5,5,0,0,0,0,190,289.8,0,0,186.6,234.8,
bursty_high_s64,selected_gated,0.5,5,201.6,30.8,119,4.2,195,285.4,109.8,91.4,191.4,240,83.2
bursty_high_s64,selected_ungated,0.5,5,195.4,32,128,0,202.8,310.6,109.2,91.4,198.2,263,83.7
bursty_high_s64,baseline,2.0,5,0,0,0,0,219.6,284.6,0,0,213.6,238,
bursty_high_s64,selected_gated,2.0,5,209.4,32.6,127.6,2.8,206.4,258.6,123.2,101.4,202.4,219.2,82.3
bursty_high_s64,selected_ungated,2.0,5,193.2,33,132,0,228.8,287.4,114.8,96.6,224.6,248.2,84.1
stacked_high,baseline,0.0,5,0,0,0,0,192,153.8,0,0,42.6,57.2,
stacked_high,selected_gated,0.0,5,132,12.8,49.2,2,80.4,148.8,88.4,16,23.8,57.6,18.1
stacked_high,selected_ungated,0.0,5,145.4,12.8,51.2,0,86.8,150.6,85.2,17.8,25.8,53.4,20.9
stacked_high,baseline,0.5,5,0,0,0,0,188.4,152.8,0,0,40.6,54.8,
stacked_high,selected_gated,0.5,5,134.4,12.4,48.2,1.4,89.4,147.2,94.6,21.2,24.8,60,22.4
stacked_high,selected_ungated,0.5,5,147.4,13,52,0,90.4,149.6,92.8,19.2,22.2,55.4,20.7
stacked_high,baseline,2.0,5,0,0,0,0,192.4,150.2,0,0,44.4,58.4,
stacked_high,selected_gated,2.0,5,140.4,13,50.6,1.4,77.6,147.4,96,22.8,23.4,58.6,23.8
stacked_high,selected_ungated,2.0,5,146.6,13,52,0,90.6,148.2,95.8,20,23.8,59,20.9
