workload,config,penalty,seed,detector_fires,burst_triggers,domains_allowed,domains_blocked,mig_periodic,mig_newidle,mig_burst,mig_burst_already_ran,mig_periodic_already_ran,mig_newidle_already_ran
bursty_high_s64,baseline,0.0,95000,0,0,0,0,219,347,0,0,217,284
bursty_high_s64,baseline,0.0,95001,0,0,0,0,191,288,0,0,188,234
bursty_high_s64,baseline,0.0,95002,0,0,0,0,185,291,0,0,179,249
bursty_high_s64,baseline,0.0,95003,0,0,0,0,133,352,0,0,130,278
bursty_high_s64,baseline,0.0,95004,0,0,0,0,226,307,0,0,225,245
bursty_high_s64,selected_gated,0.0,95000,192,33,127,5,190,266,78,73,185,224
bursty_high_s64,selected_gated,0.0,95001,226,32,123,5,248,266,143,112,239,223
bursty_high_s64,selected_gated,0.0,95002,187,29,111,5,217,285,151,127,214,243
bursty_high_s64,selected_gated,0.0,95003,184,35,133,7,138,311,132,103,135,248
bursty_high_s64,selected_gated,0.0,95004,215,32,122,6,159,290,129,104,156,234
bursty_high_s64,selected_ungated,0.0,95000,188,30,120,0,211,297,68,62,209,251
bursty_high_s64,selected_ungated,0.0,95001,192,35,140,0,178,309,121,109,175,275
bursty_high_s64,selected_ungated,0.0,95002,164,28,112,0,215,297,111,102,211,253
bursty_high_s64,selected_ungated,0.0,95003,179,30,120,0,154,368,103,88,152,294
bursty_high_s64,selected_ungated,0.0,95004,175,34,136,0,170,337,109,97,165,292
bursty_high_s64,baseline,0.5,95000,0,0,0,0,222,318,0,0,219,262
bursty_high_s64,baseline,0.5,95001,0,0,0,0,231,229,0,0,226,191
bursty_high_s64,baseline,0.5,95002,0,0,0,0,171,274,0,0,168,229
bursty_high_s64,baseline,0.5,95003,0,0,0,0,173,303,0,0,168,232
bursty_high_s64,baseline,0.5,95004,0,0,0,0,153,325,0,0,152,260
bursty_high_s64,selected_gated,0.5,95000,230,35,135,5,200,269,141,100,197,233
bursty_high_s64,selected_gated,0.5,95001,192,28,109,3,181,281,108,91,176,252
bursty_high_s64,selected_gated,0.5,95002,180,28,107,5,199,265,101,86,198,224
bursty_high_s64,selected_gated,0.5,95003,188,31,121,3,177,328,75,70,175,261
bursty_high_s64,selected_gated,0.5,95004,218,32,123,5,218,284,124,110,211,230
bursty_high_s64,selected_ungated,0.5,95000,217,35,140,0,242,299,102,83,238,262
bursty_high_s64,selected_ungated,0.5,95001,224,31,124,0,212,294,101,81,210,262
bursty_high_s64,selected_ungated,0.5,95002,180,29,116,0,220,298,86,77,217,251
bursty_high_s64,selected_ungated,0.5,95003,168,28,112,0,171,335,95,69,164,270
bursty_high_s64,selected_ungated,0.5,95004,188,37,148,0,169,327,162,147,162,270
bursty_high_s64,baseline,2.0,95000,0,0,0,0,226,250,0,0,222,208
bursty_high_s64,baseline,2.0,95001,0,0,0,0,230,294,0,0,224,250
bursty_high_s64,baseline,2.0,95002,0,0,0,0,243,290,0,0,237,257
bursty_high_s64,baseline,2.0,95003,0,0,0,0,203,307,0,0,201,240
bursty_high_s64,baseline,2.0,95004,0,0,0,0,196,282,0,0,184,235
bursty_high_s64,selected_gated,2.0,95000,203,31,122,2,261,231,122,96,256,206
bursty_high_s64,selected_gated,2.0,95001,238,32,125,3,200,226,125,107,198,187
bursty_high_s64,selected_gated,2.0,95002,193,33,127,5,204,279,103,90,202,252
bursty_high_s64,selected_gated,2.0,95003,225,31,122,2,173,317,134,99,168,253
bursty_high_s64,selected_gated,2.0,95004,188,36,142,2,194,240,132,115,188,198
bursty_high_s64,selected_ungated,2.0,95000,175,33,132,0,208,275,98,79,202,246
bursty_high_s64,selected_ungated,2.0,95001,207,32,128,0,239,242,90,72,232,216
bursty_high_s64,selected_ungated,2.0,95002,199,33,132,0,265,283,177,148,264,245
bursty_high_s64,selected_ungated,2.0,95003,170,32,128,0,180,311,85,77,178,258
bursty_high_s64,selected_ungated,2.0,95004,215,35,140,0,252,326,124,107,247,276
stacked_high,baseline,0.0,95100,0,0,0,0,195,153,0,0,49,58
stacked_high,baseline,0.0,95101,0,0,0,0,183,146,0,0,42,54
stacked_high,baseline,0.0,95102,0,0,0,0,235,156,0,0,61,58
stacked_high,baseline,0.0,95103,0,0,0,0,174,158,0,0,32,62
stacked_high,baseline,0.0,95104,0,0,0,0,173,156,0,0,29,54
stacked_high,selected_gated,0.0,95100,121,12,47,1,83,139,108,22,23,72
stacked_high,selected_gated,0.0,95101,138,13,51,1,72,155,71,19,22,51
stacked_high,selected_gated,0.0,95102,115,13,48,4,74,158,97,6,16,60
stacked_high,selected_gated,0.0,95103,144,13,50,2,92,146,66,12,28,47
stacked_high,selected_gated,0.0,95104,142,13,50,2,81,146,100,21,30,58
stacked_high,selected_ungated,0.0,95100,149,13,52,0,118,150,63,10,45,55
stacked_high,selected_ungated,0.0,95101,151,13,52,0,51,145,114,46,23,66
stacked_high,selected_ungated,0.0,95102,149,13,52,0,77,156,54,14,24,46
stacked_high,selected_ungated,0.0,95103,134,12,48,0,91,151,87,6,19,51
stacked_high,selected_ungated,0.0,95104,144,13,52,0,97,151,108,13,18,49
stacked_high,baseline,0.5,95100,0,0,0,0,191,150,0,0,47,54
stacked_high,baseline,0.5,95101,0,0,0,0,181,146,0,0,40,54
stacked_high,baseline,0.5,95102,0,0,0,0,226,159,0,0,52,60
stacked_high,baseline,0.5,95103,0,0,0,0,168,157,0,0,33,53
stacked_high,baseline,0.5,95104,0,0,0,0,176,152,0,0,31,53
stacked_high,selected_gated,0.5,95100,129,13,51,1,81,135,112,33,23,61
stacked_high,selected_gated,0.5,95101,137,12,48,0,95,149,71,13,28,57
stacked_high,selected_gated,0.5,95102,127,12,46,2,78,157,113,15,17,59
stacked_high,selected_gated,0.5,95103,144,13,50,2,101,151,68,12,30,57
stacked_high,selected_gated,0.5,95104,135,12,46,2,92,144,109,33,26,66
stacked_high,selected_ungated,0.5,95100,148,13,52,0,89,145,109,19,27,57
stacked_high,selected_ungated,0.5,95101,151,13,52,0,53,140,118,51,25,64
stacked_high,selected_ungated,0.5,95102,148,13,52,0,106,155,67,11,18,51
stacked_high,selected_ungated,0.5,95103,142,13,52,0,105,155,87,7,21,53
stacked_high,selected_ungated,0.5,95104,148,13,52,0,99,153,83,8,20,52
stacked_high,baseline,2.0,95100,0,0,0,0,187,150,0,0,50,64
stacked_high,baseline,2.0,95101,0,0,0,0,180,143,0,0,39,61
stacked_high,baseline,2.0,95102,0,0,0,0,242,146,0,0,59,57
stacked_high,baseline,2.0,95103,0,0,0,0,169,157,0,0,39,50
stacked_high,baseline,2.0,95104,0,0,0,0,184,155,0,0,35,60
stacked_high,selected_gated,2.0,95100,127,13,51,1,83,131,120,35,28,63
stacked_high,selected_gated,2.0,95101,146,13,52,0,81,154,66,18,31,54
stacked_high,selected_gated,2.0,95102,145,13,50,2,60,157,117,17,13,58
stacked_high,selected_gated,2.0,95103,144,13,50,2,87,148,70,14,19,57
stacked_high,selected_gated,2.0,95104,140,13,50,2,77,147,107,30,26,61
stacked_high,selected_ungated,2.0,95100,148,13,52,0,102,144,92,13,37,55
stacked_high,selected_ungated,2.0,95101,151,13,52,0,54,142,118,53,26,74
stacked_high,selected_ungated,2.0,95102,149,13,52,0,88,152,72,15,17,60
stacked_high,selected_ungated,2.0,95103,137,13,52,0,95,152,93,6,17,47
stacked_high,selected_ungated,2.0,95104,148,13,52,0,114,151,104,13,22,59
