config,workload,penalty,metric,pct,wins,harms,ties,n_eff,sign_p
q2_a0.8_or,bursty_high_s24,0.0,avg_wait,2.018,5,16,9,21,0.02660369873046875
q4_a0.8_or,bursty_high_s24,0.0,avg_wait,2.018,5,16,9,21,0.02660369873046875
q8_a0.8_or,bursty_high_s24,0.0,avg_wait,2.018,5,16,9,21,0.02660369873046875
q2_a0.8_or,rate0.5_s4,0.0,avg_wait,6.773,9,21,0,30,0.04277394525706768
q2_a0.8_or,rate0.5_s4,0.0,p95_wait,20.305,7,20,3,27,0.0191572904586792
q2_a1.5_or,rate0.5_s4,0.0,avg_wait,6.773,9,21,0,30,0.04277394525706768
q2_a1.5_or,rate0.5_s4,0.0,p95_wait,20.305,7,20,3,27,0.0191572904586792
q2_a0.8_or,rate0.5_s4,2.0,avg_wait,5.973,9,21,0,30,0.04277394525706768
q2_a0.8_or,rate0.5_s4,2.0,p95_wait,14.216,7,18,5,25,0.043285250663757324
q2_a1.5_or,rate0.5_s4,2.0,avg_wait,5.973,9,21,0,30,0.04277394525706768
q2_a1.5_or,rate0.5_s4,2.0,p95_wait,14.216,7,18,5,25,0.043285250663757324
