workload,penalty,config,seed,baseline_p95_wait,burst_aware_p95_wait,baseline_avg_wait,burst_aware_avg_wait,baseline_avg_slowdown,burst_aware_avg_slowdown,detector_fires,recall,precision,sched_cores_scanned
stacked_low,0.0,q2_a0.8_or,10000,8.0,8.0,2.715,2.545,1.4738516297301216,1.4325481493495553,50,1.0,1.0,384793
stacked_low,0.0,q2_a0.8_or,10001,8.0,8.0,2.73,2.63,1.433573428555805,1.3725729701814615,50,1.0,1.0,395652
stacked_low,0.0,q2_a0.8_or,10002,8.0,8.0,2.66,2.68,1.443794288468824,1.4157771178130563,50,1.0,1.0,386581
stacked_low,0.0,q2_a0.8_or,10003,7.0,7.0,2.635,2.5,1.4735529874911735,1.4481491671433193,50,1.0,1.0,392010
stacked_low,0.0,q2_a0.8_or,10004,8.0,8.0,2.53,2.75,1.3622453226038513,1.4179677209955768,50,1.0,1.0,394225
stacked_low,0.0,q2_a0.8_or,10005,7.0,8.0,2.55,2.5,1.4040741318862757,1.3763840838809736,50,1.0,1.0,394327
stacked_low,0.0,q2_a0.8_or,10006,7.0,8.0,2.615,2.515,1.4848405928329216,1.4404825515950421,50,1.0,1.0,381212
stacked_low,0.0,q2_a0.8_or,10007,7.0,8.0,2.47,2.545,1.389030882026618,1.3534648243865846,50,1.0,1.0,386366
stacked_low,0.0,q2_a0.8_or,10008,7.0,8.0,2.55,2.61,1.4296174952899636,1.4312231417066108,50,1.0,1.0,381539
stacked_low,0.0,q2_a0.8_or,10009,8.0,8.0,2.535,2.695,1.3961672912482532,1.3884412815700395,50,1.0,1.0,388650
stacked_low,0.0,q2_a0.8_or,10010,8.0,8.0,2.495,2.475,1.4128703572314516,1.3875634813654907,49,0.98,1.0,391281
stacked_low,0.0,q2_a0.8_or,10011,9.0,7.0,2.675,2.48,1.419302396682655,1.3260236850060991,48,0.96,1.0,388685
stacked_low,0.0,q2_a0.8_or,10012,9.0,8.0,2.735,2.76,1.4064463532550422,1.3577663946774339,50,1.0,1.0,386753
stacked_low,0.0,q2_a0.8_or,10013,8.0,8.0,2.55,2.59,1.4257209609326993,1.4408300025869798,50,1.0,1.0,390286
stacked_low,0.0,q2_a0.8_or,10014,8.0,8.0,2.65,2.685,1.4569921152305954,1.3874067489174013,49,0.98,1.0,387140
stacked_low,0.0,q2_a0.8_or,10015,8.0,8.0,2.505,2.68,1.4197160958408352,1.4394804677409356,50,1.0,1.0,389111
stacked_low,0.0,q2_a0.8_or,10016,7.0,8.0,2.53,2.59,1.3898922492408219,1.3796277820446181,50,1.0,1.0,386923
stacked_low,0.0,q2_a0.8_or,10017,7.0,8.0,2.595,2.59,1.474825282482579,1.4460760037061462,50,1.0,1.0,379070
stacked_low,0.0,q2_a0.8_or,10018,8.0,8.0,2.68,2.7,1.4494173873910696,1.4582379711020468,50,1.0,1.0,380931
stacked_low,0.0,q2_a0.8_or,10019,8.0,8.0,2.685,2.54,1.4418797170776114,1.3940056234432245,49,0.98,1.0,385705
stacked_low,0.0,q2_a0.8_or,10020,7.0,7.0,2.5,2.5,1.4129838392249434,1.3843614399102993,50,1.0,1.0,388497
stacked_low,0.0,q2_a0.8_or,10021,7.0,8.0,2.565,2.535,1.413885574845547,1.432820616496563,50,1.0,1.0,387291
stacked_low,0.0,q2_a0.8_or,10022,8.0,7.0,2.685,2.425,1.3779281522162865,1.3421092270865143,50,1.0,1.0,385629
stacked_low,0.0,q2_a0.8_or,10023,8.0,8.0,2.685,2.5,1.404477026295484,1.3514226632070996,50,1.0,1.0,394966
stacked_low,0.0,q2_a0.8_or,10024,8.0,8.0,2.63,2.545,1.4070326362652947,1.397434122020791,50,1.0,1.0,386399
stacked_low,0.0,q2_a0.8_or,10025,7.0,8.0,2.585,2.525,1.451724414584152,1.3809352662469192,50,1.0,1.0,395849
stacked_low,0.0,q2_a0.8_or,10026,9.0,8.0,2.82,2.705,1.4651857578760954,1.4038042593226776,48,0.96,1.0,382648
stacked_low,0.0,q2_a0.8_or,10027,7.0,8.0,2.445,2.59,1.3666336637916903,1.3769602999616677,50,1.0,1.0,389951
stacked_low,0.0,q2_a0.8_or,10028,8.0,8.0,2.65,2.51,1.468191717658174,1.4359501297421147,50,1.0,1.0,388702
stacked_low,0.0,q2_a0.8_or,10029,8.0,8.0,2.605,2.56,1.438477849177632,1.4317150736521678,50,1.0,1.0,389353
stacked_low,0.0,q2_a0.8_and,10000,8.0,8.0,2.715,2.715,1.4738516297301216,1.4738516297301216,0,0.0,,386131
stacked_low,0.0,q2_a0.8_and,10001,8.0,8.0,2.73,2.73,1.433573428555805,1.433573428555805,0,0.0,,384761
stacked_low,0.0,q2_a0.8_and,10002,8.0,8.0,2.66,2.66,1.443794288468824,1.443794288468824,0,0.0,,381779
stacked_low,0.0,q2_a0.8_and,10003,7.0,7.0,2.635,2.635,1.4735529874911735,1.4735529874911735,0,0.0,,391814
stacked_low,0.0,q2_a0.8_and,10004,8.0,8.0,2.53,2.53,1.3622453226038513,1.3622453226038513,0,0.0,,386738
stacked_low,0.0,q2_a0.8_and,10005,7.0,7.0,2.55,2.55,1.4040741318862757,1.4040741318862757,0,0.0,,390902
stacked_low,0.0,q2_a0.8_and,10006,7.0,7.0,2.615,2.615,1.4848405928329216,1.4848405928329216,0,0.0,,378150
stacked_low,0.0,q2_a0.8_and,10007,7.0,7.0,2.47,2.47,1.389030882026618,1.389030882026618,0,0.0,,377839
stacked_low,0.0,q2_a0.8_and,10008,7.0,7.0,2.55,2.55,1.4296174952899636,1.4296174952899636,0,0.0,,388594
stacked_low,0.0,q2_a0.8_and,10009,8.0,8.0,2.535,2.535,1.3961672912482532,1.3961672912482532,0,0.0,,377952
stacked_low,0.0,q2_a0.8_and,10010,8.0,8.0,2.495,2.495,1.4128703572314516,1.4128703572314516,0,0.0,,388883
stacked_low,0.0,q2_a0.8_and,10011,9.0,9.0,2.675,2.675,1.419302396682655,1.419302396682655,0,0.0,,383671
stacked_low,0.0,q2_a0.8_and,10012,9.0,9.0,2.735,2.735,1.4064463532550422,1.4064463532550422,0,0.0,,380059
stacked_low,0.0,q2_a0.8_and,10013,8.0,8.0,2.55,2.55,1.4257209609326993,1.4257209609326993,0,0.0,,383885
stacked_low,0.0,q2_a0.8_and,10014,8.0,8.0,2.65,2.65,1.4569921152305954,1.4569921152305954,0,0.0,,382048
stacked_low,0.0,q2_a0.8_and,10015,8.0,8.0,2.505,2.505,1.4197160958408352,1.4197160958408352,0,0.0,,383406
stacked_low,0.0,q2_a0.8_and,10016,7.0,7.0,2.53,2.53,1.3898922492408219,1.3898922492408219,0,0.0,,386659
stacked_low,0.0,q2_a0.8_and,10017,7.0,7.0,2.595,2.595,1.474825282482579,1.474825282482579,0,0.0,,376088
stacked_low,0.0,q2_a0.8_and,10018,8.0,8.0,2.68,2.68,1.4494173873910696,1.4494173873910696,0,0.0,,375579
stacked_low,0.0,q2_a0.8_and,10019,8.0,8.0,2.685,2.685,1.4418797170776114,1.4418797170776114,0,0.0,,381362
stacked_low,0.0,q2_a0.8_and,10020,7.0,7.0,2.5,2.5,1.4129838392249434,1.4129838392249434,0,0.0,,379370
stacked_low,0.0,q2_a0.8_and,10021,7.0,7.0,2.565,2.565,1.413885574845547,1.413885574845547,0,0.0,,382369
stacked_low,0.0,q2_a0.8_and,10022,8.0,8.0,2.685,2.685,1.3779281522162865,1.3779281522162865,0,0.0,,392732
stacked_low,0.0,q2_a0.8_and,10023,8.0,8.0,2.685,2.685,1.404477026295484,1.404477026295484,0,0.0,,383768
stacked_low,0.0,q2_a0.8_and,10024,8.0,8.0,2.63,2.63,1.4070326362652947,1.4070326362652947,0,0.0,,387107
stacked_low,0.0,q2_a0.8_and,10025,7.0,7.0,2.585,2.585,1.451724414584152,1.451724414584152,0,0.0,,385949
stacked_low,0.0,q2_a0.8_and,10026,9.0,9.0,2.82,2.82,1.4651857578760954,1.4651857578760954,0,0.0,,388391
stacked_low,0.0,q2_a0.8_and,10027,7.0,7.0,2.445,2.445,1.3666336637916903,1.3666336637916903,0,0.0,,378020
stacked_low,0.0,q2_a0.8_and,10028,8.0,8.0,2.65,2.65,1.468191717658174,1.468191717658174,0,0.0,,379726
stacked_low,0.0,q2_a0.8_and,10029,8.0,8.0,2.605,2.605,1.438477849177632,1.438477849177632,0,0.0,,380186
stacked_low,0.0,q2_a1.5_or,10000,8.0,8.0,2.715,2.545,1.4738516297301216,1.4325481493495553,50,1.0,1.0,384793
stacked_low,0.0,q2_a1.5_or,10001,8.0,8.0,2.73,2.63,1.433573428555805,1.3725729701814615,50,1.0,1.0,395652
stacked_low,0.0,q2_a1.5_or,10002,8.0,8.0,2.66,2.68,1.443794288468824,1.4157771178130563,50,1.0,1.0,386581
stacked_low,0.0,q2_a1.5_or,10003,7.0,7.0,2.635,2.5,1.4735529874911735,1.4481491671433193,50,1.0,1.0,392010
stacked_low,0.0,q2_a1.5_or,10004,8.0,8.0,2.53,2.75,1.3622453226038513,1.4179677209955768,50,1.0,1.0,394225
stacked_low,0.0,q2_a1.5_or,10005,7.0,8.0,2.55,2.5,1.4040741318862757,1.3763840838809736,50,1.0,1.0,394327
stacked_low,0.0,q2_a1.5_or,10006,7.0,8.0,2.615,2.515,1.4848405928329216,1.4404825515950421,50,1.0,1.0,381212
stacked_low,0.0,q2_a1.5_or,10007,7.0,8.0,2.47,2.545,1.389030882026618,1.3534648243865846,50,1.0,1.0,386366
stacked_low,0.0,q2_a1.5_or,10008,7.0,8.0,2.55,2.61,1.4296174952899636,1.4312231417066108,50,1.0,1.0,381539
stacked_low,0.0,q2_a1.5_or,10009,8.0,8.0,2.535,2.695,1.3961672912482532,1.3884412815700395,50,1.0,1.0,388650
stacked_low,0.0,q2_a1.5_or,10010,8.0,8.0,2.495,2.475,1.4128703572314516,1.3875634813654907,49,0.98,1.0,391281
stacked_low,0.0,q2_a1.5_or,10011,9.0,7.0,2.675,2.48,1.419302396682655,1.3260236850060991,48,0.96,1.0,388685
stacked_low,0.0,q2_a1.5_or,10012,9.0,8.0,2.735,2.76,1.4064463532550422,1.3577663946774339,50,1.0,1.0,386753
stacked_low,0.0,q2_a1.5_or,10013,8.0,8.0,2.55,2.59,1.4257209609326993,1.4408300025869798,50,1.0,1.0,390286
stacked_low,0.0,q2_a1.5_or,10014,8.0,8.0,2.65,2.685,1.4569921152305954,1.3874067489174013,49,0.98,1.0,387140
stacked_low,0.0,q2_a1.5_or,10015,8.0,8.0,2.505,2.68,1.4197160958408352,1.4394804677409356,50,1.0,1.0,389111
stacked_low,0.0,q2_a1.5_or,10016,7.0,8.0,2.53,2.59,1.3898922492408219,1.3796277820446181,50,1.0,1.0,386923
stacked_low,0.0,q2_a1.5_or,10017,7.0,8.0,2.595,2.59,1.474825282482579,1.4460760037061462,50,1.0,1.0,379070
stacked_low,0.0,q2_a1.5_or,10018,8.0,8.0,2.68,2.7,1.4494173873910696,1.4582379711020468,50,1.0,1.0,380931
stacked_low,0.0,q2_a1.5_or,10019,8.0,8.0,2.685,2.54,1.4418797170776114,1.3940056234432245,49,0.98,1.0,385705
stacked_low,0.0,q2_a1.5_or,10020,7.0,7.0,2.5,2.5,1.4129838392249434,1.3843614399102993,50,1.0,1.0,388497
stacked_low,0.0,q2_a1.5_or,10021,7.0,8.0,2.565,2.535,1.413885574845547,1.432820616496563,50,1.0,1.0,387291
stacked_low,0.0,q2_a1.5_or,10022,8.0,7.0,2.685,2.425,1.3779281522162865,1.3421092270865143,50,1.0,1.0,385629
stacked_low,0.0,q2_a1.5_or,10023,8.0,8.0,2.685,2.5,1.404477026295484,1.3514226632070996,50,1.0,1.0,394966
stacked_low,0.0,q2_a1.5_or,10024,8.0,8.0,2.63,2.545,1.4070326362652947,1.397434122020791,50,1.0,1.0,386399
stacked_low,0.0,q2_a1.5_or,10025,7.0,8.0,2.585,2.525,1.451724414584152,1.3809352662469192,50,1.0,1.0,395849
stacked_low,0.0,q2_a1.5_or,10026,9.0,8.0,2.82,2.705,1.4651857578760954,1.4038042593226776,48,0.96,1.0,382648
stacked_low,0.0,q2_a1.5_or,10027,7.0,8.0,2.445,2.59,1.3666336637916903,1.3769602999616677,50,1.0,1.0,389951
stacked_low,0.0,q2_a1.5_or,10028,8.0,8.0,2.65,2.51,1.468191717658174,1.4359501297421147,50,1.0,1.0,388702
stacked_low,0.0,q2_a1.5_or,10029,8.0,8.0,2.605,2.56,1.438477849177632,1.4317150736521678,50,1.0,1.0,389353
stacked_low,0.0,q2_a1.5_and,10000,8.0,8.0,2.715,2.715,1.4738516297301216,1.4738516297301216,0,0.0,,386131
stacked_low,0.0,q2_a1.5_and,10001,8.0,8.0,2.73,2.73,1.433573428555805,1.433573428555805,0,0.0,,384761
stacked_low,0.0,q2_a1.5_and,10002,8.0,8.0,2.66,2.66,1.443794288468824,1.443794288468824,0,0.0,,381779
stacked_low,0.0,q2_a1.5_and,10003,7.0,7.0,2.635,2.635,1.4735529874911735,1.4735529874911735,0,0.0,,391814
stacked_low,0.0,q2_a1.5_and,10004,8.0,8.0,2.53,2.53,1.3622453226038513,1.3622453226038513,0,0.0,,386738
stacked_low,0.0,q2_a1.5_and,10005,7.0,7.0,2.55,2.55,1.4040741318862757,1.4040741318862757,0,0.0,,390902
stacked_low,0.0,q2_a1.5_and,10006,7.0,7.0,2.615,2.615,1.4848405928329216,1.4848405928329216,0,0.0,,378150
stacked_low,0.0,q2_a1.5_and,10007,7.0,7.0,2.47,2.47,1.389030882026618,1.389030882026618,0,0.0,,377839
stacked_low,0.0,q2_a1.5_and,10008,7.0,7.0,2.55,2.55,1.4296174952899636,1.4296174952899636,0,0.0,,388594
stacked_low,0.0,q2_a1.5_and,10009,8.0,8.0,2.535,2.535,1.3961672912482532,1.3961672912482532,0,0.0,,377952
stacked_low,0.0,q2_a1.5_and,10010,8.0,8.0,2.495,2.495,1.4128703572314516,1.4128703572314516,0,0.0,,388883
stacked_low,0.0,q2_a1.5_and,10011,9.0,9.0,2.675,2.675,1.419302396682655,1.419302396682655,0,0.0,,383671
stacked_low,0.0,q2_a1.5_and,10012,9.0,9.0,2.735,2.735,1.4064463532550422,1.4064463532550422,0,0.0,,380059
stacked_low,0.0,q2_a1.5_and,10013,8.0,8.0,2.55,2.55,1.4257209609326993,1.4257209609326993,0,0.0,,383885
stacked_low,0.0,q2_a1.5_and,10014,8.0,8.0,2.65,2.65,1.4569921152305954,1.4569921152305954,0,0.0,,382048
stacked_low,0.0,q2_a1.5_and,10015,8.0,8.0,2.505,2.505,1.4197160958408352,1.4197160958408352,0,0.0,,383406
stacked_low,0.0,q2_a1.5_and,10016,7.0,7.0,2.53,2.53,1.3898922492408219,1.3898922492408219,0,0.0,,386659
stacked_low,0.0,q2_a1.5_and,10017,7.0,7.0,2.595,2.595,1.474825282482579,1.474825282482579,0,0.0,,376088
stacked_low,0.0,q2_a1.5_and,10018,8.0,8.0,2.68,2.68,1.4494173873910696,1.4494173873910696,0,0.0,,375579
stacked_low,0.0,q2_a1.5_and,10019,8.0,8.0,2.685,2.685,1.4418797170776114,1.4418797170776114,0,0.0,,381362
stacked_low,0.0,q2_a1.5_and,10020,7.0,7.0,2.5,2.5,1.4129838392249434,1.4129838392249434,0,0.0,,379370
stacked_low,0.0,q2_a1.5_and,10021,7.0,7.0,2.565,2.565,1.413885574845547,1.413885574845547,0,0.0,,382369
stacked_low,0.0,q2_a1.5_and,10022,8.0,8.0,2.685,2.685,1.3779281522162865,1.3779281522162865,0,0.0,,392732
stacked_low,0.0,q2_a1.5_and,10023,8.0,8.0,2.685,2.685,1.404477026295484,1.404477026295484,0,0.0,,383768
stacked_low,0.0,q2_a1.5_and,10024,8.0,8.0,2.63,2.63,1.4070326362652947,1.4070326362652947,0,0.0,,387107
stacked_low,0.0,q2_a1.5_and,10025,7.0,7.0,2.585,2.585,1.451724414584152,1.451724414584152,0,0.0,,385949
stacked_low,0.0,q2_a1.5_and,10026,9.0,9.0,2.82,2.82,1.4651857578760954,1.4651857578760954,0,0.0,,388391
stacked_low,0.0,q2_a1.5_and,10027,7.0,7.0,2.445,2.445,1.3666336637916903,1.3666336637916903,0,0.0,,378020
stacked_low,0.0,q2_a1.5_and,10028,8.0,8.0,2.65,2.65,1.468191717658174,1.468191717658174,0,0.0,,379726
stacked_low,0.0,q2_a1.5_and,10029,8.0,8.0,2.605,2.605,1.438477849177632,1.438477849177632,0,0.0,,380186
stacked_low,0.0,q4_a0.8_or,10000,8.0,8.0,2.715,2.715,1.4738516297301216,1.4738516297301216,0,0.0,,386131
stacked_low,0.0,q4_a0.8_or,10001,8.0,8.0,2.73,2.73,1.433573428555805,1.433573428555805,0,0.0,,384761
stacked_low,0.0,q4_a0.8_or,10002,8.0,8.0,2.66,2.66,1.443794288468824,1.443794288468824,0,0.0,,381779
stacked_low,0.0,q4_a0.8_or,10003,7.0,7.0,2.635,2.635,1.4735529874911735,1.4735529874911735,0,0.0,,391814
stacked_low,0.0,q4_a0.8_or,10004,8.0,8.0,2.53,2.53,1.3622453226038513,1.3622453226038513,0,0.0,,386738
stacked_low,0.0,q4_a0.8_or,10005,7.0,7.0,2.55,2.55,1.4040741318862757,1.4040741318862757,0,0.0,,390902
stacked_low,0.0,q4_a0.8_or,10006,7.0,7.0,2.615,2.615,1.4848405928329216,1.4848405928329216,0,0.0,,378150
stacked_low,0.0,q4_a0.8_or,10007,7.0,7.0,2.47,2.47,1.389030882026618,1.389030882026618,0,0.0,,377839
stacked_low,0.0,q4_a0.8_or,10008,7.0,7.0,2.55,2.55,1.4296174952899636,1.4296174952899636,0,0.0,,388594
stacked_low,0.0,q4_a0.8_or,10009,8.0,8.0,2.535,2.535,1.3961672912482532,1.3961672912482532,0,0.0,,377952
stacked_low,0.0,q4_a0.8_or,10010,8.0,8.0,2.495,2.495,1.4128703572314516,1.4128703572314516,0,0.0,,388883
stacked_low,0.0,q4_a0.8_or,10011,9.0,9.0,2.675,2.675,1.419302396682655,1.419302396682655,0,0.0,,383671
stacked_low,0.0,q4_a0.8_or,10012,9.0,9.0,2.735,2.735,1.4064463532550422,1.4064463532550422,0,0.0,,380059
stacked_low,0.0,q4_a0.8_or,10013,8.0,8.0,2.55,2.55,1.4257209609326993,1.4257209609326993,0,0.0,,383885
stacked_low,0.0,q4_a0.8_or,10014,8.0,8.0,2.65,2.65,1.4569921152305954,1.4569921152305954,0,0.0,,382048
stacked_low,0.0,q4_a0.8_or,10015,8.0,8.0,2.505,2.505,1.4197160958408352,1.4197160958408352,0,0.0,,383406
stacked_low,0.0,q4_a0.8_or,10016,7.0,7.0,2.53,2.53,1.3898922492408219,1.3898922492408219,0,0.0,,386659
stacked_low,0.0,q4_a0.8_or,10017,7.0,7.0,2.595,2.595,1.474825282482579,1.474825282482579,0,0.0,,376088
stacked_low,0.0,q4_a0.8_or,10018,8.0,8.0,2.68,2.68,1.4494173873910696,1.4494173873910696,0,0.0,,375579
stacked_low,0.0,q4_a0.8_or,10019,8.0,8.0,2.685,2.685,1.4418797170776114,1.4418797170776114,0,0.0,,381362
stacked_low,0.0,q4_a0.8_or,10020,7.0,7.0,2.5,2.5,1.4129838392249434,1.4129838392249434,0,0.0,,379370
stacked_low,0.0,q4_a0.8_or,10021,7.0,7.0,2.565,2.565,1.413885574845547,1.413885574845547,0,0.0,,382369
stacked_low,0.0,q4_a0.8_or,10022,8.0,8.0,2.685,2.685,1.3779281522162865,1.3779281522162865,0,0.0,,392732
stacked_low,0.0,q4_a0.8_or,10023,8.0,8.0,2.685,2.685,1.404477026295484,1.404477026295484,0,0.0,,383768
stacked_low,0.0,q4_a0.8_or,10024,8.0,8.0,2.63,2.63,1.4070326362652947,1.4070326362652947,0,0.0,,387107
stacked_low,0.0,q4_a0.8_or,10025,7.0,7.0,2.585,2.585,1.451724414584152,1.451724414584152,0,0.0,,385949
stacked_low,0.0,q4_a0.8_or,10026,9.0,9.0,2.82,2.82,1.4651857578760954,1.4651857578760954,0,0.0,,388391
stacked_low,0.0,q4_a0.8_or,10027,7.0,7.0,2.445,2.445,1.3666336637916903,1.3666336637916903,0,0.0,,378020
stacked_low,0.0,q4_a0.8_or,10028,8.0,8.0,2.65,2.65,1.468191717658174,1.468191717658174,0,0.0,,379726
stacked_low,0.0,q4_a0.8_or,10029,8.0,8.0,2.605,2.605,1.438477849177632,1.438477849177632,0,0.0,,380186
stacked_low,0.0,q4_a0.8_and,10000,8.0,8.0,2.715,2.715,1.4738516297301216,1.4738516297301216,0,0.0,,386131
stacked_low,0.0,q4_a0.8_and,10001,8.0,8.0,2.73,2.73,1.433573428555805,1.433573428555805,0,0.0,,384761
stacked_low,0.0,q4_a0.8_and,10002,8.0,8.0,2.66,2.66,1.443794288468824,1.443794288468824,0,0.0,,381779
stacked_low,0.0,q4_a0.8_and,10003,7.0,7.0,2.635,2.635,1.4735529874911735,1.4735529874911735,0,0.0,,391814
stacked_low,0.0,q4_a0.8_and,10004,8.0,8.0,2.53,2.53,1.3622453226038513,1.3622453226038513,0,0.0,,386738
stacked_low,0.0,q4_a0.8_and,10005,7.0,7.0,2.55,2.55,1.4040741318862757,1.4040741318862757,0,0.0,,390902
stacked_low,0.0,q4_a0.8_and,10006,7.0,7.0,2.615,2.615,1.4848405928329216,1.4848405928329216,0,0.0,,378150
stacked_low,0.0,q4_a0.8_and,10007,7.0,7.0,2.47,2.47,1.389030882026618,1.389030882026618,0,0.0,,377839
stacked_low,0.0,q4_a0.8_and,10008,7.0,7.0,2.55,2.55,1.4296174952899636,1.4296174952899636,0,0.0,,388594
stacked_low,0.0,q4_a0.8_and,10009,8.0,8.0,2.535,2.535,1.3961672912482532,1.3961672912482532,0,0.0,,377952
stacked_low,0.0,q4_a0.8_and,10010,8.0,8.0,2.495,2.495,1.4128703572314516,1.4128703572314516,0,0.0,,388883
stacked_low,0.0,q4_a0.8_and,10011,9.0,9.0,2.675,2.675,1.419302396682655,1.419302396682655,0,0.0,,383671
stacked_low,0.0,q4_a0.8_and,10012,9.0,9.0,2.735,2.735,1.4064463532550422,1.4064463532550422,0,0.0,,380059
stacked_low,0.0,q4_a0.8_and,10013,8.0,8.0,2.55,2.55,1.4257209609326993,1.4257209609326993,0,0.0,,383885
stacked_low,0.0,q4_a0.8_and,10014,8.0,8.0,2.65,2.65,1.4569921152305954,1.4569921152305954,0,0.0,,382048
stacked_low,0.0,q4_a0.8_and,10015,8.0,8.0,2.505,2.505,1.4197160958408352,1.4197160958408352,0,0.0,,383406
stacked_low,0.0,q4_a0.8_and,10016,7.0,7.0,2.53,2.53,1.3898922492408219,1.3898922492408219,0,0.0,,386659
stacked_low,0.0,q4_a0.8_and,10017,7.0,7.0,2.595,2.595,1.474825282482579,1.474825282482579,0,0.0,,376088
stacked_low,0.0,q4_a0.8_and,10018,8.0,8.0,2.68,2.68,1.4494173873910696,1.4494173873910696,0,0.0,,375579
stacked_low,0.0,q4_a0.8_and,10019,8.0,8.0,2.685,2.685,1.4418797170776114,1.4418797170776114,0,0.0,,381362
stacked_low,0.0,q4_a0.8_and,10020,7.0,7.0,2.5,2.5,1.4129838392249434,1.4129838392249434,0,0.0,,379370
stacked_low,0.0,q4_a0.8_and,10021,7.0,7.0,2.565,2.565,1.413885574845547,1.413885574845547,0,0.0,,382369
stacked_low,0.0,q4_a0.8_and,10022,8.0,8.0,2.685,2.685,1.3779281522162865,1.3779281522162865,0,0.0,,392732
stacked_low,0.0,q4_a0.8_and,10023,8.0,8.0,2.685,2.685,1.404477026295484,1.404477026295484,0,0.0,,383768
stacked_low,0.0,q4_a0.8_and,10024,8.0,8.0,2.63,2.63,1.4070326362652947,1.4070326362652947,0,0.0,,387107
stacked_low,0.0,q4_a0.8_and,10025,7.0,7.0,2.585,2.585,1.451724414584152,1.451724414584152,0,0.0,,385949
stacked_low,0.0,q4_a0.8_and,10026,9.0,9.0,2.82,2.82,1.4651857578760954,1.4651857578760954,0,0.0,,388391
stacked_low,0.0,q4_a0.8_and,10027,7.0,7.0,2.445,2.445,1.3666336637916903,1.3666336637916903,0,0.0,,378020
stacked_low,0.0,q4_a0.8_and,10028,8.0,8.0,2.65,2.65,1.468191717658174,1.468191717658174,0,0.0,,379726
stacked_low,0.0,q4_a0.8_and,10029,8.0,8.0,2.605,2.605,1.438477849177632,1.438477849177632,0,0.0,,380186
stacked_low,0.0,q4_a1.5_or,10000,8.0,8.0,2.715,2.715,1.4738516297301216,1.4738516297301216,0,0.0,,386131
stacked_low,0.0,q4_a1.5_or,10001,8.0,8.0,2.73,2.73,1.433573428555805,1.433573428555805,0,0.0,,384761
stacked_low,0.0,q4_a1.5_or,10002,8.0,8.0,2.66,2.66,1.443794288468824,1.443794288468824,0,0.0,,381779
stacked_low,0.0,q4_a1.5_or,10003,7.0,7.0,2.635,2.635,1.4735529874911735,1.4735529874911735,0,0.0,,391814
stacked_low,0.0,q4_a1.5_or,10004,8.0,8.0,2.53,2.53,1.3622453226038513,1.3622453226038513,0,0.0,,386738
stacked_low,0.0,q4_a1.5_or,10005,7.0,7.0,2.55,2.55,1.4040741318862757,1.4040741318862757,0,0.0,,390902
stacked_low,0.0,q4_a1.5_or,10006,7.0,7.0,2.615,2.615,1.4848405928329216,1.4848405928329216,0,0.0,,378150
stacked_low,0.0,q4_a1.5_or,10007,7.0,7.0,2.47,2.47,1.389030882026618,1.389030882026618,0,0.0,,377839
stacked_low,0.0,q4_a1.5_or,10008,7.0,7.0,2.55,2.55,1.4296174952899636,1.4296174952899636,0,0.0,,388594
stacked_low,0.0,q4_a1.5_or,10009,8.0,8.0,2.535,2.535,1.3961672912482532,1.3961672912482532,0,0.0,,377952
stacked_low,0.0,q4_a1.5_or,10010,8.0,8.0,2.495,2.495,1.4128703572314516,1.4128703572314516,0,0.0,,388883
stacked_low,0.0,q4_a1.5_or,10011,9.0,9.0,2.675,2.675,1.419302396682655,1.419302396682655,0,0.0,,383671
stacked_low,0.0,q4_a1.5_or,10012,9.0,9.0,2.735,2.735,1.4064463532550422,1.4064463532550422,0,0.0,,380059
stacked_low,0.0,q4_a1.5_or,10013,8.0,8.0,2.55,2.55,1.4257209609326993,1.4257209609326993,0,0.0,,383885
stacked_low,0.0,q4_a1.5_or,10014,8.0,8.0,2.65,2.65,1.4569921152305954,1.4569921152305954,0,0.0,,382048
stacked_low,0.0,q4_a1.5_or,10015,8.0,8.0,2.505,2.505,1.4197160958408352,1.4197160958408352,0,0.0,,383406
stacked_low,0.0,q4_a1.5_or,10016,7.0,7.0,2.53,2.53,1.3898922492408219,1.3898922492408219,0,0.0,,386659
stacked_low,0.0,q4_a1.5_or,10017,7.0,7.0,2.595,2.595,1.474825282482579,1.474825282482579,0,0.0,,376088
stacked_low,0.0,q4_a1.5_or,10018,8.0,8.0,2.68,2.68,1.4494173873910696,1.4494173873910696,0,0.0,,375579
stacked_low,0.0,q4_a1.5_or,10019,8.0,8.0,2.685,2.685,1.4418797170776114,1.4418797170776114,0,0.0,,381362
stacked_low,0.0,q4_a1.5_or,10020,7.0,7.0,2.5,2.5,1.4129838392249434,1.4129838392249434,0,0.0,,379370
stacked_low,0.0,q4_a1.5_or,10021,7.0,7.0,2.565,2.565,1.413885574845547,1.413885574845547,0,0.0,,382369
stacked_low,0.0,q4_a1.5_or,10022,8.0,8.0,2.685,2.685,1.3779281522162865,1.3779281522162865,0,0.0,,392732
stacked_low,0.0,q4_a1.5_or,10023,8.0,8.0,2.685,2.685,1.404477026295484,1.404477026295484,0,0.0,,383768
stacked_low,0.0,q4_a1.5_or,10024,8.0,8.0,2.63,2.63,1.4070326362652947,1.4070326362652947,0,0.0,,387107
stacked_low,0.0,q4_a1.5_or,10025,7.0,7.0,2.585,2.585,1.451724414584152,1.451724414584152,0,0.0,,385949
stacked_low,0.0,q4_a1.5_or,10026,9.0,9.0,2.82,2.82,1.4651857578760954,1.4651857578760954,0,0.0,,388391
stacked_low,0.0,q4_a1.5_or,10027,7.0,7.0,2.445,2.445,1.3666336637916903,1.3666336637916903,0,0.0,,378020
stacked_low,0.0,q4_a1.5_or,10028,8.0,8.0,2.65,2.65,1.468191717658174,1.468191717658174,0,0.0,,379726
stacked_low,0.0,q4_a1.5_or,10029,8.0,8.0,2.605,2.605,1.438477849177632,1.438477849177632,0,0.0,,380186
stacked_low,0.0,q4_a1.5_and,10000,8.0,8.0,2.715,2.715,1.4738516297301216,1.4738516297301216,0,0.0,,386131
stacked_low,0.0,q4_a1.5_and,10001,8.0,8.0,2.73,2.73,1.433573428555805,1.433573428555805,0,0.0,,384761
stacked_low,0.0,q4_a1.5_and,10002,8.0,8.0,2.66,2.66,1.443794288468824,1.443794288468824,0,0.0,,381779
stacked_low,0.0,q4_a1.5_and,10003,7.0,7.0,2.635,2.635,1.4735529874911735,1.4735529874911735,0,0.0,,391814
stacked_low,0.0,q4_a1.5_and,10004,8.0,8.0,2.53,2.53,1.3622453226038513,1.3622453226038513,0,0.0,,386738
stacked_low,0.0,q4_a1.5_and,10005,7.0,7.0,2.55,2.55,1.4040741318862757,1.4040741318862757,0,0.0,,390902
stacked_low,0.0,q4_a1.5_and,10006,7.0,7.0,2.615,2.615,1.4848405928329216,1.4848405928329216,0,0.0,,378150
stacked_low,0.0,q4_a1.5_and,10007,7.0,7.0,2.47,2.47,1.389030882026618,1.389030882026618,0,0.0,,377839
stacked_low,0.0,q4_a1.5_and,10008,7.0,7.0,2.55,2.55,1.4296174952899636,1.4296174952899636,0,0.0,,388594
stacked_low,0.0,q4_a1.5_and,10009,8.0,8.0,2.535,2.535,1.3961672912482532,1.3961672912482532,0,0.0,,377952
stacked_low,0.0,q4_a1.5_and,10010,8.0,8.0,2.495,2.495,1.4128703572314516,1.4128703572314516,0,0.0,,388883
stacked_low,0.0,q4_a1.5_and,10011,9.0,9.0,2.675,2.675,1.419302396682655,1.419302396682655,0,0.0,,383671
stacked_low,0.0,q4_a1.5_and,10012,9.0,9.0,2.735,2.735,1.4064463532550422,1.4064463532550422,0,0.0,,380059
stacked_low,0.0,q4_a1.5_and,10013,8.0,8.0,2.55,2.55,1.4257209609326993,1.4257209609326993,0,0.0,,383885
stacked_low,0.0,q4_a1.5_and,10014,8.0,8.0,2.65,2.65,1.4569921152305954,1.4569921152305954,0,0.0,,382048
stacked_low,0.0,q4_a1.5_and,10015,8.0,8.0,2.505,2.505,1.4197160958408352,1.4197160958408352,0,0.0,,383406
stacked_low,0.0,q4_a1.5_and,10016,7.0,7.0,2.53,2.53,1.3898922492408219,1.3898922492408219,0,0.0,,386659
stacked_low,0.0,q4_a1.5_and,10017,7.0,7.0,2.595,2.595,1.474825282482579,1.474825282482579,0,0.0,,376088
stacked_low,0.0,q4_a1.5_and,10018,8.0,8.0,2.68,2.68,1.4494173873910696,1.4494173873910696,0,0.0,,375579
stacked_low,0.0,q4_a1.5_and,10019,8.0,8.0,2.685,2.685,1.4418797170776114,1.4418797170776114,0,0.0,,381362
stacked_low,0.0,q4_a1.5_and,10020,7.0,7.0,2.5,2.5,1.4129838392249434,1.4129838392249434,0,0.0,,379370
stacked_low,0.0,q4_a1.5_and,10021,7.0,7.0,2.565,2.565,1.413885574845547,1.413885574845547,0,0.0,,382369
stacked_low,0.0,q4_a1.5_and,10022,8.0,8.0,2.685,2.685,1.3779281522162865,1.3779281522162865,0,0.0,,392732
stacked_low,0.0,q4_a1.5_and,10023,8.0,8.0,2.685,2.685,1.404477026295484,1.404477026295484,0,0.0,,383768
stacked_low,0.0,q4_a1.5_and,10024,8.0,8.0,2.63,2.63,1.4070326362652947,1.4070326362652947,0,0.0,,387107
stacked_low,0.0,q4_a1.5_and,10025,7.0,7.0,2.585,2.585,1.451724414584152,1.451724414584152,0,0.0,,385949
stacked_low,0.0,q4_a1.5_and,10026,9.0,9.0,2.82,2.82,1.4651857578760954,1.4651857578760954,0,0.0,,388391
stacked_low,0.0,q4_a1.5_and,10027,7.0,7.0,2.445,2.445,1.3666336637916903,1.3666336637916903,0,0.0,,378020
stacked_low,0.0,q4_a1.5_and,10028,8.0,8.0,2.65,2.65,1.468191717658174,1.468191717658174,0,0.0,,379726
stacked_low,0.0,q4_a1.5_and,10029,8.0,8.0,2.605,2.605,1.438477849177632,1.438477849177632,0,0.0,,380186
stacked_low,0.0,q8_a0.8_or,10000,8.0,8.0,2.715,2.715,1.4738516297301216,1.4738516297301216,0,0.0,,386131
stacked_low,0.0,q8_a0.8_or,10001,8.0,8.0,2.73,2.73,1.433573428555805,1.433573428555805,0,0.0,,384761
stacked_low,0.0,q8_a0.8_or,10002,8.0,8.0,2.66,2.66,1.443794288468824,1.443794288468824,0,0.0,,381779
stacked_low,0.0,q8_a0.8_or,10003,7.0,7.0,2.635,2.635,1.4735529874911735,1.4735529874911735,0,0.0,,391814
stacked_low,0.0,q8_a0.8_or,10004,8.0,8.0,2.53,2.53,1.3622453226038513,1.3622453226038513,0,0.0,,386738
stacked_low,0.0,q8_a0.8_or,10005,7.0,7.0,2.55,2.55,1.4040741318862757,1.4040741318862757,0,0.0,,390902
stacked_low,0.0,q8_a0.8_or,10006,7.0,7.0,2.615,2.615,1.4848405928329216,1.4848405928329216,0,0.0,,378150
stacked_low,0.0,q8_a0.8_or,10007,7.0,7.0,2.47,2.47,1.389030882026618,1.389030882026618,0,0.0,,377839
stacked_low,0.0,q8_a0.8_or,10008,7.0,7.0,2.55,2.55,1.4296174952899636,1.4296174952899636,0,0.0,,388594
stacked_low,0.0,q8_a0.8_or,10009,8.0,8.0,2.535,2.535,1.3961672912482532,1.3961672912482532,0,0.0,,377952
stacked_low,0.0,q8_a0.8_or,10010,8.0,8.0,2.495,2.495,1.4128703572314516,1.4128703572314516,0,0.0,,388883
stacked_low,0.0,q8_a0.8_or,10011,9.0,9.0,2.675,2.675,1.419302396682655,1.419302396682655,0,0.0,,383671
stacked_low,0.0,q8_a0.8_or,10012,9.0,9.0,2.735,2.735,1.4064463532550422,1.4064463532550422,0,0.0,,380059
stacked_low,0.0,q8_a0.8_or,10013,8.0,8.0,2.55,2.55,1.4257209609326993,1.4257209609326993,0,0.0,,383885
stacked_low,0.0,q8_a0.8_or,10014,8.0,8.0,2.65,2.65,1.4569921152305954,1.4569921152305954,0,0.0,,382048
stacked_low,0.0,q8_a0.8_or,10015,8.0,8.0,2.505,2.505,1.4197160958408352,1.4197160958408352,0,0.0,,383406
stacked_low,0.0,q8_a0.8_or,10016,7.0,7.0,2.53,2.53,1.3898922492408219,1.3898922492408219,0,0.0,,386659
stacked_low,0.0,q8_a0.8_or,10017,7.0,7.0,2.595,2.595,1.474825282482579,1.474825282482579,0,0.0,,376088
stacked_low,0.0,q8_a0.8_or,10018,8.0,8.0,2.68,2.68,1.4494173873910696,1.4494173873910696,0,0.0,,375579
stacked_low,0.0,q8_a0.8_or,10019,8.0,8.0,2.685,2.685,1.4418797170776114,1.4418797170776114,0,0.0,,381362
stacked_low,0.0,q8_a0.8_or,10020,7.0,7.0,2.5,2.5,1.4129838392249434,1.4129838392249434,0,0.0,,379370
stacked_low,0.0,q8_a0.8_or,10021,7.0,7.0,2.565,2.565,1.413885574845547,1.413885574845547,0,0.0,,382369
stacked_low,0.0,q8_a0.8_or,10022,8.0,8.0,2.685,2.685,1.3779281522162865,1.3779281522162865,0,0.0,,392732
stacked_low,0.0,q8_a0.8_or,10023,8.0,8.0,2.685,2.685,1.404477026295484,1.404477026295484,0,0.0,,383768
stacked_low,0.0,q8_a0.8_or,10024,8.0,8.0,2.63,2.63,1.4070326362652947,1.4070326362652947,0,0.0,,387107
stacked_low,0.0,q8_a0.8_or,10025,7.0,7.0,2.585,2.585,1.451724414584152,1.451724414584152,0,0.0,,385949
stacked_low,0.0,q8_a0.8_or,10026,9.0,9.0,2.82,2.82,1.4651857578760954,1.4651857578760954,0,0.0,,388391
stacked_low,0.0,q8_a0.8_or,10027,7.0,7.0,2.445,2.445,1.3666336637916903,1.3666336637916903,0,0.0,,378020
stacked_low,0.0,q8_a0.8_or,10028,8.0,8.0,2.65,2.65,1.468191717658174,1.468191717658174,0,0.0,,379726
stacked_low,0.0,q8_a0.8_or,10029,8.0,8.0,2.605,2.605,1.438477849177632,1.438477849177632,0,0.0,,380186
stacked_low,0.0,q8_a0.8_and,10000,8.0,8.0,2.715,2.715,1.4738516297301216,1.4738516297301216,0,0.0,,386131
stacked_low,0.0,q8_a0.8_and,10001,8.0,8.0,2.73,2.73,1.433573428555805,1.433573428555805,0,0.0,,384761
stacked_low,0.0,q8_a0.8_and,10002,8.0,8.0,2.66,2.66,1.443794288468824,1.443794288468824,0,0.0,,381779
stacked_low,0.0,q8_a0.8_and,10003,7.0,7.0,2.635,2.635,1.4735529874911735,1.4735529874911735,0,0.0,,391814
stacked_low,0.0,q8_a0.8_and,10004,8.0,8.0,2.53,2.53,1.3622453226038513,1.3622453226038513,0,0.0,,386738
stacked_low,0.0,q8_a0.8_and,10005,7.0,7.0,2.55,2.55,1.4040741318862757,1.4040741318862757,0,0.0,,390902
stacked_low,0.0,q8_a0.8_and,10006,7.0,7.0,2.615,2.615,1.4848405928329216,1.4848405928329216,0,0.0,,378150
stacked_low,0.0,q8_a0.8_and,10007,7.0,7.0,2.47,2.47,1.389030882026618,1.389030882026618,0,0.0,,377839
stacked_low,0.0,q8_a0.8_and,10008,7.0,7.0,2.55,2.55,1.4296174952899636,1.4296174952899636,0,0.0,,388594
stacked_low,0.0,q8_a0.8_and,10009,8.0,8.0,2.535,2.535,1.3961672912482532,1.3961672912482532,0,0.0,,377952
stacked_low,0.0,q8_a0.8_and,10010,8.0,8.0,2.495,2.495,1.4128703572314516,1.4128703572314516,0,0.0,,388883
stacked_low,0.0,q8_a0.8_and,10011,9.0,9.0,2.675,2.675,1.419302396682655,1.419302396682655,0,0.0,,383671
stacked_low,0.0,q8_a0.8_and,10012,9.0,9.0,2.735,2.735,1.4064463532550422,1.4064463532550422,0,0.0,,380059
stacked_low,0.0,q8_a0.8_and,10013,8.0,8.0,2.55,2.55,1.4257209609326993,1.4257209609326993,0,0.0,,383885
stacked_low,0.0,q8_a0.8_and,10014,8.0,8.0,2.65,2.65,1.4569921152305954,1.4569921152305954,0,0.0,,382048
stacked_low,0.0,q8_a0.8_and,10015,8.0,8.0,2.505,2.505,1.4197160958408352,1.4197160958408352,0,0.0,,383406
stacked_low,0.0,q8_a0.8_and,10016,7.0,7.0,2.53,2.53,1.3898922492408219,1.3898922492408219,0,0.0,,386659
stacked_low,0.0,q8_a0.8_and,10017,7.0,7.0,2.595,2.595,1.474825282482579,1.474825282482579,0,0.0,,376088
stacked_low,0.0,q8_a0.8_and,10018,8.0,8.0,2.68,2.68,1.4494173873910696,1.4494173873910696,0,0.0,,375579
stacked_low,0.0,q8_a0.8_and,10019,8.0,8.0,2.685,2.685,1.4418797170776114,1.4418797170776114,0,0.0,,381362
stacked_low,0.0,q8_a0.8_and,10020,7.0,7.0,2.5,2.5,1.4129838392249434,1.4129838392249434,0,0.0,,379370
stacked_low,0.0,q8_a0.8_and,10021,7.0,7.0,2.565,2.565,1.413885574845547,1.413885574845547,0,0.0,,382369
stacked_low,0.0,q8_a0.8_and,10022,8.0,8.0,2.685,2.685,1.3779281522162865,1.3779281522162865,0,0.0,,392732
stacked_low,0.0,q8_a0.8_and,10023,8.0,8.0,2.685,2.685,1.404477026295484,1.404477026295484,0,0.0,,383768
stacked_low,0.0,q8_a0.8_and,10024,8.0,8.0,2.63,2.63,1.4070326362652947,1.4070326362652947,0,0.0,,387107
stacked_low,0.0,q8_a0.8_and,10025,7.0,7.0,2.585,2.585,1.451724414584152,1.451724414584152,0,0.0,,385949
stacked_low,0.0,q8_a0.8_and,10026,9.0,9.0,2.82,2.82,1.4651857578760954,1.4651857578760954,0,0.0,,388391
stacked_low,0.0,q8_a0.8_and,10027,7.0,7.0,2.445,2.445,1.3666336637916903,1.3666336637916903,0,0.0,,378020
stacked_low,0.0,q8_a0.8_and,10028,8.0,8.0,2.65,2.65,1.468191717658174,1.468191717658174,0,0.0,,379726
stacked_low,0.0,q8_a0.8_and,10029,8.0,8.0,2.605,2.605,1.438477849177632,1.438477849177632,0,0.0,,380186
stacked_low,0.0,q8_a1.5_or,10000,8.0,8.0,2.715,2.715,1.4738516297301216,1.4738516297301216,0,0.0,,386131
stacked_low,0.0,q8_a1.5_or,10001,8.0,8.0,2.73,2.73,1.433573428555805,1.433573428555805,0,0.0,,384761
stacked_low,0.0,q8_a1.5_or,10002,8.0,8.0,2.66,2.66,1.443794288468824,1.443794288468824,0,0.0,,381779
stacked_low,0.0,q8_a1.5_or,10003,7.0,7.0,2.635,2.635,1.4735529874911735,1.4735529874911735,0,0.0,,391814
stacked_low,0.0,q8_a1.5_or,10004,8.0,8.0,2.53,2.53,1.3622453226038513,1.3622453226038513,0,0.0,,386738
stacked_low,0.0,q8_a1.5_or,10005,7.0,7.0,2.55,2.55,1.4040741318862757,1.4040741318862757,0,0.0,,390902
stacked_low,0.0,q8_a1.5_or,10006,7.0,7.0,2.615,2.615,1.4848405928329216,1.4848405928329216,0,0.0,,378150
stacked_low,0.0,q8_a1.5_or,10007,7.0,7.0,2.47,2.47,1.389030882026618,1.389030882026618,0,0.0,,377839
stacked_low,0.0,q8_a1.5_or,10008,7.0,7.0,2.55,2.55,1.4296174952899636,1.4296174952899636,0,0.0,,388594
stacked_low,0.0,q8_a1.5_or,10009,8.0,8.0,2.535,2.535,1.3961672912482532,1.3961672912482532,0,0.0,,377952
stacked_low,0.0,q8_a1.5_or,10010,8.0,8.0,2.495,2.495,1.4128703572314516,1.4128703572314516,0,0.0,,388883
stacked_low,0.0,q8_a1.5_or,10011,9.0,9.0,2.675,2.675,1.419302396682655,1.419302396682655,0,0.0,,383671
stacked_low,0.0,q8_a1.5_or,10012,9.0,9.0,2.735,2.735,1.4064463532550422,1.4064463532550422,0,0.0,,380059
stacked_low,0.0,q8_a1.5_or,10013,8.0,8.0,2.55,2.55,1.4257209609326993,1.4257209609326993,0,0.0,,383885
stacked_low,0.0,q8_a1.5_or,10014,8.0,8.0,2.65,2.65,1.4569921152305954,1.4569921152305954,0,0.0,,382048
stacked_low,0.0,q8_a1.5_or,10015,8.0,8.0,2.505,2.505,1.4197160958408352,1.4197160958408352,0,0.0,,383406
stacked_low,0.0,q8_a1.5_or,10016,7.0,7.0,2.53,2.53,1.3898922492408219,1.3898922492408219,0,0.0,,386659
stacked_low,0.0,q8_a1.5_or,10017,7.0,7.0,2.595,2.595,1.474825282482579,1.474825282482579,0,0.0,,376088
stacked_low,0.0,q8_a1.5_or,10018,8.0,8.0,2.68,2.68,1.4494173873910696,1.4494173873910696,0,0.0,,375579
stacked_low,0.0,q8_a1.5_or,10019,8.0,8.0,2.685,2.685,1.4418797170776114,1.4418797170776114,0,0.0,,381362
stacked_low,0.0,q8_a1.5_or,10020,7.0,7.0,2.5,2.5,1.4129838392249434,1.4129838392249434,0,0.0,,379370
stacked_low,0.0,q8_a1.5_or,10021,7.0,7.0,2.565,2.565,1.413885574845547,1.413885574845547,0,0.0,,382369
stacked_low,0.0,q8_a1.5_or,10022,8.0,8.0,2.685,2.685,1.3779281522162865,1.3779281522162865,0,0.0,,392732
stacked_low,0.0,q8_a1.5_or,10023,8.0,8.0,2.685,2.685,1.404477026295484,1.404477026295484,0,0.0,,383768
stacked_low,0.0,q8_a1.5_or,10024,8.0,8.0,2.63,2.63,1.4070326362652947,1.4070326362652947,0,0.0,,387107
stacked_low,0.0,q8_a1.5_or,10025,7.0,7.0,2.585,2.585,1.451724414584152,1.451724414584152,0,0.0,,385949
stacked_low,0.0,q8_a1.5_or,10026,9.0,9.0,2.82,2.82,1.4651857578760954,1.4651857578760954,0,0.0,,388391
stacked_low,0.0,q8_a1.5_or,10027,7.0,7.0,2.445,2.445,1.3666336637916903,1.3666336637916903,0,0.0,,378020
stacked_low,0.0,q8_a1.5_or,10028,8.0,8.0,2.65,2.65,1.468191717658174,1.468191717658174,0,0.0,,379726
stacked_low,0.0,q8_a1.5_or,10029,8.0,8.0,2.605,2.605,1.438477849177632,1.438477849177632,0,0.0,,380186
stacked_low,0.0,q8_a1.5_and,10000,8.0,8.0,2.715,2.715,1.4738516297301216,1.4738516297301216,0,0.0,,386131
stacked_low,0.0,q8_a1.5_and,10001,8.0,8.0,2.73,2.73,1.433573428555805,1.433573428555805,0,0.0,,384761
stacked_low,0.0,q8_a1.5_and,10002,8.0,8.0,2.66,2.66,1.443794288468824,1.443794288468824,0,0.0,,381779
stacked_low,0.0,q8_a1.5_and,10003,7.0,7.0,2.635,2.635,1.4735529874911735,1.4735529874911735,0,0.0,,391814
stacked_low,0.0,q8_a1.5_and,10004,8.0,8.0,2.53,2.53,1.3622453226038513,1.3622453226038513,0,0.0,,386738
stacked_low,0.0,q8_a1.5_and,10005,7.0,7.0,2.55,2.55,1.4040741318862757,1.4040741318862757,0,0.0,,390902
stacked_low,0.0,q8_a1.5_and,10006,7.0,7.0,2.615,2.615,1.4848405928329216,1.4848405928329216,0,0.0,,378150
stacked_low,0.0,q8_a1.5_and,10007,7.0,7.0,2.47,2.47,1.389030882026618,1.389030882026618,0,0.0,,377839
stacked_low,0.0,q8_a1.5_and,10008,7.0,7.0,2.55,2.55,1.4296174952899636,1.4296174952899636,0,0.0,,388594
stacked_low,0.0,q8_a1.5_and,10009,8.0,8.0,2.535,2.535,1.3961672912482532,1.3961672912482532,0,0.0,,377952
stacked_low,0.0,q8_a1.5_and,10010,8.0,8.0,2.495,2.495,1.4128703572314516,1.4128703572314516,0,0.0,,388883
stacked_low,0.0,q8_a1.5_and,10011,9.0,9.0,2.675,2.675,1.419302396682655,1.419302396682655,0,0.0,,383671
stacked_low,0.0,q8_a1.5_and,10012,9.0,9.0,2.735,2.735,1.4064463532550422,1.4064463532550422,0,0.0,,380059
stacked_low,0.0,q8_a1.5_and,10013,8.0,8.0,2.55,2.55,1.4257209609326993,1.4257209609326993,0,0.0,,383885
stacked_low,0.0,q8_a1.5_and,10014,8.0,8.0,2.65,2.65,1.4569921152305954,1.4569921152305954,0,0.0,,382048
stacked_low,0.0,q8_a1.5_and,10015,8.0,8.0,2.505,2.505,1.4197160958408352,1.4197160958408352,0,0.0,,383406
stacked_low,0.0,q8_a1.5_and,10016,7.0,7.0,2.53,2.53,1.3898922492408219,1.3898922492408219,0,0.0,,386659
stacked_low,0.0,q8_a1.5_and,10017,7.0,7.0,2.595,2.595,1.474825282482579,1.474825282482579,0,0.0,,376088
stacked_low,0.0,q8_a1.5_and,10018,8.0,8.0,2.68,2.68,1.4494173873910696,1.4494173873910696,0,0.0,,375579
stacked_low,0.0,q8_a1.5_and,10019,8.0,8.0,2.685,2.685,1.4418797170776114,1.4418797170776114,0,0.0,,381362
stacked_low,0.0,q8_a1.5_and,10020,7.0,7.0,2.5,2.5,1.4129838392249434,1.4129838392249434,0,0.0,,379370
stacked_low,0.0,q8_a1.5_and,10021,7.0,7.0,2.565,2.565,1.413885574845547,1.413885574845547,0,0.0,,382369
stacked_low,0.0,q8_a1.5_and,10022,8.0,8.0,2.685,2.685,1.3779281522162865,1.3779281522162865,0,0.0,,392732
stacked_low,0.0,q8_a1.5_and,10023,8.0,8.0,2.685,2.685,1.404477026295484,1.404477026295484,0,0.0,,383768
stacked_low,0.0,q8_a1.5_and,10024,8.0,8.0,2.63,2.63,1.4070326362652947,1.4070326362652947,0,0.0,,387107
stacked_low,0.0,q8_a1.5_and,10025,7.0,7.0,2.585,2.585,1.451724414584152,1.451724414584152,0,0.0,,385949
stacked_low,0.0,q8_a1.5_and,10026,9.0,9.0,2.82,2.82,1.4651857578760954,1.4651857578760954,0,0.0,,388391
stacked_low,0.0,q8_a1.5_and,10027,7.0,7.0,2.445,2.445,1.3666336637916903,1.3666336637916903,0,0.0,,378020
stacked_low,0.0,q8_a1.5_and,10028,8.0,8.0,2.65,2.65,1.468191717658174,1.468191717658174,0,0.0,,379726
stacked_low,0.0,q8_a1.5_and,10029,8.0,8.0,2.605,2.605,1.438477849177632,1.438477849177632,0,0.0,,380186
stacked_low,2.0,q2_a0.8_or,10000,8.0,8.0,2.72,2.625,1.647824939426534,1.6653986327780967,49,0.98,1.0,381739
stacked_low,2.0,q2_a0.8_or,10001,8.0,8.0,2.705,2.7,1.5562944165098598,1.5269308602149483,50,1.0,1.0,391650
stacked_low,2.0,q2_a0.8_or,10002,8.0,8.0,2.69,2.695,1.5988849178872917,1.545190457450477,50,1.0,1.0,384568
stacked_low,2.0,q2_a0.8_or,10003,7.0,7.0,2.58,2.565,1.5682822359295963,1.5968778146800295,50,1.0,1.0,394052
stacked_low,2.0,q2_a0.8_or,10004,8.0,8.0,2.645,2.77,1.5227676565498782,1.5606567666449704,50,1.0,1.0,396678
stacked_low,2.0,q2_a0.8_or,10005,8.0,8.0,2.63,2.745,1.5558868062831666,1.5559875289312168,50,1.0,1.0,388190
stacked_low,2.0,q2_a0.8_or,10006,8.0,8.0,2.675,2.62,1.6046067085023024,1.588049823726967,50,1.0,1.0,377220
stacked_low,2.0,q2_a0.8_or,10007,7.0,8.0,2.625,2.705,1.589590618037643,1.5366852987233415,50,1.0,1.0,387734
stacked_low,2.0,q2_a0.8_or,10008,8.0,8.0,2.68,2.645,1.565226361550855,1.5351673094390481,50,1.0,1.0,382199
stacked_low,2.0,q2_a0.8_or,10009,8.0,8.0,2.715,2.66,1.5433791997206736,1.5047371123891895,49,0.98,1.0,384619
stacked_low,2.0,q2_a0.8_or,10010,8.0,8.0,2.67,2.52,1.5267287920644035,1.5280800871917137,49,0.98,1.0,389732
stacked_low,2.0,q2_a0.8_or,10011,8.0,8.0,2.76,2.595,1.5687668571600897,1.5163487359819292,49,0.98,1.0,389206
stacked_low,2.0,q2_a0.8_or,10012,9.0,8.0,2.77,2.725,1.5594594303103368,1.4609737126907505,50,1.0,1.0,388963
stacked_low,2.0,q2_a0.8_or,10013,8.0,8.0,2.67,2.6,1.6242071227338295,1.541827424396875,50,1.0,1.0,387845
stacked_low,2.0,q2_a0.8_or,10014,7.0,8.0,2.675,2.605,1.604243205917929,1.5475969156245244,50,1.0,1.0,387272
stacked_low,2.0,q2_a0.8_or,10015,7.0,8.0,2.51,2.765,1.5830495554817807,1.5916928168591906,50,1.0,1.0,388402
stacked_low,2.0,q2_a0.8_or,10016,9.0,8.0,2.7,2.695,1.550835009822134,1.5509609313976986,50,1.0,1.0,386875
stacked_low,2.0,q2_a0.8_or,10017,7.0,8.0,2.605,2.63,1.6056214475749158,1.5508883713587245,50,1.0,1.0,379395
stacked_low,2.0,q2_a0.8_or,10018,7.0,8.0,2.695,2.73,1.6127339420550044,1.6004736750526043,50,1.0,1.0,385551
stacked_low,2.0,q2_a0.8_or,10019,8.0,8.0,2.675,2.525,1.6011337768299623,1.5411359591541407,50,1.0,1.0,384509
stacked_low,2.0,q2_a0.8_or,10020,7.0,8.0,2.615,2.51,1.5903721817000616,1.5318676403967557,50,1.0,1.0,381944
stacked_low,2.0,q2_a0.8_or,10021,8.0,8.0,2.585,2.515,1.519184740766711,1.5251374166097782,50,1.0,1.0,383447
stacked_low,2.0,q2_a0.8_or,10022,7.0,7.0,2.78,2.53,1.527452416791142,1.4814129108452334,49,0.98,1.0,386536
stacked_low,2.0,q2_a0.8_or,10023,8.0,8.0,2.625,2.635,1.4825845025312383,1.498823476116847,50,1.0,1.0,389002
stacked_low,2.0,q2_a0.8_or,10024,7.0,8.0,2.58,2.565,1.511535417422455,1.4936694416281326,49,0.98,1.0,386391
stacked_low,2.0,q2_a0.8_or,10025,8.0,8.0,2.66,2.54,1.551844169398538,1.5714961272893182,49,0.98,1.0,393590
stacked_low,2.0,q2_a0.8_or,10026,9.0,8.0,2.8,2.775,1.5917742133930104,1.5278717213728317,50,1.0,1.0,388092
stacked_low,2.0,q2_a0.8_or,10027,7.0,10.0,2.445,2.75,1.502474683784316,1.4946804546018857,50,1.0,1.0,386872
stacked_low,2.0,q2_a0.8_or,10028,8.0,8.0,2.71,2.585,1.5899612784437287,1.6020288213364455,50,1.0,1.0,386382
stacked_low,2.0,q2_a0.8_or,10029,8.0,8.0,2.645,2.6,1.5676140438200667,1.5360195892097155,50,1.0,1.0,387274
stacked_low,2.0,q2_a0.8_and,10000,8.0,8.0,2.72,2.72,1.647824939426534,1.647824939426534,0,0.0,,383531
stacked_low,2.0,q2_a0.8_and,10001,8.0,8.0,2.705,2.705,1.5562944165098598,1.5562944165098598,0,0.0,,382758
stacked_low,2.0,q2_a0.8_and,10002,8.0,8.0,2.69,2.69,1.5988849178872917,1.5988849178872917,0,0.0,,390185
stacked_low,2.0,q2_a0.8_and,10003,7.0,7.0,2.58,2.58,1.5682822359295963,1.5682822359295963,0,0.0,,387348
stacked_low,2.0,q2_a0.8_and,10004,8.0,8.0,2.645,2.645,1.5227676565498782,1.5227676565498782,0,0.0,,386199
stacked_low,2.0,q2_a0.8_and,10005,8.0,8.0,2.63,2.63,1.5558868062831666,1.5558868062831666,0,0.0,,388705
stacked_low,2.0,q2_a0.8_and,10006,8.0,8.0,2.675,2.675,1.6046067085023024,1.6046067085023024,0,0.0,,377782
stacked_low,2.0,q2_a0.8_and,10007,7.0,7.0,2.625,2.625,1.589590618037643,1.589590618037643,0,0.0,,379616
stacked_low,2.0,q2_a0.8_and,10008,8.0,8.0,2.68,2.68,1.565226361550855,1.565226361550855,0,0.0,,380712
stacked_low,2.0,q2_a0.8_and,10009,8.0,8.0,2.715,2.715,1.5433791997206736,1.5433791997206736,0,0.0,,385454
stacked_low,2.0,q2_a0.8_and,10010,8.0,8.0,2.67,2.67,1.5267287920644035,1.5267287920644035,0,0.0,,386927
stacked_low,2.0,q2_a0.8_and,10011,8.0,8.0,2.76,2.76,1.5687668571600897,1.5687668571600897,0,0.0,,382436
stacked_low,2.0,q2_a0.8_and,10012,9.0,9.0,2.77,2.77,1.5594594303103368,1.5594594303103368,0,0.0,,381236
stacked_low,2.0,q2_a0.8_and,10013,8.0,8.0,2.67,2.67,1.6242071227338295,1.6242071227338295,0,0.0,,383525
stacked_low,2.0,q2_a0.8_and,10014,7.0,7.0,2.675,2.675,1.604243205917929,1.604243205917929,0,0.0,,377341
stacked_low,2.0,q2_a0.8_and,10015,7.0,7.0,2.51,2.51,1.5830495554817807,1.5830495554817807,0,0.0,,383980
stacked_low,2.0,q2_a0.8_and,10016,9.0,9.0,2.7,2.7,1.550835009822134,1.550835009822134,0,0.0,,388966
stacked_low,2.0,q2_a0.8_and,10017,7.0,7.0,2.605,2.605,1.6056214475749158,1.6056214475749158,0,0.0,,369564
stacked_low,2.0,q2_a0.8_and,10018,7.0,7.0,2.695,2.695,1.6127339420550044,1.6127339420550044,0,0.0,,382189
stacked_low,2.0,q2_a0.8_and,10019,8.0,8.0,2.675,2.675,1.6011337768299623,1.6011337768299623,0,0.0,,386071
stacked_low,2.0,q2_a0.8_and,10020,7.0,7.0,2.615,2.615,1.5903721817000616,1.5903721817000616,0,0.0,,376564
stacked_low,2.0,q2_a0.8_and,10021,8.0,8.0,2.585,2.585,1.519184740766711,1.519184740766711,0,0.0,,387789
stacked_low,2.0,q2_a0.8_and,10022,7.0,7.0,2.78,2.78,1.527452416791142,1.527452416791142,0,0.0,,384008
stacked_low,2.0,q2_a0.8_and,10023,8.0,8.0,2.625,2.625,1.4825845025312383,1.4825845025312383,0,0.0,,381606
stacked_low,2.0,q2_a0.8_and,10024,7.0,7.0,2.58,2.58,1.511535417422455,1.511535417422455,0,0.0,,381142
stacked_low,2.0,q2_a0.8_and,10025,8.0,8.0,2.66,2.66,1.551844169398538,1.551844169398538,0,0.0,,384413
stacked_low,2.0,q2_a0.8_and,10026,9.0,9.0,2.8,2.8,1.5917742133930104,1.5917742133930104,0,0.0,,379921
stacked_low,2.0,q2_a0.8_and,10027,7.0,7.0,2.445,2.445,1.502474683784316,1.502474683784316,0,0.0,,383415
stacked_low,2.0,q2_a0.8_and,10028,8.0,8.0,2.71,2.71,1.5899612784437287,1.5899612784437287,0,0.0,,380155
stacked_low,2.0,q2_a0.8_and,10029,8.0,8.0,2.645,2.645,1.5676140438200667,1.5676140438200667,0,0.0,,377154
stacked_low,2.0,q2_a1.5_or,10000,8.0,8.0,2.72,2.625,1.647824939426534,1.6653986327780967,49,0.98,1.0,381739
stacked_low,2.0,q2_a1.5_or,10001,8.0,8.0,2.705,2.7,1.5562944165098598,1.5269308602149483,50,1.0,1.0,391650
stacked_low,2.0,q2_a1.5_or,10002,8.0,8.0,2.69,2.695,1.5988849178872917,1.545190457450477,50,1.0,1.0,384568
stacked_low,2.0,q2_a1.5_or,10003,7.0,7.0,2.58,2.565,1.5682822359295963,1.5968778146800295,50,1.0,1.0,394052
stacked_low,2.0,q2_a1.5_or,10004,8.0,8.0,2.645,2.77,1.5227676565498782,1.5606567666449704,50,1.0,1.0,396678
stacked_low,2.0,q2_a1.5_or,10005,8.0,8.0,2.63,2.745,1.5558868062831666,1.5559875289312168,50,1.0,1.0,388190
stacked_low,2.0,q2_a1.5_or,10006,8.0,8.0,2.675,2.62,1.6046067085023024,1.588049823726967,50,1.0,1.0,377220
stacked_low,2.0,q2_a1.5_or,10007,7.0,8.0,2.625,2.705,1.589590618037643,1.5366852987233415,50,1.0,1.0,387734
stacked_low,2.0,q2_a1.5_or,10008,8.0,8.0,2.68,2.645,1.565226361550855,1.5351673094390481,50,1.0,1.0,382199
stacked_low,2.0,q2_a1.5_or,10009,8.0,8.0,2.715,2.66,1.5433791997206736,1.5047371123891895,49,0.98,1.0,384619
stacked_low,2.0,q2_a1.5_or,10010,8.0,8.0,2.67,2.52,1.5267287920644035,1.5280800871917137,49,0.98,1.0,389732
stacked_low,2.0,q2_a1.5_or,10011,8.0,8.0,2.76,2.595,1.5687668571600897,1.5163487359819292,49,0.98,1.0,389206
stacked_low,2.0,q2_a1.5_or,10012,9.0,8.0,2.77,2.725,1.5594594303103368,1.4609737126907505,50,1.0,1.0,388963
stacked_low,2.0,q2_a1.5_or,10013,8.0,8.0,2.67,2.6,1.6242071227338295,1.541827424396875,50,1.0,1.0,387845
stacked_low,2.0,q2_a1.5_or,10014,7.0,8.0,2.675,2.605,1.604243205917929,1.5475969156245244,50,1.0,1.0,387272
stacked_low,2.0,q2_a1.5_or,10015,7.0,8.0,2.51,2.765,1.5830495554817807,1.5916928168591906,50,1.0,1.0,388402
stacked_low,2.0,q2_a1.5_or,10016,9.0,8.0,2.7,2.695,1.550835009822134,1.5509609313976986,50,1.0,1.0,386875
stacked_low,2.0,q2_a1.5_or,10017,7.0,8.0,2.605,2.63,1.6056214475749158,1.5508883713587245,50,1.0,1.0,379395
stacked_low,2.0,q2_a1.5_or,10018,7.0,8.0,2.695,2.73,1.6127339420550044,1.6004736750526043,50,1.0,1.0,385551
stacked_low,2.0,q2_a1.5_or,10019,8.0,8.0,2.675,2.525,1.6011337768299623,1.5411359591541407,50,1.0,1.0,384509
stacked_low,2.0,q2_a1.5_or,10020,7.0,8.0,2.615,2.51,1.5903721817000616,1.5318676403967557,50,1.0,1.0,381944
stacked_low,2.0,q2_a1.5_or,10021,8.0,8.0,2.585,2.515,1.519184740766711,1.5251374166097782,50,1.0,1.0,383447
stacked_low,2.0,q2_a1.5_or,10022,7.0,7.0,2.78,2.53,1.527452416791142,1.4814129108452334,49,0.98,1.0,386536
stacked_low,2.0,q2_a1.5_or,10023,8.0,8.0,2.625,2.635,1.4825845025312383,1.498823476116847,50,1.0,1.0,389002
stacked_low,2.0,q2_a1.5_or,10024,7.0,8.0,2.58,2.565,1.511535417422455,1.4936694416281326,49,0.98,1.0,386391
stacked_low,2.0,q2_a1.5_or,10025,8.0,8.0,2.66,2.54,1.551844169398538,1.5714961272893182,49,0.98,1.0,393590
stacked_low,2.0,q2_a1.5_or,10026,9.0,8.0,2.8,2.775,1.5917742133930104,1.5278717213728317,50,1.0,1.0,388092
stacked_low,2.0,q2_a1.5_or,10027,7.0,10.0,2.445,2.75,1.502474683784316,1.4946804546018857,50,1.0,1.0,386872
stacked_low,2.0,q2_a1.5_or,10028,8.0,8.0,2.71,2.585,1.5899612784437287,1.6020288213364455,50,1.0,1.0,386382
stacked_low,2.0,q2_a1.5_or,10029,8.0,8.0,2.645,2.6,1.5676140438200667,1.5360195892097155,50,1.0,1.0,387274
stacked_low,2.0,q2_a1.5_and,10000,8.0,8.0,2.72,2.72,1.647824939426534,1.647824939426534,0,0.0,,383531
stacked_low,2.0,q2_a1.5_and,10001,8.0,8.0,2.705,2.705,1.5562944165098598,1.5562944165098598,0,0.0,,382758
stacked_low,2.0,q2_a1.5_and,10002,8.0,8.0,2.69,2.69,1.5988849178872917,1.5988849178872917,0,0.0,,390185
stacked_low,2.0,q2_a1.5_and,10003,7.0,7.0,2.58,2.58,1.5682822359295963,1.5682822359295963,0,0.0,,387348
stacked_low,2.0,q2_a1.5_and,10004,8.0,8.0,2.645,2.645,1.5227676565498782,1.5227676565498782,0,0.0,,386199
stacked_low,2.0,q2_a1.5_and,10005,8.0,8.0,2.63,2.63,1.5558868062831666,1.5558868062831666,0,0.0,,388705
stacked_low,2.0,q2_a1.5_and,10006,8.0,8.0,2.675,2.675,1.6046067085023024,1.6046067085023024,0,0.0,,377782
stacked_low,2.0,q2_a1.5_and,10007,7.0,7.0,2.625,2.625,1.589590618037643,1.589590618037643,0,0.0,,379616
stacked_low,2.0,q2_a1.5_and,10008,8.0,8.0,2.68,2.68,1.565226361550855,1.565226361550855,0,0.0,,380712
stacked_low,2.0,q2_a1.5_and,10009,8.0,8.0,2.715,2.715,1.5433791997206736,1.5433791997206736,0,0.0,,385454
stacked_low,2.0,q2_a1.5_and,10010,8.0,8.0,2.67,2.67,1.5267287920644035,1.5267287920644035,0,0.0,,386927
stacked_low,2.0,q2_a1.5_and,10011,8.0,8.0,2.76,2.76,1.5687668571600897,1.5687668571600897,0,0.0,,382436
stacked_low,2.0,q2_a1.5_and,10012,9.0,9.0,2.77,2.77,1.5594594303103368,1.5594594303103368,0,0.0,,381236
stacked_low,2.0,q2_a1.5_and,10013,8.0,8.0,2.67,2.67,1.6242071227338295,1.6242071227338295,0,0.0,,383525
stacked_low,2.0,q2_a1.5_and,10014,7.0,7.0,2.675,2.675,1.604243205917929,1.604243205917929,0,0.0,,377341
stacked_low,2.0,q2_a1.5_and,10015,7.0,7.0,2.51,2.51,1.5830495554817807,1.5830495554817807,0,0.0,,383980
stacked_low,2.0,q2_a1.5_and,10016,9.0,9.0,2.7,2.7,1.550835009822134,1.550835009822134,0,0.0,,388966
stacked_low,2.0,q2_a1.5_and,10017,7.0,7.0,2.605,2.605,1.6056214475749158,1.6056214475749158,0,0.0,,369564
stacked_low,2.0,q2_a1.5_and,10018,7.0,7.0,2.695,2.695,1.6127339420550044,1.6127339420550044,0,0.0,,382189
stacked_low,2.0,q2_a1.5_and,10019,8.0,8.0,2.675,2.675,1.6011337768299623,1.6011337768299623,0,0.0,,386071
stacked_low,2.0,q2_a1.5_and,10020,7.0,7.0,2.615,2.615,1.5903721817000616,1.5903721817000616,0,0.0,,376564
stacked_low,2.0,q2_a1.5_and,10021,8.0,8.0,2.585,2.585,1.519184740766711,1.519184740766711,0,0.0,,387789
stacked_low,2.0,q2_a1.5_and,10022,7.0,7.0,2.78,2.78,1.527452416791142,1.527452416791142,0,0.0,,384008
stacked_low,2.0,q2_a1.5_and,10023,8.0,8.0,2.625,2.625,1.4825845025312383,1.4825845025312383,0,0.0,,381606
stacked_low,2.0,q2_a1.5_and,10024,7.0,7.0,2.58,2.58,1.511535417422455,1.511535417422455,0,0.0,,381142
stacked_low,2.0,q2_a1.5_and,10025,8.0,8.0,2.66,2.66,1.551844169398538,1.551844169398538,0,0.0,,384413
stacked_low,2.0,q2_a1.5_and,10026,9.0,9.0,2.8,2.8,1.5917742133930104,1.5917742133930104,0,0.0,,379921
stacked_low,2.0,q2_a1.5_and,10027,7.0,7.0,2.445,2.445,1.502474683784316,1.502474683784316,0,0.0,,383415
stacked_low,2.0,q2_a1.5_and,10028,8.0,8.0,2.71,2.71,1.5899612784437287,1.5899612784437287,0,0.0,,380155
stacked_low,2.0,q2_a1.5_and,10029,8.0,8.0,2.645,2.645,1.5676140438200667,1.5676140438200667,0,0.0,,377154
stacked_low,2.0,q4_a0.8_or,10000,8.0,8.0,2.72,2.72,1.647824939426534,1.647824939426534,0,0.0,,383531
stacked_low,2.0,q4_a0.8_or,10001,8.0,8.0,2.705,2.705,1.5562944165098598,1.5562944165098598,0,0.0,,382758
stacked_low,2.0,q4_a0.8_or,10002,8.0,8.0,2.69,2.69,1.5988849178872917,1.5988849178872917,0,0.0,,390185
stacked_low,2.0,q4_a0.8_or,10003,7.0,7.0,2.58,2.58,1.5682822359295963,1.5682822359295963,0,0.0,,387348
stacked_low,2.0,q4_a0.8_or,10004,8.0,8.0,2.645,2.645,1.5227676565498782,1.5227676565498782,0,0.0,,386199
stacked_low,2.0,q4_a0.8_or,10005,8.0,8.0,2.63,2.63,1.5558868062831666,1.5558868062831666,0,0.0,,388705
stacked_low,2.0,q4_a0.8_or,10006,8.0,8.0,2.675,2.675,1.6046067085023024,1.6046067085023024,0,0.0,,377782
stacked_low,2.0,q4_a0.8_or,10007,7.0,7.0,2.625,2.625,1.589590618037643,1.589590618037643,0,0.0,,379616
stacked_low,2.0,q4_a0.8_or,10008,8.0,8.0,2.68,2.68,1.565226361550855,1.565226361550855,0,0.0,,380712
stacked_low,2.0,q4_a0.8_or,10009,8.0,8.0,2.715,2.715,1.5433791997206736,1.5433791997206736,0,0.0,,385454
stacked_low,2.0,q4_a0.8_or,10010,8.0,8.0,2.67,2.67,1.5267287920644035,1.5267287920644035,0,0.0,,386927
stacked_low,2.0,q4_a0.8_or,10011,8.0,8.0,2.76,2.76,1.5687668571600897,1.5687668571600897,0,0.0,,382436
stacked_low,2.0,q4_a0.8_or,10012,9.0,9.0,2.77,2.77,1.5594594303103368,1.5594594303103368,0,0.0,,381236
stacked_low,2.0,q4_a0.8_or,10013,8.0,8.0,2.67,2.67,1.6242071227338295,1.6242071227338295,0,0.0,,383525
stacked_low,2.0,q4_a0.8_or,10014,7.0,7.0,2.675,2.675,1.604243205917929,1.604243205917929,0,0.0,,377341
stacked_low,2.0,q4_a0.8_or,10015,7.0,7.0,2.51,2.51,1.5830495554817807,1.5830495554817807,0,0.0,,383980
stacked_low,2.0,q4_a0.8_or,10016,9.0,9.0,2.7,2.7,1.550835009822134,1.550835009822134,0,0.0,,388966
stacked_low,2.0,q4_a0.8_or,10017,7.0,7.0,2.605,2.605,1.6056214475749158,1.6056214475749158,0,0.0,,369564
stacked_low,2.0,q4_a0.8_or,10018,7.0,7.0,2.695,2.695,1.6127339420550044,1.6127339420550044,0,0.0,,382189
stacked_low,2.0,q4_a0.8_or,10019,8.0,8.0,2.675,2.675,1.6011337768299623,1.6011337768299623,0,0.0,,386071
stacked_low,2.0,q4_a0.8_or,10020,7.0,7.0,2.615,2.615,1.5903721817000616,1.5903721817000616,0,0.0,,376564
stacked_low,2.0,q4_a0.8_or,10021,8.0,8.0,2.585,2.585,1.519184740766711,1.519184740766711,0,0.0,,387789
stacked_low,2.0,q4_a0.8_or,10022,7.0,7.0,2.78,2.78,1.527452416791142,1.527452416791142,0,0.0,,384008
stacked_low,2.0,q4_a0.8_or,10023,8.0,8.0,2.625,2.625,1.4825845025312383,1.4825845025312383,0,0.0,,381606
stacked_low,2.0,q4_a0.8_or,10024,7.0,7.0,2.58,2.58,1.511535417422455,1.511535417422455,0,0.0,,381142
stacked_low,2.0,q4_a0.8_or,10025,8.0,8.0,2.66,2.66,1.551844169398538,1.551844169398538,0,0.0,,384413
stacked_low,2.0,q4_a0.8_or,10026,9.0,9.0,2.8,2.8,1.5917742133930104,1.5917742133930104,0,0.0,,379921
stacked_low,2.0,q4_a0.8_or,10027,7.0,7.0,2.445,2.445,1.502474683784316,1.502474683784316,0,0.0,,383415
stacked_low,2.0,q4_a0.8_or,10028,8.0,8.0,2.71,2.71,1.5899612784437287,1.5899612784437287,0,0.0,,380155
stacked_low,2.0,q4_a0.8_or,10029,8.0,8.0,2.645,2.645,1.5676140438200667,1.5676140438200667,0,0.0,,377154
stacked_low,2.0,q4_a0.8_and,10000,8.0,8.0,2.72,2.72,1.647824939426534,1.647824939426534,0,0.0,,383531
stacked_low,2.0,q4_a0.8_and,10001,8.0,8.0,2.705,2.705,1.5562944165098598,1.5562944165098598,0,0.0,,382758
stacked_low,2.0,q4_a0.8_and,10002,8.0,8.0,2.69,2.69,1.5988849178872917,1.5988849178872917,0,0.0,,390185
stacked_low,2.0,q4_a0.8_and,10003,7.0,7.0,2.58,2.58,1.5682822359295963,1.5682822359295963,0,0.0,,387348
stacked_low,2.0,q4_a0.8_and,10004,8.0,8.0,2.645,2.645,1.5227676565498782,1.5227676565498782,0,0.0,,386199
stacked_low,2.0,q4_a0.8_and,10005,8.0,8.0,2.63,2.63,1.5558868062831666,1.5558868062831666,0,0.0,,388705
stacked_low,2.0,q4_a0.8_and,10006,8.0,8.0,2.675,2.675,1.6046067085023024,1.6046067085023024,0,0.0,,377782
stacked_low,2.0,q4_a0.8_and,10007,7.0,7.0,2.625,2.625,1.589590618037643,1.589590618037643,0,0.0,,379616
stacked_low,2.0,q4_a0.8_and,10008,8.0,8.0,2.68,2.68,1.565226361550855,1.565226361550855,0,0.0,,380712
stacked_low,2.0,q4_a0.8_and,10009,8.0,8.0,2.715,2.715,1.5433791997206736,1.5433791997206736,0,0.0,,385454
stacked_low,2.0,q4_a0.8_and,10010,8.0,8.0,2.67,2.67,1.5267287920644035,1.5267287920644035,0,0.0,,386927
stacked_low,2.0,q4_a0.8_and,10011,8.0,8.0,2.76,2.76,1.5687668571600897,1.5687668571600897,0,0.0,,382436
stacked_low,2.0,q4_a0.8_and,10012,9.0,9.0,2.77,2.77,1.5594594303103368,1.5594594303103368,0,0.0,,381236
stacked_low,2.0,q4_a0.8_and,10013,8.0,8.0,2.67,2.67,1.6242071227338295,1.6242071227338295,0,0.0,,383525
stacked_low,2.0,q4_a0.8_and,10014,7.0,7.0,2.675,2.675,1.604243205917929,1.604243205917929,0,0.0,,377341
stacked_low,2.0,q4_a0.8_and,10015,7.0,7.0,2.51,2.51,1.5830495554817807,1.5830495554817807,0,0.0,,383980
stacked_low,2.0,q4_a0.8_and,10016,9.0,9.0,2.7,2.7,1.550835009822134,1.550835009822134,0,0.0,,388966
stacked_low,2.0,q4_a0.8_and,10017,7.0,7.0,2.605,2.605,1.6056214475749158,1.6056214475749158,0,0.0,,369564
stacked_low,2.0,q4_a0.8_and,10018,7.0,7.0,2.695,2.695,1.6127339420550044,1.6127339420550044,0,0.0,,382189
stacked_low,2.0,q4_a0.8_and,10019,8.0,8.0,2.675,2.675,1.6011337768299623,1.6011337768299623,0,0.0,,386071
stacked_low,2.0,q4_a0.8_and,10020,7.0,7.0,2.615,2.615,1.5903721817000616,1.5903721817000616,0,0.0,,376564
stacked_low,2.0,q4_a0.8_and,10021,8.0,8.0,2.585,2.585,1.519184740766711,1.519184740766711,0,0.0,,387789
stacked_low,2.0,q4_a0.8_and,10022,7.0,7.0,2.78,2.78,1.527452416791142,1.527452416791142,0,0.0,,384008
stacked_low,2.0,q4_a0.8_and,10023,8.0,8.0,2.625,2.625,1.4825845025312383,1.4825845025312383,0,0.0,,381606
stacked_low,2.0,q4_a0.8_and,10024,7.0,7.0,2.58,2.58,1.511535417422455,1.511535417422455,0,0.0,,381142
stacked_low,2.0,q4_a0.8_and,10025,8.0,8.0,2.66,2.66,1.551844169398538,1.551844169398538,0,0.0,,384413
stacked_low,2.0,q4_a0.8_and,10026,9.0,9.0,2.8,2.8,1.5917742133930104,1.5917742133930104,0,0.0,,379921
stacked_low,2.0,q4_a0.8_and,10027,7.0,7.0,2.445,2.445,1.502474683784316,1.502474683784316,0,0.0,,383415
stacked_low,2.0,q4_a0.8_and,10028,8.0,8.0,2.71,2.71,1.5899612784437287,1.5899612784437287,0,0.0,,380155
stacked_low,2.0,q4_a0.8_and,10029,8.0,8.0,2.645,2.645,1.5676140438200667,1.5676140438200667,0,0.0,,377154
stacked_low,2.0,q4_a1.5_or,10000,8.0,8.0,2.72,2.72,1.647824939426534,1.647824939426534,0,0.0,,383531
stacked_low,2.0,q4_a1.5_or,10001,8.0,8.0,2.705,2.705,1.5562944165098598,1.5562944165098598,0,0.0,,382758
stacked_low,2.0,q4_a1.5_or,10002,8.0,8.0,2.69,2.69,1.5988849178872917,1.5988849178872917,0,0.0,,390185
stacked_low,2.0,q4_a1.5_or,10003,7.0,7.0,2.58,2.58,1.5682822359295963,1.5682822359295963,0,0.0,,387348
stacked_low,2.0,q4_a1.5_or,10004,8.0,8.0,2.645,2.645,1.5227676565498782,1.5227676565498782,0,0.0,,386199
stacked_low,2.0,q4_a1.5_or,10005,8.0,8.0,2.63,2.63,1.5558868062831666,1.5558868062831666,0,0.0,,388705
stacked_low,2.0,q4_a1.5_or,10006,8.0,8.0,2.675,2.675,1.6046067085023024,1.6046067085023024,0,0.0,,377782
stacked_low,2.0,q4_a1.5_or,10007,7.0,7.0,2.625,2.625,1.589590618037643,1.589590618037643,0,0.0,,379616
stacked_low,2.0,q4_a1.5_or,10008,8.0,8.0,2.68,2.68,1.565226361550855,1.565226361550855,0,0.0,,380712
stacked_low,2.0,q4_a1.5_or,10009,8.0,8.0,2.715,2.715,1.5433791997206736,1.5433791997206736,0,0.0,,385454
stacked_low,2.0,q4_a1.5_or,10010,8.0,8.0,2.67,2.67,1.5267287920644035,1.5267287920644035,0,0.0,,386927
stacked_low,2.0,q4_a1.5_or,10011,8.0,8.0,2.76,2.76,1.5687668571600897,1.5687668571600897,0,0.0,,382436
stacked_low,2.0,q4_a1.5_or,10012,9.0,9.0,2.77,2.77,1.5594594303103368,1.5594594303103368,0,0.0,,381236
stacked_low,2.0,q4_a1.5_or,10013,8.0,8.0,2.67,2.67,1.6242071227338295,1.6242071227338295,0,0.0,,383525
stacked_low,2.0,q4_a1.5_or,10014,7.0,7.0,2.675,2.675,1.604243205917929,1.604243205917929,0,0.0,,377341
stacked_low,2.0,q4_a1.5_or,10015,7.0,7.0,2.51,2.51,1.5830495554817807,1.5830495554817807,0,0.0,,383980
stacked_low,2.0,q4_a1.5_or,10016,9.0,9.0,2.7,2.7,1.550835009822134,1.550835009822134,0,0.0,,388966
stacked_low,2.0,q4_a1.5_or,10017,7.0,7.0,2.605,2.605,1.6056214475749158,1.6056214475749158,0,0.0,,369564
stacked_low,2.0,q4_a1.5_or,10018,7.0,7.0,2.695,2.695,1.6127339420550044,1.6127339420550044,0,0.0,,382189
stacked_low,2.0,q4_a1.5_or,10019,8.0,8.0,2.675,2.675,1.6011337768299623,1.6011337768299623,0,0.0,,386071
stacked_low,2.0,q4_a1.5_or,10020,7.0,7.0,2.615,2.615,1.5903721817000616,1.5903721817000616,0,0.0,,376564
stacked_low,2.0,q4_a1.5_or,10021,8.0,8.0,2.585,2.585,1.519184740766711,1.519184740766711,0,0.0,,387789
stacked_low,2.0,q4_a1.5_or,10022,7.0,7.0,2.78,2.78,1.527452416791142,1.527452416791142,0,0.0,,384008
stacked_low,2.0,q4_a1.5_or,10023,8.0,8.0,2.625,2.625,1.4825845025312383,1.4825845025312383,0,0.0,,381606
stacked_low,2.0,q4_a1.5_or,10024,7.0,7.0,2.58,2.58,1.511535417422455,1.511535417422455,0,0.0,,381142
stacked_low,2.0,q4_a1.5_or,10025,8.0,8.0,2.66,2.66,1.551844169398538,1.551844169398538,0,0.0,,384413
stacked_low,2.0,q4_a1.5_or,10026,9.0,9.0,2.8,2.8,1.5917742133930104,1.5917742133930104,0,0.0,,379921
stacked_low,2.0,q4_a1.5_or,10027,7.0,7.0,2.445,2.445,1.502474683784316,1.502474683784316,0,0.0,,383415
stacked_low,2.0,q4_a1.5_or,10028,8.0,8.0,2.71,2.71,1.5899612784437287,1.5899612784437287,0,0.0,,380155
stacked_low,2.0,q4_a1.5_or,10029,8.0,8.0,2.645,2.645,1.5676140438200667,1.5676140438200667,0,0.0,,377154
stacked_low,2.0,q4_a1.5_and,10000,8.0,8.0,2.72,2.72,1.647824939426534,1.647824939426534,0,0.0,,383531
stacked_low,2.0,q4_a1.5_and,10001,8.0,8.0,2.705,2.705,1.5562944165098598,1.5562944165098598,0,0.0,,382758
stacked_low,2.0,q4_a1.5_and,10002,8.0,8.0,2.69,2.69,1.5988849178872917,1.5988849178872917,0,0.0,,390185
stacked_low,2.0,q4_a1.5_and,10003,7.0,7.0,2.58,2.58,1.5682822359295963,1.5682822359295963,0,0.0,,387348
stacked_low,2.0,q4_a1.5_and,10004,8.0,8.0,2.645,2.645,1.5227676565498782,1.5227676565498782,0,0.0,,386199
stacked_low,2.0,q4_a1.5_and,10005,8.0,8.0,2.63,2.63,1.5558868062831666,1.5558868062831666,0,0.0,,388705
stacked_low,2.0,q4_a1.5_and,10006,8.0,8.0,2.675,2.675,1.6046067085023024,1.6046067085023024,0,0.0,,377782
stacked_low,2.0,q4_a1.5_and,10007,7.0,7.0,2.625,2.625,1.589590618037643,1.589590618037643,0,0.0,,379616
stacked_low,2.0,q4_a1.5_and,10008,8.0,8.0,2.68,2.68,1.565226361550855,1.565226361550855,0,0.0,,380712
stacked_low,2.0,q4_a1.5_and,10009,8.0,8.0,2.715,2.715,1.5433791997206736,1.5433791997206736,0,0.0,,385454
stacked_low,2.0,q4_a1.5_and,10010,8.0,8.0,2.67,2.67,1.5267287920644035,1.5267287920644035,0,0.0,,386927
stacked_low,2.0,q4_a1.5_and,10011,8.0,8.0,2.76,2.76,1.5687668571600897,1.5687668571600897,0,0.0,,382436
stacked_low,2.0,q4_a1.5_and,10012,9.0,9.0,2.77,2.77,1.5594594303103368,1.5594594303103368,0,0.0,,381236
stacked_low,2.0,q4_a1.5_and,10013,8.0,8.0,2.67,2.67,1.6242071227338295,1.6242071227338295,0,0.0,,383525
stacked_low,2.0,q4_a1.5_and,10014,7.0,7.0,2.675,2.675,1.604243205917929,1.604243205917929,0,0.0,,377341
stacked_low,2.0,q4_a1.5_and,10015,7.0,7.0,2.51,2.51,1.5830495554817807,1.5830495554817807,0,0.0,,383980
stacked_low,2.0,q4_a1.5_and,10016,9.0,9.0,2.7,2.7,1.550835009822134,1.550835009822134,0,0.0,,388966
stacked_low,2.0,q4_a1.5_and,10017,7.0,7.0,2.605,2.605,1.6056214475749158,1.6056214475749158,0,0.0,,369564
stacked_low,2.0,q4_a1.5_and,10018,7.0,7.0,2.695,2.695,1.6127339420550044,1.6127339420550044,0,0.0,,382189
stacked_low,2.0,q4_a1.5_and,10019,8.0,8.0,2.675,2.675,1.6011337768299623,1.6011337768299623,0,0.0,,386071
stacked_low,2.0,q4_a1.5_and,10020,7.0,7.0,2.615,2.615,1.5903721817000616,1.5903721817000616,0,0.0,,376564
stacked_low,2.0,q4_a1.5_and,10021,8.0,8.0,2.585,2.585,1.519184740766711,1.519184740766711,0,0.0,,387789
stacked_low,2.0,q4_a1.5_and,10022,7.0,7.0,2.78,2.78,1.527452416791142,1.527452416791142,0,0.0,,384008
stacked_low,2.0,q4_a1.5_and,10023,8.0,8.0,2.625,2.625,1.4825845025312383,1.4825845025312383,0,0.0,,381606
stacked_low,2.0,q4_a1.5_and,10024,7.0,7.0,2.58,2.58,1.511535417422455,1.511535417422455,0,0.0,,381142
stacked_low,2.0,q4_a1.5_and,10025,8.0,8.0,2.66,2.66,1.551844169398538,1.551844169398538,0,0.0,,384413
stacked_low,2.0,q4_a1.5_and,10026,9.0,9.0,2.8,2.8,1.5917742133930104,1.5917742133930104,0,0.0,,379921
stacked_low,2.0,q4_a1.5_and,10027,7.0,7.0,2.445,2.445,1.502474683784316,1.502474683784316,0,0.0,,383415
stacked_low,2.0,q4_a1.5_and,10028,8.0,8.0,2.71,2.71,1.5899612784437287,1.5899612784437287,0,0.0,,380155
stacked_low,2.0,q4_a1.5_and,10029,8.0,8.0,2.645,2.645,1.5676140438200667,1.5676140438200667,0,0.0,,377154
stacked_low,2.0,q8_a0.8_or,10000,8.0,8.0,2.72,2.72,1.647824939426534,1.647824939426534,0,0.0,,383531
stacked_low,2.0,q8_a0.8_or,10001,8.0,8.0,2.705,2.705,1.5562944165098598,1.5562944165098598,0,0.0,,382758
stacked_low,2.0,q8_a0.8_or,10002,8.0,8.0,2.69,2.69,1.5988849178872917,1.5988849178872917,0,0.0,,390185
stacked_low,2.0,q8_a0.8_or,10003,7.0,7.0,2.58,2.58,1.5682822359295963,1.5682822359295963,0,0.0,,387348
stacked_low,2.0,q8_a0.8_or,10004,8.0,8.0,2.645,2.645,1.5227676565498782,1.5227676565498782,0,0.0,,386199
stacked_low,2.0,q8_a0.8_or,10005,8.0,8.0,2.63,2.63,1.5558868062831666,1.5558868062831666,0,0.0,,388705
stacked_low,2.0,q8_a0.8_or,10006,8.0,8.0,2.675,2.675,1.6046067085023024,1.6046067085023024,0,0.0,,377782
stacked_low,2.0,q8_a0.8_or,10007,7.0,7.0,2.625,2.625,1.589590618037643,1.589590618037643,0,0.0,,379616
stacked_low,2.0,q8_a0.8_or,10008,8.0,8.0,2.68,2.68,1.565226361550855,1.565226361550855,0,0.0,,380712
stacked_low,2.0,q8_a0.8_or,10009,8.0,8.0,2.715,2.715,1.5433791997206736,1.5433791997206736,0,0.0,,385454
stacked_low,2.0,q8_a0.8_or,10010,8.0,8.0,2.67,2.67,1.5267287920644035,1.5267287920644035,0,0.0,,386927
stacked_low,2.0,q8_a0.8_or,10011,8.0,8.0,2.76,2.76,1.5687668571600897,1.5687668571600897,0,0.0,,382436
stacked_low,2.0,q8_a0.8_or,10012,9.0,9.0,2.77,2.77,1.5594594303103368,1.5594594303103368,0,0.0,,381236
stacked_low,2.0,q8_a0.8_or,10013,8.0,8.0,2.67,2.67,1.6242071227338295,1.6242071227338295,0,0.0,,383525
stacked_low,2.0,q8_a0.8_or,10014,7.0,7.0,2.675,2.675,1.604243205917929,1.604243205917929,0,0.0,,377341
stacked_low,2.0,q8_a0.8_or,10015,7.0,7.0,2.51,2.51,1.5830495554817807,1.5830495554817807,0,0.0,,383980
stacked_low,2.0,q8_a0.8_or,10016,9.0,9.0,2.7,2.7,1.550835009822134,1.550835009822134,0,0.0,,388966
stacked_low,2.0,q8_a0.8_or,10017,7.0,7.0,2.605,2.605,1.6056214475749158,1.6056214475749158,0,0.0,,369564
stacked_low,2.0,q8_a0.8_or,10018,7.0,7.0,2.695,2.695,1.6127339420550044,1.6127339420550044,0,0.0,,382189
stacked_low,2.0,q8_a0.8_or,10019,8.0,8.0,2.675,2.675,1.6011337768299623,1.6011337768299623,0,0.0,,386071
stacked_low,2.0,q8_a0.8_or,10020,7.0,7.0,2.615,2.615,1.5903721817000616,1.5903721817000616,0,0.0,,376564
stacked_low,2.0,q8_a0.8_or,10021,8.0,8.0,2.585,2.585,1.519184740766711,1.519184740766711,0,0.0,,387789
stacked_low,2.0,q8_a0.8_or,10022,7.0,7.0,2.78,2.78,1.527452416791142,1.527452416791142,0,0.0,,384008
stacked_low,2.0,q8_a0.8_or,10023,8.0,8.0,2.625,2.625,1.4825845025312383,1.4825845025312383,0,0.0,,381606
stacked_low,2.0,q8_a0.8_or,10024,7.0,7.0,2.58,2.58,1.511535417422455,1.511535417422455,0,0.0,,381142
stacked_low,2.0,q8_a0.8_or,10025,8.0,8.0,2.66,2.66,1.551844169398538,1.551844169398538,0,0.0,,384413
stacked_low,2.0,q8_a0.8_or,10026,9.0,9.0,2.8,2.8,1.5917742133930104,1.5917742133930104,0,0.0,,379921
stacked_low,2.0,q8_a0.8_or,10027,7.0,7.0,2.445,2.445,1.502474683784316,1.502474683784316,0,0.0,,383415
stacked_low,2.0,q8_a0.8_or,10028,8.0,8.0,2.71,2.71,1.5899612784437287,1.5899612784437287,0,0.0,,380155
stacked_low,2.0,q8_a0.8_or,10029,8.0,8.0,2.645,2.645,1.5676140438200667,1.5676140438200667,0,0.0,,377154
stacked_low,2.0,q8_a0.8_and,10000,8.0,8.0,2.72,2.72,1.647824939426534,1.647824939426534,0,0.0,,383531
stacked_low,2.0,q8_a0.8_and,10001,8.0,8.0,2.705,2.705,1.5562944165098598,1.5562944165098598,0,0.0,,382758
stacked_low,2.0,q8_a0.8_and,10002,8.0,8.0,2.69,2.69,1.5988849178872917,1.5988849178872917,0,0.0,,390185
stacked_low,2.0,q8_a0.8_and,10003,7.0,7.0,2.58,2.58,1.5682822359295963,1.5682822359295963,0,0.0,,387348
stacked_low,2.0,q8_a0.8_and,10004,8.0,8.0,2.645,2.645,1.5227676565498782,1.5227676565498782,0,0.0,,386199
stacked_low,2.0,q8_a0.8_and,10005,8.0,8.0,2.63,2.63,1.5558868062831666,1.5558868062831666,0,0.0,,388705
stacked_low,2.0,q8_a0.8_and,10006,8.0,8.0,2.675,2.675,1.6046067085023024,1.6046067085023024,0,0.0,,377782
stacked_low,2.0,q8_a0.8_and,10007,7.0,7.0,2.625,2.625,1.589590618037643,1.589590618037643,0,0.0,,379616
stacked_low,2.0,q8_a0.8_and,10008,8.0,8.0,2.68,2.68,1.565226361550855,1.565226361550855,0,0.0,,380712
stacked_low,2.0,q8_a0.8_and,10009,8.0,8.0,2.715,2.715,1.5433791997206736,1.5433791997206736,0,0.0,,385454
stacked_low,2.0,q8_a0.8_and,10010,8.0,8.0,2.67,2.67,1.5267287920644035,1.5267287920644035,0,0.0,,386927
stacked_low,2.0,q8_a0.8_and,10011,8.0,8.0,2.76,2.76,1.5687668571600897,1.5687668571600897,0,0.0,,382436
stacked_low,2.0,q8_a0.8_and,10012,9.0,9.0,2.77,2.77,1.5594594303103368,1.5594594303103368,0,0.0,,381236
stacked_low,2.0,q8_a0.8_and,10013,8.0,8.0,2.67,2.67,1.6242071227338295,1.6242071227338295,0,0.0,,383525
stacked_low,2.0,q8_a0.8_and,10014,7.0,7.0,2.675,2.675,1.604243205917929,1.604243205917929,0,0.0,,377341
stacked_low,2.0,q8_a0.8_and,10015,7.0,7.0,2.51,2.51,1.5830495554817807,1.5830495554817807,0,0.0,,383980
stacked_low,2.0,q8_a0.8_and,10016,9.0,9.0,2.7,2.7,1.550835009822134,1.550835009822134,0,0.0,,388966
stacked_low,2.0,q8_a0.8_and,10017,7.0,7.0,2.605,2.605,1.6056214475749158,1.6056214475749158,0,0.0,,369564
stacked_low,2.0,q8_a0.8_and,10018,7.0,7.0,2.695,2.695,1.6127339420550044,1.6127339420550044,0,0.0,,382189
stacked_low,2.0,q8_a0.8_and,10019,8.0,8.0,2.675,2.675,1.6011337768299623,1.6011337768299623,0,0.0,,386071
stacked_low,2.0,q8_a0.8_and,10020,7.0,7.0,2.615,2.615,1.5903721817000616,1.5903721817000616,0,0.0,,376564
stacked_low,2.0,q8_a0.8_and,10021,8.0,8.0,2.585,2.585,1.519184740766711,1.519184740766711,0,0.0,,387789
stacked_low,2.0,q8_a0.8_and,10022,7.0,7.0,2.78,2.78,1.527452416791142,1.527452416791142,0,0.0,,384008
stacked_low,2.0,q8_a0.8_and,10023,8.0,8.0,2.625,2.625,1.4825845025312383,1.4825845025312383,0,0.0,,381606
stacked_low,2.0,q8_a0.8_and,10024,7.0,7.0,2.58,2.58,1.511535417422455,1.511535417422455,0,0.0,,381142
stacked_low,2.0,q8_a0.8_and,10025,8.0,8.0,2.66,2.66,1.551844169398538,1.551844169398538,0,0.0,,384413
stacked_low,2.0,q8_a0.8_and,10026,9.0,9.0,2.8,2.8,1.5917742133930104,1.5917742133930104,0,0.0,,379921
stacked_low,2.0,q8_a0.8_and,10027,7.0,7.0,2.445,2.445,1.502474683784316,1.502474683784316,0,0.0,,383415
stacked_low,2.0,q8_a0.8_and,10028,8.0,8.0,2.71,2.71,1.5899612784437287,1.5899612784437287,0,0.0,,380155
stacked_low,2.0,q8_a0.8_and,10029,8.0,8.0,2.645,2.645,1.5676140438200667,1.5676140438200667,0,0.0,,377154
stacked_low,2.0,q8_a1.5_or,10000,8.0,8.0,2.72,2.72,1.647824939426534,1.647824939426534,0,0.0,,383531
stacked_low,2.0,q8_a1.5_or,10001,8.0,8.0,2.705,2.705,1.5562944165098598,1.5562944165098598,0,0.0,,382758
stacked_low,2.0,q8_a1.5_or,10002,8.0,8.0,2.69,2.69,1.5988849178872917,1.5988849178872917,0,0.0,,390185
stacked_low,2.0,q8_a1.5_or,10003,7.0,7.0,2.58,2.58,1.5682822359295963,1.5682822359295963,0,0.0,,387348
stacked_low,2.0,q8_a1.5_or,10004,8.0,8.0,2.645,2.645,1.5227676565498782,1.5227676565498782,0,0.0,,386199
stacked_low,2.0,q8_a1.5_or,10005,8.0,8.0,2.63,2.63,1.5558868062831666,1.5558868062831666,0,0.0,,388705
stacked_low,2.0,q8_a1.5_or,10006,8.0,8.0,2.675,2.675,1.6046067085023024,1.6046067085023024,0,0.0,,377782
stacked_low,2.0,q8_a1.5_or,10007,7.0,7.0,2.625,2.625,1.589590618037643,1.589590618037643,0,0.0,,379616
stacked_low,2.0,q8_a1.5_or,10008,8.0,8.0,2.68,2.68,1.565226361550855,1.565226361550855,0,0.0,,380712
stacked_low,2.0,q8_a1.5_or,10009,8.0,8.0,2.715,2.715,1.5433791997206736,1.5433791997206736,0,0.0,,385454
stacked_low,2.0,q8_a1.5_or,10010,8.0,8.0,2.67,2.67,1.5267287920644035,1.5267287920644035,0,0.0,,386927
stacked_low,2.0,q8_a1.5_or,10011,8.0,8.0,2.76,2.76,1.5687668571600897,1.5687668571600897,0,0.0,,382436
stacked_low,2.0,q8_a1.5_or,10012,9.0,9.0,2.77,2.77,1.5594594303103368,1.5594594303103368,0,0.0,,381236
stacked_low,2.0,q8_a1.5_or,10013,8.0,8.0,2.67,2.67,1.6242071227338295,1.6242071227338295,0,0.0,,383525
stacked_low,2.0,q8_a1.5_or,10014,7.0,7.0,2.675,2.675,1.604243205917929,1.604243205917929,0,0.0,,377341
stacked_low,2.0,q8_a1.5_or,10015,7.0,7.0,2.51,2.51,1.5830495554817807,1.5830495554817807,0,0.0,,383980
stacked_low,2.0,q8_a1.5_or,10016,9.0,9.0,2.7,2.7,1.550835009822134,1.550835009822134,0,0.0,,388966
stacked_low,2.0,q8_a1.5_or,10017,7.0,7.0,2.605,2.605,1.6056214475749158,1.6056214475749158,0,0.0,,369564
stacked_low,2.0,q8_a1.5_or,10018,7.0,7.0,2.695,2.695,1.6127339420550044,1.6127339420550044,0,0.0,,382189
stacked_low,2.0,q8_a1.5_or,10019,8.0,8.0,2.675,2.675,1.6011337768299623,1.6011337768299623,0,0.0,,386071
stacked_low,2.0,q8_a1.5_or,10020,7.0,7.0,2.615,2.615,1.5903721817000616,1.5903721817000616,0,0.0,,376564
stacked_low,2.0,q8_a1.5_or,10021,8.0,8.0,2.585,2.585,1.519184740766711,1.519184740766711,0,0.0,,387789
stacked_low,2.0,q8_a1.5_or,10022,7.0,7.0,2.78,2.78,1.527452416791142,1.527452416791142,0,0.0,,384008
stacked_low,2.0,q8_a1.5_or,10023,8.0,8.0,2.625,2.625,1.4825845025312383,1.4825845025312383,0,0.0,,381606
stacked_low,2.0,q8_a1.5_or,10024,7.0,7.0,2.58,2.58,1.511535417422455,1.511535417422455,0,0.0,,381142
stacked_low,2.0,q8_a1.5_or,10025,8.0,8.0,2.66,2.66,1.551844169398538,1.551844169398538,0,0.0,,384413
stacked_low,2.0,q8_a1.5_or,10026,9.0,9.0,2.8,2.8,1.5917742133930104,1.5917742133930104,0,0.0,,379921
stacked_low,2.0,q8_a1.5_or,10027,7.0,7.0,2.445,2.445,1.502474683784316,1.502474683784316,0,0.0,,383415
stacked_low,2.0,q8_a1.5_or,10028,8.0,8.0,2.71,2.71,1.5899612784437287,1.5899612784437287,0,0.0,,380155
stacked_low,2.0,q8_a1.5_or,10029,8.0,8.0,2.645,2.645,1.5676140438200667,1.5676140438200667,0,0.0,,377154
stacked_low,2.0,q8_a1.5_and,10000,8.0,8.0,2.72,2.72,1.647824939426534,1.647824939426534,0,0.0,,383531
stacked_low,2.0,q8_a1.5_and,10001,8.0,8.0,2.705,2.705,1.5562944165098598,1.5562944165098598,0,0.0,,382758
stacked_low,2.0,q8_a1.5_and,10002,8.0,8.0,2.69,2.69,1.5988849178872917,1.5988849178872917,0,0.0,,390185
stacked_low,2.0,q8_a1.5_and,10003,7.0,7.0,2.58,2.58,1.5682822359295963,1.5682822359295963,0,0.0,,387348
stacked_low,2.0,q8_a1.5_and,10004,8.0,8.0,2.645,2.645,1.5227676565498782,1.5227676565498782,0,0.0,,386199
stacked_low,2.0,q8_a1.5_and,10005,8.0,8.0,2.63,2.63,1.5558868062831666,1.5558868062831666,0,0.0,,388705
stacked_low,2.0,q8_a1.5_and,10006,8.0,8.0,2.675,2.675,1.6046067085023024,1.6046067085023024,0,0.0,,377782
stacked_low,2.0,q8_a1.5_and,10007,7.0,7.0,2.625,2.625,1.589590618037643,1.589590618037643,0,0.0,,379616
stacked_low,2.0,q8_a1.5_and,10008,8.0,8.0,2.68,2.68,1.565226361550855,1.565226361550855,0,0.0,,380712
stacked_low,2.0,q8_a1.5_and,10009,8.0,8.0,2.715,2.715,1.5433791997206736,1.5433791997206736,0,0.0,,385454
stacked_low,2.0,q8_a1.5_and,10010,8.0,8.0,2.67,2.67,1.5267287920644035,1.5267287920644035,0,0.0,,386927
stacked_low,2.0,q8_a1.5_and,10011,8.0,8.0,2.76,2.76,1.5687668571600897,1.5687668571600897,0,0.0,,382436
stacked_low,2.0,q8_a1.5_and,10012,9.0,9.0,2.77,2.77,1.5594594303103368,1.5594594303103368,0,0.0,,381236
stacked_low,2.0,q8_a1.5_and,10013,8.0,8.0,2.67,2.67,1.6242071227338295,1.6242071227338295,0,0.0,,383525
stacked_low,2.0,q8_a1.5_and,10014,7.0,7.0,2.675,2.675,1.604243205917929,1.604243205917929,0,0.0,,377341
stacked_low,2.0,q8_a1.5_and,10015,7.0,7.0,2.51,2.51,1.5830495554817807,1.5830495554817807,0,0.0,,383980
stacked_low,2.0,q8_a1.5_and,10016,9.0,9.0,2.7,2.7,1.550835009822134,1.550835009822134,0,0.0,,388966
stacked_low,2.0,q8_a1.5_and,10017,7.0,7.0,2.605,2.605,1.6056214475749158,1.6056214475749158,0,0.0,,369564
stacked_low,2.0,q8_a1.5_and,10018,7.0,7.0,2.695,2.695,1.6127339420550044,1.6127339420550044,0,0.0,,382189
stacked_low,2.0,q8_a1.5_and,10019,8.0,8.0,2.675,2.675,1.6011337768299623,1.6011337768299623,0,0.0,,386071
stacked_low,2.0,q8_a1.5_and,10020,7.0,7.0,2.615,2.615,1.5903721817000616,1.5903721817000616,0,0.0,,376564
stacked_low,2.0,q8_a1.5_and,10021,8.0,8.0,2.585,2.585,1.519184740766711,1.519184740766711,0,0.0,,387789
stacked_low,2.0,q8_a1.5_and,10022,7.0,7.0,2.78,2.78,1.527452416791142,1.527452416791142,0,0.0,,384008
stacked_low,2.0,q8_a1.5_and,10023,8.0,8.0,2.625,2.625,1.4825845025312383,1.4825845025312383,0,0.0,,381606
stacked_low,2.0,q8_a1.5_and,10024,7.0,7.0,2.58,2.58,1.511535417422455,1.511535417422455,0,0.0,,381142
stacked_low,2.0,q8_a1.5_and,10025,8.0,8.0,2.66,2.66,1.551844169398538,1.551844169398538,0,0.0,,384413
stacked_low,2.0,q8_a1.5_and,10026,9.0,9.0,2.8,2.8,1.5917742133930104,1.5917742133930104,0,0.0,,379921
stacked_low,2.0,q8_a1.5_and,10027,7.0,7.0,2.445,2.445,1.502474683784316,1.502474683784316,0,0.0,,383415
stacked_low,2.0,q8_a1.5_and,10028,8.0,8.0,2.71,2.71,1.5899612784437287,1.5899612784437287,0,0.0,,380155
stacked_low,2.0,q8_a1.5_and,10029,8.0,8.0,2.645,2.645,1.5676140438200667,1.5676140438200667,0,0.0,,377154
