workload,penalty,config,queue_growth_threshold,arrival_rate_threshold,combine,p95_wait_base,p95_wait_var,p95_wait_pct,p95_wait_wins,p95_wait_harms,p95_wait_ties,p95_wait_sign_p,p95_wait_wilcoxon_p,avg_wait_base,avg_wait_var,avg_wait_pct,avg_wait_wins,avg_wait_harms,avg_wait_ties,avg_wait_sign_p,avg_wait_wilcoxon_p,avg_slowdown_base,avg_slowdown_var,avg_slowdown_pct,avg_slowdown_wins,avg_slowdown_harms,avg_slowdown_ties,avg_slowdown_sign_p,avg_slowdown_wilcoxon_p,any_significant_harm,detector_fires,recall,precision,sched_cores_scanned
bursty_high_s24,0.0,q2_a0.8_or,2,0.8,or,1.1466666666663623,1.2399999999997402,8.139534883726977,5,11,14,0.210113525390625,0.027976005456793462,0.527083333333166,0.5377222222220549,2.018445322793785,5,16,9,0.02660369873046875,0.016472365010969714,1.0480841876453248,1.0499900054075788,0.18183823253126813,6,16,8,0.052478790283203125,0.021163147971736684,True,10.766666666666667,0.5366666666666666,1.0,49285.833333333336
bursty_high_s24,0.0,q2_a0.8_and,2,0.8,and,1.1466666666663623,1.1466666666663623,0.0,0,0,30,1.0,1.0,0.527083333333166,0.527083333333166,0.0,0,0,30,1.0,1.0,1.0480841876453248,1.0480841876453248,0.0,0,0,30,1.0,1.0,False,0.3333333333333333,0.02,1.0,48711.5
bursty_high_s24,0.0,q2_a1.5_or,2,1.5,or,1.1466666666663623,1.1466666666663623,0.0,0,0,30,1.0,1.0,0.527083333333166,0.527083333333166,0.0,0,0,30,1.0,1.0,1.0480841876453248,1.0480841876453248,0.0,0,0,30,1.0,1.0,False,0.7666666666666667,0.05333333333333334,1.0,48716.433333333334
bursty_high_s24,0.0,q2_a1.5_and,2,1.5,and,1.1466666666663623,1.1466666666663623,0.0,0,0,30,1.0,1.0,0.527083333333166,0.527083333333166,0.0,0,0,30,1.0,1.0,1.0480841876453248,1.0480841876453248,0.0,0,0,30,1.0,1.0,False,0,0.0,,48711.5
bursty_high_s24,0.0,q4_a0.8_or,4,0.8,or,1.1466666666663623,1.2399999999997402,8.139534883726977,5,11,14,0.210113525390625,0.027976005456793462,0.527083333333166,0.5377222222220549,2.018445322793785,5,16,9,0.02660369873046875,0.016472365010969714,1.0480841876453248,1.0499900054075788,0.18183823253126813,6,16,8,0.052478790283203125,0.021163147971736684,True,10.433333333333334,0.52,1.0,49285.833333333336
bursty_high_s24,0.0,q4_a0.8_and,4,0.8,and,1.1466666666663623,1.1466666666663623,0.0,0,0,30,1.0,1.0,0.527083333333166,0.527083333333166,0.0,0,0,30,1.0,1.0,1.0480841876453248,1.0480841876453248,0.0,0,0,30,1.0,1.0,False,0,0.0,,48711.5
bursty_high_s24,0.0,q4_a1.5_or,4,1.5,or,1.1466666666663623,1.1466666666663623,0.0,0,0,30,1.0,1.0,0.527083333333166,0.527083333333166,0.0,0,0,30,1.0,1.0,1.0480841876453248,1.0480841876453248,0.0,0,0,30,1.0,1.0,False,0.1,0.006666666666666667,1.0,48716.433333333334
bursty_high_s24,0.0,q4_a1.5_and,4,1.5,and,1.1466666666663623,1.1466666666663623,0.0,0,0,30,1.0,1.0,0.527083333333166,0.527083333333166,0.0,0,0,30,1.0,1.0,1.0480841876453248,1.0480841876453248,0.0,0,0,30,1.0,1.0,False,0,0.0,,48711.5
bursty_high_s24,0.0,q8_a0.8_or,8,0.8,or,1.1466666666663623,1.2399999999997402,8.139534883726977,5,11,14,0.210113525390625,0.027976005456793462,0.527083333333166,0.5377222222220549,2.018445322793785,5,16,9,0.02660369873046875,0.016472365010969714,1.0480841876453248,1.0499900054075788,0.18183823253126813,6,16,8,0.052478790283203125,0.021163147971736684,True,10.433333333333334,0.52,1.0,49285.833333333336
bursty_high_s24,0.0,q8_a0.8_and,8,0.8,and,1.1466666666663623,1.1466666666663623,0.0,0,0,30,1.0,1.0,0.527083333333166,0.527083333333166,0.0,0,0,30,1.0,1.0,1.0480841876453248,1.0480841876453248,0.0,0,0,30,1.0,1.0,False,0,0.0,,48711.5
bursty_high_s24,0.0,q8_a1.5_or,8,1.5,or,1.1466666666663623,1.1466666666663623,0.0,0,0,30,1.0,1.0,0.527083333333166,0.527083333333166,0.0,0,0,30,1.0,1.0,1.0480841876453248,1.0480841876453248,0.0,0,0,30,1.0,1.0,False,0.1,0.006666666666666667,1.0,48716.433333333334
bursty_high_s24,0.0,q8_a1.5_and,8,1.5,and,1.1466666666663623,1.1466666666663623,0.0,0,0,30,1.0,1.0,0.527083333333166,0.527083333333166,0.0,0,0,30,1.0,1.0,1.0480841876453248,1.0480841876453248,0.0,0,0,30,1.0,1.0,False,0,0.0,,48711.5
bursty_high_s24,0.5,q2_a0.8_or,2,0.8,or,1.169999999999734,1.2288888888886553,5.033238366575624,7,10,13,0.629058837890625,0.23662979340193702,0.5372361111109442,0.540652777777611,0.6359711486261713,7,16,7,0.0931396484375,0.18581859588098792,1.051972974111587,1.0528424084320203,0.08264797117696275,8,15,7,0.21003961563110352,0.15727520892935187,False,10.366666666666667,0.53,1.0,49295.86666666667
bursty_high_s24,0.5,q2_a0.8_and,2,0.8,and,1.169999999999734,1.169999999999734,0.0,0,0,30,1.0,1.0,0.5372361111109442,0.5372361111109442,0.0,0,0,30,1.0,1.0,1.051972974111587,1.051972974111587,0.0,0,0,30,1.0,1.0,False,0.3,0.023333333333333334,1.0,48680.9
bursty_high_s24,0.5,q2_a1.5_or,2,1.5,or,1.169999999999734,1.169999999999734,0.0,0,0,30,1.0,1.0,0.5372361111109442,0.5372361111109442,0.0,0,0,30,1.0,1.0,1.051972974111587,1.051972974111587,0.0,0,0,30,1.0,1.0,False,0.5,0.03333333333333333,1.0,48680.9
bursty_high_s24,0.5,q2_a1.5_and,2,1.5,and,1.169999999999734,1.169999999999734,0.0,0,0,30,1.0,1.0,0.5372361111109442,0.5372361111109442,0.0,0,0,30,1.0,1.0,1.051972974111587,1.051972974111587,0.0,0,0,30,1.0,1.0,False,0,0.0,,48680.9
bursty_high_s24,0.5,q4_a0.8_or,4,0.8,or,1.169999999999734,1.2288888888886553,5.033238366575624,7,10,13,0.629058837890625,0.23662979340193702,0.5372361111109442,0.540652777777611,0.6359711486261713,7,16,7,0.0931396484375,0.18581859588098792,1.051972974111587,1.0528424084320203,0.08264797117696275,8,15,7,0.21003961563110352,0.15727520892935187,False,10.2,0.52,1.0,49295.86666666667
bursty_high_s24,0.5,q4_a0.8_and,4,0.8,and,1.169999999999734,1.169999999999734,0.0,0,0,30,1.0,1.0,0.5372361111109442,0.5372361111109442,0.0,0,0,30,1.0,1.0,1.051972974111587,1.051972974111587,0.0,0,0,30,1.0,1.0,False,0,0.0,,48680.9
bursty_high_s24,0.5,q4_a1.5_or,4,1.5,or,1.169999999999734,1.169999999999734,0.0,0,0,30,1.0,1.0,0.5372361111109442,0.5372361111109442,0.0,0,0,30,1.0,1.0,1.051972974111587,1.051972974111587,0.0,0,0,30,1.0,1.0,False,0,0.0,,48680.9
bursty_high_s24,0.5,q4_a1.5_and,4,1.5,and,1.169999999999734,1.169999999999734,0.0,0,0,30,1.0,1.0,0.5372361111109442,0.5372361111109442,0.0,0,0,30,1.0,1.0,1.051972974111587,1.051972974111587,0.0,0,0,30,1.0,1.0,False,0,0.0,,48680.9
bursty_high_s24,0.5,q8_a0.8_or,8,0.8,or,1.169999999999734,1.2288888888886553,5.033238366575624,7,10,13,0.629058837890625,0.23662979340193702,0.5372361111109442,0.540652777777611,0.6359711486261713,7,16,7,0.0931396484375,0.18581859588098792,1.051972974111587,1.0528424084320203,0.08264797117696275,8,15,7,0.21003961563110352,0.15727520892935187,False,10.2,0.52,1.0,49295.86666666667
bursty_high_s24,0.5,q8_a0.8_and,8,0.8,and,1.169999999999734,1.169999999999734,0.0,0,0,30,1.0,1.0,0.5372361111109442,0.5372361111109442,0.0,0,0,30,1.0,1.0,1.051972974111587,1.051972974111587,0.0,0,0,30,1.0,1.0,False,0,0.0,,48680.9
bursty_high_s24,0.5,q8_a1.5_or,8,1.5,or,1.169999999999734,1.169999999999734,0.0,0,0,30,1.0,1.0,0.5372361111109442,0.5372361111109442,0.0,0,0,30,1.0,1.0,1.051972974111587,1.051972974111587,0.0,0,0,30,1.0,1.0,False,0,0.0,,48680.9
bursty_high_s24,0.5,q8_a1.5_and,8,1.5,and,1.169999999999734,1.169999999999734,0.0,0,0,30,1.0,1.0,0.5372361111109442,0.5372361111109442,0.0,0,0,30,1.0,1.0,1.051972974111587,1.051972974111587,0.0,0,0,30,1.0,1.0,False,0,0.0,,48680.9
bursty_high_s24,2.0,q2_a0.8_or,2,0.8,or,1.2244444444441813,1.2999999999997778,6.170598911075446,5,10,15,0.3017578125,0.024867859317885266,0.5413888888887222,0.5498888888887223,1.5700359158547998,7,12,11,0.359283447265625,0.03462520752333598,1.059367259978083,1.060725562967047,0.12821832807934713,9,11,10,0.8238029479980469,0.444081179535047,False,10.533333333333333,0.49666666666666665,1.0,49158.8
bursty_high_s24,2.0,q2_a0.8_and,2,0.8,and,1.2244444444441813,1.2244444444441813,0.0,0,0,30,1.0,1.0,0.5413888888887222,0.5413888888887222,0.0,0,0,30,1.0,1.0,1.059367259978083,1.059367259978083,0.0,0,0,30,1.0,1.0,False,0.23333333333333334,0.02,1.0,48555.8
bursty_high_s24,2.0,q2_a1.5_or,2,1.5,or,1.2244444444441813,1.2244444444441813,0.0,0,0,30,1.0,1.0,0.5413888888887222,0.541527777777611,0.02565418163159736,0,1,29,1.0,1.0,1.059367259978083,1.0594107056395112,0.004101095349040677,0,1,29,1.0,1.0,False,0.7666666666666667,0.05666666666666667,1.0,48561.73333333333
bursty_high_s24,2.0,q2_a1.5_and,2,1.5,and,1.2244444444441813,1.2244444444441813,0.0,0,0,30,1.0,1.0,0.5413888888887222,0.5413888888887222,0.0,0,0,30,1.0,1.0,1.059367259978083,1.059367259978083,0.0,0,0,30,1.0,1.0,False,0,0.0,,48555.8
bursty_high_s24,2.0,q4_a0.8_or,4,0.8,or,1.2244444444441813,1.2999999999997778,6.170598911075446,5,10,15,0.3017578125,0.024867859317885266,0.5413888888887222,0.5498888888887223,1.5700359158547998,7,12,11,0.359283447265625,0.03462520752333598,1.059367259978083,1.060725562967047,0.12821832807934713,9,11,10,0.8238029479980469,0.444081179535047,False,10.233333333333333,0.48,1.0,49158.8
bursty_high_s24,2.0,q4_a0.8_and,4,0.8,and,1.2244444444441813,1.2244444444441813,0.0,0,0,30,1.0,1.0,0.5413888888887222,0.5413888888887222,0.0,0,0,30,1.0,1.0,1.059367259978083,1.059367259978083,0.0,0,0,30,1.0,1.0,False,0,0.0,,48555.8
bursty_high_s24,2.0,q4_a1.5_or,4,1.5,or,1.2244444444441813,1.2244444444441813,0.0,0,0,30,1.0,1.0,0.5413888888887222,0.541527777777611,0.02565418163159736,0,1,29,1.0,1.0,1.059367259978083,1.0594107056395112,0.004101095349040677,0,1,29,1.0,1.0,False,0.16666666666666666,0.01,1.0,48561.73333333333
bursty_high_s24,2.0,q4_a1.5_and,4,1.5,and,1.2244444444441813,1.2244444444441813,0.0,0,0,30,1.0,1.0,0.5413888888887222,0.5413888888887222,0.0,0,0,30,1.0,1.0,1.059367259978083,1.059367259978083,0.0,0,0,30,1.0,1.0,False,0,0.0,,48555.8
bursty_high_s24,2.0,q8_a0.8_or,8,0.8,or,1.2244444444441813,1.2999999999997778,6.170598911075446,5,10,15,0.3017578125,0.024867859317885266,0.5413888888887222,0.5498888888887223,1.5700359158547998,7,12,11,0.359283447265625,0.03462520752333598,1.059367259978083,1.060725562967047,0.12821832807934713,9,11,10,0.8238029479980469,0.444081179535047,False,10.233333333333333,0.48,1.0,49158.8
bursty_high_s24,2.0,q8_a0.8_and,8,0.8,and,1.2244444444441813,1.2244444444441813,0.0,0,0,30,1.0,1.0,0.5413888888887222,0.5413888888887222,0.0,0,0,30,1.0,1.0,1.059367259978083,1.059367259978083,0.0,0,0,30,1.0,1.0,False,0,0.0,,48555.8
bursty_high_s24,2.0,q8_a1.5_or,8,1.5,or,1.2244444444441813,1.2244444444441813,0.0,0,0,30,1.0,1.0,0.5413888888887222,0.541527777777611,0.02565418163159736,0,1,29,1.0,1.0,1.059367259978083,1.0594107056395112,0.004101095349040677,0,1,29,1.0,1.0,False,0.16666666666666666,0.01,1.0,48561.73333333333
bursty_high_s24,2.0,q8_a1.5_and,8,1.5,and,1.2244444444441813,1.2244444444441813,0.0,0,0,30,1.0,1.0,0.5413888888887222,0.5413888888887222,0.0,0,0,30,1.0,1.0,1.059367259978083,1.059367259978083,0.0,0,0,30,1.0,1.0,False,0,0.0,,48555.8
