config,combine,q,a,harm_count,harmed_workloads,benefit_score,stacked_medium_p0,stacked_medium_p2,stacked_high_p0,stacked_high_p2
q2_a0.8_and,and,2,0.8,1,bursty_high_s64,13.961767838026459,-17.668414683341467,-16.27632355835588,-10.694945848375582,-11.207387262032906
q2_a0.8_or,or,2,0.8,3,bursty_high_s24;bursty_high_s64;stacked_low,19.206872305875592,-18.515530455830266,-18.441251722104152,-22.193140794223893,-17.677566251344064
q2_a1.5_and,and,2,1.5,1,bursty_high_s64,13.681672569943252,-8.047599838645574,-11.080495965362578,-20.767148014440437,-14.831446461324418
q2_a1.5_or,or,2,1.5,2,bursty_high_s64;stacked_low,14.770119594597455,-16.619604679307077,-18.382208226728366,-10.126353790613717,-13.952311681740658
q4_a0.8_and,and,4,0.8,1,bursty_high_s64,9.616635211157622,-6.5752319483659685,-9.112379452864136,-12.16606498194947,-10.61286446145091
q4_a0.8_or,or,4,0.8,1,bursty_high_s64,20.765279848225838,-19.060104881002342,-21.235977169850226,-24.34115523465709,-18.423882107393684
q4_a1.5_and,and,4,1.5,1,bursty_high_s64,14.65279269576569,-9.963695038322474,-12.0645542216129,-22.048736462093892,-14.534185061033494
q4_a1.5_or,or,4,1.5,1,bursty_high_s64,9.244522557312195,-5.264219443324613,-8.30545168274068,-12.409747292418793,-10.998671810764689
q8_a0.8_and,and,8,0.8,1,bursty_high_s64,7.540905594356098,0.020169423154452623,1.1611887423737592,-15.703971119133586,-15.64100942381902
q8_a0.8_or,or,8,0.8,1,bursty_high_s64,20.765279848225838,-19.060104881002342,-21.235977169850226,-24.34115523465709,-18.423882107393684
q8_a1.5_and,and,8,1.5,1,bursty_high_s64,7.540905594356098,0.020169423154452623,1.1611887423737592,-15.703971119133586,-15.64100942381902
q8_a1.5_or,or,8,1.5,1,bursty_high_s64,13.727858364552885,-8.087938684954091,-11.080495965362578,-20.911552346570453,-14.831446461324418
