workload,seed,p95_wait_legacy,p95_wait_kernel,migrations_legacy,migrations_kernel,cores_scanned_legacy,cores_scanned_kernel
stacked_medium,30000,13.999999999999261,14.000000000000007,290,356,95667,52722
stacked_medium,30001,14.333333333333314,13.000000000000199,322,351,96768,51564
stacked_medium,30002,15.333333333333357,13.333333333333258,297,388,94760,54009
stacked_medium,30003,13.000000000000568,13.666666666665662,305,374,94767,52391
stacked_medium,30004,16.00000000000002,15.333333333333087,321,375,95091,53198
stacked_medium,30005,15.66666666666623,14.666666666667425,318,388,93812,52731
stacked_medium,30006,16.3333333333332,12.999999999999545,315,409,93055,53566
stacked_medium,30007,14.999999999999659,13.000000000000142,280,353,93589,52263
stacked_medium,30008,12.666666666665947,13.999999999999261,289,384,95601,52143
stacked_medium,30009,13.666666666667197,13.000000000000199,304,400,96361,52600
stacked_high,30000,26.933333333333422,20.40000000000012,443,465,31865,19827
stacked_high,30001,28.599999999999937,21.86666666666673,375,462,31403,19654
stacked_high,30002,19.26666666666675,23.533333333333367,383,477,32307,19314
stacked_high,30003,15.666666666666693,22.600000000000044,310,478,32081,18869
stacked_high,30004,21.40000000000012,19.866666666666724,347,437,32881,19835
stacked_high,30005,34.40000000000004,19.466666666666754,433,472,32199,20418
stacked_high,30006,36.66666666666673,30.20000000000004,376,639,32905,18675
stacked_high,30007,22.13333333333336,33.80000000000011,361,652,32012,18495
stacked_high,30008,39.73333333333339,24.333333333333364,390,588,33155,18867
stacked_high,30009,34.73333333333345,28.20000000000004,369,584,31896,18994
rate3.0_s12,30000,16.333333333333314,16.666666666666657,227,283,85761,45256
rate3.0_s12,30001,15.666666666666856,17.333333333333655,241,295,85655,46414
rate3.0_s12,30002,24.00000000000017,18.666666666666572,251,339,86836,46157
rate3.0_s12,30003,18.3333333333336,17.00000000000034,236,318,87304,47228
rate3.0_s12,30004,17.666666666666572,19.333333333333172,227,317,88450,46413
rate3.0_s12,30005,19.999999999999943,22.333333333333826,226,301,87126,46226
rate3.0_s12,30006,19.999999999999858,18.33333333333337,222,287,88155,47200
rate3.0_s12,30007,16.666666666666657,18.000000000000114,239,293,87599,45743
rate3.0_s12,30008,16.6666666666668,19.999999999999858,250,289,86877,45675
rate3.0_s12,30009,16.666666666666657,20.666666666666664,228,289,86096,45912
bursty_high_s64,30000,62.66666666666541,53.86666666666423,648,1777,140331,110336
bursty_high_s64,30001,69.13333333333134,56.26666666666546,651,1672,138940,109506
bursty_high_s64,30002,59.73333333333102,53.86666666666676,655,1558,139311,110078
bursty_high_s64,30003,59.266666666664776,53.59999999999826,619,1533,139346,111635
bursty_high_s64,30004,76.19999999999837,58.399999999997135,676,1530,140312,111058
bursty_high_s64,30005,59.79999999999845,52.666666666664185,684,1538,139486,110115
bursty_high_s64,30006,65.73333333333053,54.666666666664014,670,1630,138749,109350
bursty_high_s64,30007,71.39999999999714,59.59999999999803,595,1598,139293,109074
bursty_high_s64,30008,64.86666666666616,60.933333333332286,628,1690,136641,109551
bursty_high_s64,30009,65.93333333333152,47.733333333331245,692,1617,138013,108545
