scheduler,domain,level,n_events,n_checker_invalid,pct_invalid,n_checker_valid_self,fully_starved
baseline,machine0,machine,4372,200,4.57,371,False
baseline,machine1,machine,4509,1371,30.41,283,False
baseline,machine2,machine,4572,1310,28.65,294,False
baseline,machine3,machine,4660,1327,28.48,282,False
baseline,node0,node,17612,0,0.0,1679,False
baseline,node1,node,18040,0,0.0,1667,False
baseline,node2,node,18150,0,0.0,1595,False
baseline,node3,node,18524,0,0.0,1593,False
baseline,onehop0,onehop,5772,195,3.38,551,False
baseline,onehop1,onehop,6036,1864,30.88,423,False
baseline,onehop2,onehop,6048,1687,27.89,375,False
baseline,onehop3,onehop,6182,1771,28.65,386,False
baseline,n0-pair0,pair,14283,0,0.0,5504,False
baseline,n0-pair1,pair,13728,0,0.0,5534,False
baseline,n0-pair2,pair,14925,0,0.0,5494,False
baseline,n0-pair3,pair,14719,0,0.0,5458,False
baseline,n1-pair0,pair,14864,0,0.0,5543,False
baseline,n1-pair1,pair,15112,0,0.0,5528,False
baseline,n1-pair2,pair,14200,0,0.0,5498,False
baseline,n1-pair3,pair,14886,0,0.0,5481,False
baseline,n2-pair0,pair,14360,0,0.0,5488,False
baseline,n2-pair1,pair,14549,0,0.0,5480,False
baseline,n2-pair2,pair,15209,0,0.0,5492,False
baseline,n2-pair3,pair,15126,0,0.0,5490,False
baseline,n3-pair0,pair,14964,0,0.0,5497,False
baseline,n3-pair1,pair,15087,0,0.0,5494,False
baseline,n3-pair2,pair,14494,0,0.0,5503,False
baseline,n3-pair3,pair,15365,0,0.0,5475,False
burst_aware,machine0,machine,4499,244,5.42,365,False
burst_aware,machine1,machine,4589,1332,29.03,287,False
burst_aware,machine2,machine,4641,1321,28.46,290,False
burst_aware,machine3,machine,4683,1373,29.32,286,False
burst_aware,node0,node,17604,0,0.0,1556,False
burst_aware,node1,node,17943,0,0.0,1612,False
burst_aware,node2,node,17937,0,0.0,1557,False
burst_aware,node3,node,18400,0,0.0,1566,False
burst_aware,onehop0,onehop,5988,201,3.36,521,False
burst_aware,onehop1,onehop,6066,1828,30.14,396,False
burst_aware,onehop2,onehop,6125,1710,27.92,381,False
burst_aware,onehop3,onehop,6191,1841,29.74,361,False
burst_aware,n0-pair0,pair,14559,0,0.0,5442,False
burst_aware,n0-pair1,pair,13989,0,0.0,5477,False
burst_aware,n0-pair2,pair,14156,0,0.0,5467,False
burst_aware,n0-pair3,pair,14719,0,0.0,5430,False
burst_aware,n1-pair0,pair,14560,0,0.0,5436,False
burst_aware,n1-pair1,pair,14500,0,0.0,5467,False
burst_aware,n1-pair2,pair,14449,0,0.0,5475,False
burst_aware,n1-pair3,pair,14443,0,0.0,5451,False
burst_aware,n2-pair0,pair,15071,0,0.0,5446,False
burst_aware,n2-pair1,pair,13950,0,0.0,5465,False
burst_aware,n2-pair2,pair,14442,0,0.0,5460,False
burst_aware,n2-pair3,pair,14546,0,0.0,5457,False
burst_aware,n3-pair0,pair,14811,0,0.0,5441,False
burst_aware,n3-pair1,pair,15088,0,0.0,5452,False
burst_aware,n3-pair2,pair,14366,0,0.0,5469,False
burst_aware,n3-pair3,pair,14992,0,0.0,5440,False
