workload,balancer,trigger,total,would_be_cache_hot,pct_cache_hot,never_run,pct_never_run
stacked_medium,baseline,periodic,2942,121,4.11,1692,57.51
stacked_medium,baseline,newidle,919,57,6.2,424,46.14
stacked_medium,burst_aware,periodic,2361,127,5.38,1298,54.98
stacked_medium,burst_aware,burst,497,28,5.63,447,89.94
stacked_medium,burst_aware,newidle,886,60,6.77,410,46.28
stacked_high,baseline,periodic,3275,92,2.81,2134,65.16
stacked_high,baseline,newidle,1436,40,2.79,779,54.25
stacked_high,burst_aware,burst,693,6,0.87,613,88.46
stacked_high,burst_aware,periodic,2159,106,4.91,1362,63.08
stacked_high,burst_aware,newidle,1482,64,4.32,893,60.26
rate3.0_s12,baseline,periodic,2661,105,3.95,1552,58.32
rate3.0_s12,baseline,newidle,377,20,5.31,88,23.34
rate3.0_s12,burst_aware,periodic,2129,108,5.07,1185,55.66
rate3.0_s12,burst_aware,burst,562,0,0.0,561,99.82
rate3.0_s12,burst_aware,newidle,328,28,8.54,61,18.6
bursty_high_s24,baseline,newidle,766,62,8.09,553,72.19
bursty_high_s24,baseline,periodic,35,19,54.29,5,14.29
bursty_high_s24,burst_aware,newidle,766,62,8.09,553,72.19
bursty_high_s24,burst_aware,periodic,35,19,54.29,5,14.29
bursty_high_s64,baseline,newidle,2148,104,4.84,312,14.53
bursty_high_s64,baseline,periodic,14147,786,5.56,2376,16.8
bursty_high_s64,burst_aware,newidle,2219,99,4.46,282,12.71
bursty_high_s64,burst_aware,periodic,14253,819,5.75,2438,17.11
bursty_high_s64,burst_aware,burst,681,15,2.2,218,32.01
