toggle,workload,seed,p95_wait_default,p95_wait_toggled,migrations_default,migrations_toggled
A_busy_factor,stacked_high,50000,29.53333333333338,32.86666666666676,520,387
A_busy_factor,stacked_high,50001,20.800000000000004,33.80000000000003,471,348
A_busy_factor,stacked_high,50002,28.733333333333448,34.666666666666785,599,345
A_busy_factor,stacked_high,50003,16.86666666666671,20.86666666666671,450,304
A_busy_factor,stacked_high,50004,26.733333333333448,40.59999999999974,532,343
A_busy_factor,stacked_high,50005,17.600000000000094,21.000000000000057,415,308
A_busy_factor,stacked_high,50006,20.199999999999818,19.40000000000012,439,331
A_busy_factor,stacked_high,50007,19.40000000000004,22.66666666666672,408,329
A_busy_factor,stacked_high,50008,22.066666666666762,31.40000000000009,425,338
A_busy_factor,stacked_high,50009,21.06666666666667,24.066666666666713,452,301
A_busy_factor,bursty_high_s64,50000,47.06666666666689,74.19999999999862,1580,518
A_busy_factor,bursty_high_s64,50001,47.66666666666461,65.59999999999735,1660,510
A_busy_factor,bursty_high_s64,50002,51.73333333333353,79.73333333333079,1800,524
A_busy_factor,bursty_high_s64,50003,54.466666666665844,65.39999999999776,1636,490
A_busy_factor,bursty_high_s64,50004,51.266666666666794,80.5999999999971,1741,559
A_busy_factor,bursty_high_s64,50005,48.26666666666546,78.79999999999853,1571,547
A_busy_factor,bursty_high_s64,50006,44.733333333332126,70.33333333333161,1647,511
A_busy_factor,bursty_high_s64,50007,47.0000000000002,67.40000000000022,1524,483
A_busy_factor,bursty_high_s64,50008,47.19999999999794,68.26666666666478,1556,511
A_busy_factor,bursty_high_s64,50009,44.666666666663616,68.19999999999897,1580,478
B_idle_gate,stacked_high,50000,29.53333333333338,29.53333333333338,520,520
B_idle_gate,stacked_high,50001,20.800000000000004,20.800000000000004,471,471
B_idle_gate,stacked_high,50002,28.733333333333448,28.733333333333448,599,599
B_idle_gate,stacked_high,50003,16.86666666666671,16.86666666666671,450,450
B_idle_gate,stacked_high,50004,26.733333333333448,26.733333333333448,532,532
B_idle_gate,stacked_high,50005,17.600000000000094,17.600000000000094,415,415
B_idle_gate,stacked_high,50006,20.199999999999818,20.199999999999818,439,439
B_idle_gate,stacked_high,50007,19.40000000000004,19.40000000000004,408,408
B_idle_gate,stacked_high,50008,22.066666666666762,22.066666666666762,425,425
B_idle_gate,stacked_high,50009,21.06666666666667,21.06666666666667,452,452
B_idle_gate,bursty_high_s64,50000,47.06666666666689,47.06666666666689,1580,1580
B_idle_gate,bursty_high_s64,50001,47.66666666666461,47.66666666666461,1660,1660
B_idle_gate,bursty_high_s64,50002,51.73333333333353,51.73333333333353,1800,1800
B_idle_gate,bursty_high_s64,50003,54.466666666665844,54.466666666665844,1636,1636
B_idle_gate,bursty_high_s64,50004,51.266666666666794,51.266666666666794,1741,1741
B_idle_gate,bursty_high_s64,50005,48.26666666666546,48.26666666666546,1571,1571
B_idle_gate,bursty_high_s64,50006,44.733333333332126,44.733333333332126,1647,1647
B_idle_gate,bursty_high_s64,50007,47.0000000000002,47.0000000000002,1524,1524
B_idle_gate,bursty_high_s64,50008,47.19999999999794,47.19999999999794,1556,1556
B_idle_gate,bursty_high_s64,50009,44.666666666663616,44.666666666663616,1580,1580
C_numa_imbalance_min,stacked_high,50000,29.53333333333338,18.466666666666704,520,463
C_numa_imbalance_min,stacked_high,50001,20.800000000000004,18.866666666666788,471,428
C_numa_imbalance_min,stacked_high,50002,28.733333333333448,28.733333333333448,599,599
C_numa_imbalance_min,stacked_high,50003,16.86666666666671,15.86666666666676,450,413
C_numa_imbalance_min,stacked_high,50004,26.733333333333448,21.13333333333344,532,448
C_numa_imbalance_min,stacked_high,50005,17.600000000000094,17.600000000000094,415,415
C_numa_imbalance_min,stacked_high,50006,20.199999999999818,28.600000000000044,439,582
C_numa_imbalance_min,stacked_high,50007,19.40000000000004,24.13333333333339,408,469
C_numa_imbalance_min,stacked_high,50008,22.066666666666762,21.333333333333336,425,432
C_numa_imbalance_min,stacked_high,50009,21.06666666666667,26.73333333333337,452,506
C_numa_imbalance_min,bursty_high_s64,50000,47.06666666666689,47.06666666666689,1580,1580
C_numa_imbalance_min,bursty_high_s64,50001,47.66666666666461,47.66666666666461,1660,1660
C_numa_imbalance_min,bursty_high_s64,50002,51.73333333333353,51.73333333333353,1800,1800
C_numa_imbalance_min,bursty_high_s64,50003,54.466666666665844,54.466666666665844,1636,1636
C_numa_imbalance_min,bursty_high_s64,50004,51.266666666666794,51.266666666666794,1741,1741
C_numa_imbalance_min,bursty_high_s64,50005,48.26666666666546,48.26666666666546,1571,1571
C_numa_imbalance_min,bursty_high_s64,50006,44.733333333332126,44.733333333332126,1647,1647
C_numa_imbalance_min,bursty_high_s64,50007,47.0000000000002,47.0000000000002,1524,1524
C_numa_imbalance_min,bursty_high_s64,50008,47.19999999999794,47.19999999999794,1556,1556
C_numa_imbalance_min,bursty_high_s64,50009,44.666666666663616,44.666666666663616,1580,1580
