workload,config,metric,mean_legacy,mean_config,pct_change,wins,harms,ties,sign_p,wilcoxon_p
stacked_medium,b_checker_only,p95_wait,14.333,14.067,-1.86,4,5,1,1.0,0.9056129970352025
stacked_medium,b_checker_only,avg_wait,5.314,5.153,-3.03,5,5,0,1.0,0.7597658259780666
stacked_medium,b_checker_only,avg_slowdown,1.582,1.625,2.72,2,8,0,0.109375,0.18514372415787306
stacked_medium,b_checker_only,total_migrations,310.8,384.5,23.71,0,10,0,0.001953125,0.005889270041817607
stacked_medium,b_busy_factor_only,p95_wait,14.333,14.5,1.16,5,4,1,1.0,0.9527235817670947
stacked_medium,b_busy_factor_only,avg_wait,5.314,5.496,3.42,3,7,0,0.34375,0.1685302345363282
stacked_medium,b_busy_factor_only,avg_slowdown,1.582,1.613,1.96,4,6,0,0.75390625,0.22127181567246978
stacked_medium,b_busy_factor_only,total_migrations,310.8,287.4,-7.53,10,0,0,0.001953125,0.005857099085284201
stacked_medium,b_placement_root_only,p95_wait,14.333,14.333,0.0,0,0,10,1.0,1.0
stacked_medium,b_placement_root_only,avg_wait,5.314,5.314,0.0,0,0,10,1.0,1.0
stacked_medium,b_placement_root_only,avg_slowdown,1.582,1.582,0.0,0,0,10,1.0,1.0
stacked_medium,b_placement_root_only,total_migrations,310.8,310.8,0.0,0,0,10,1.0,1.0
stacked_medium,b_cache_hot_only,p95_wait,14.333,14.067,-1.86,4,4,2,1.0,0.6240645324651699
stacked_medium,b_cache_hot_only,avg_wait,5.314,5.334,0.37,5,4,1,1.0,1.0
stacked_medium,b_cache_hot_only,avg_slowdown,1.582,1.601,1.18,3,7,0,0.34375,0.35895143585262623
stacked_medium,b_cache_hot_only,total_migrations,310.8,306.9,-1.25,6,4,0,0.75390625,0.6828961070561674
stacked_medium,b_numa_fix_only,p95_wait,14.333,14.2,-0.93,6,4,0,0.75390625,0.6462480913943793
stacked_medium,b_numa_fix_only,avg_wait,5.314,5.246,-1.29,8,2,0,0.109375,0.18457255283988294
stacked_medium,b_numa_fix_only,avg_slowdown,1.582,1.57,-0.77,6,4,0,0.75390625,0.3080632299071988
stacked_medium,b_numa_fix_only,total_migrations,310.8,313.6,0.9,5,5,0,1.0,0.5070721828349891
stacked_medium,b_time_slice_only,p95_wait,14.333,12.213,-14.79,9,1,0,0.021484375,0.010826921277131252
stacked_medium,b_time_slice_only,avg_wait,5.314,4.38,-17.58,10,0,0,0.001953125,0.005921537024148549
stacked_medium,b_time_slice_only,avg_slowdown,1.582,1.629,2.97,1,9,0,0.021484375,0.010826921277131252
stacked_medium,b_time_slice_only,total_migrations,310.8,321.5,3.44,2,8,0,0.109375,0.13889992157439623
stacked_medium,c_all_six,p95_wait,14.333,11.533,-19.53,10,0,0,0.001953125,0.005921537024148549
stacked_medium,c_all_six,avg_wait,5.314,4.179,-21.36,10,0,0,0.001953125,0.005921537024148549
stacked_medium,c_all_six,avg_slowdown,1.582,1.616,2.12,2,8,0,0.109375,0.014432823938841821
stacked_medium,c_all_six,total_migrations,310.8,281.4,-9.46,10,0,0,0.001953125,0.005921537024148549
stacked_high,b_checker_only,p95_wait,21.693,19.88,-8.36,6,4,0,0.75390625,0.2621926024067731
stacked_high,b_checker_only,avg_wait,10.525,8.725,-17.1,7,3,0,0.34375,0.06654572134371639
stacked_high,b_checker_only,avg_slowdown,1.998,1.878,-6.02,6,4,0,0.75390625,0.22127181567246978
stacked_high,b_checker_only,total_migrations,377.8,454.5,20.3,0,10,0,0.001953125,0.005921537024148549
stacked_high,b_busy_factor_only,p95_wait,21.693,22.587,4.12,4,6,0,0.75390625,0.7597658259780666
stacked_high,b_busy_factor_only,avg_wait,10.525,11.069,5.17,4,6,0,0.75390625,0.540817904242618
stacked_high,b_busy_factor_only,avg_slowdown,1.998,2.002,0.21,5,5,0,1.0,1.0
stacked_high,b_busy_factor_only,total_migrations,377.8,335.5,-11.2,10,0,0,0.001953125,0.005921537024148549
stacked_high,b_placement_root_only,p95_wait,21.693,21.693,0.0,0,0,10,1.0,1.0
stacked_high,b_placement_root_only,avg_wait,10.525,10.525,0.0,0,0,10,1.0,1.0
stacked_high,b_placement_root_only,avg_slowdown,1.998,1.998,0.0,0,0,10,1.0,1.0
stacked_high,b_placement_root_only,total_migrations,377.8,377.8,0.0,0,0,10,1.0,1.0
stacked_high,b_cache_hot_only,p95_wait,21.693,21.4,-1.35,5,2,3,0.453125,0.5541131300694455
stacked_high,b_cache_hot_only,avg_wait,10.525,10.478,-0.45,5,4,1,1.0,0.9527235817670947
stacked_high,b_cache_hot_only,avg_slowdown,1.998,1.985,-0.67,4,6,0,0.75390625,1.0
stacked_high,b_cache_hot_only,total_migrations,377.8,375.7,-0.56,4,6,0,0.75390625,0.9593272374483623
stacked_high,b_numa_fix_only,p95_wait,21.693,21.8,0.49,3,3,4,1.0,0.833935414088552
stacked_high,b_numa_fix_only,avg_wait,10.525,10.413,-1.06,4,2,4,0.6875,0.6749867139704893
stacked_high,b_numa_fix_only,avg_slowdown,1.998,1.977,-1.03,4,2,4,0.6875,0.6749867139704893
stacked_high,b_numa_fix_only,total_migrations,377.8,372.9,-1.3,4,2,4,0.6875,0.1411161381713364
stacked_high,b_time_slice_only,p95_wait,21.693,19.46,-10.3,8,2,0,0.109375,0.22127181567246978
stacked_high,b_time_slice_only,avg_wait,10.525,8.98,-14.68,9,1,0,0.021484375,0.05278700063222441
stacked_high,b_time_slice_only,avg_slowdown,1.998,2.015,0.87,6,4,0,0.75390625,1.0
stacked_high,b_time_slice_only,total_migrations,377.8,385.9,2.14,4,6,0,0.75390625,0.3080632299071988
stacked_high,c_all_six,p95_wait,21.693,21.96,1.23,4,6,0,0.75390625,1.0
stacked_high,c_all_six,avg_wait,10.525,10.045,-4.56,7,3,0,0.34375,0.4148230671847748
stacked_high,c_all_six,avg_slowdown,1.998,2.021,1.16,6,4,0,0.75390625,1.0
stacked_high,c_all_six,total_migrations,377.8,329.9,-12.68,10,0,0,0.001953125,0.005889270041817607
rate3.0_s12,b_checker_only,p95_wait,19.1,17.867,-6.46,6,3,1,0.5078125,0.2863205967930593
rate3.0_s12,b_checker_only,avg_wait,8.294,8.036,-3.11,5,5,0,1.0,0.35895143585262623
rate3.0_s12,b_checker_only,avg_slowdown,1.923,1.96,1.95,2,8,0,0.109375,0.22127181567246978
rate3.0_s12,b_checker_only,total_migrations,235.6,309.1,31.2,0,10,0,0.001953125,0.005921537024148549
rate3.0_s12,b_busy_factor_only,p95_wait,19.1,16.967,-11.17,8,2,0,0.109375,0.03231291124324431
rate3.0_s12,b_busy_factor_only,avg_wait,8.294,8.11,-2.22,6,4,0,0.75390625,0.4755326595969014
rate3.0_s12,b_busy_factor_only,avg_slowdown,1.923,1.922,-0.03,5,5,0,1.0,0.9188126832746419
rate3.0_s12,b_busy_factor_only,total_migrations,235.6,223.2,-5.26,8,2,0,0.109375,0.02493245560286317
rate3.0_s12,b_placement_root_only,p95_wait,19.1,19.1,0.0,0,0,10,1.0,1.0
rate3.0_s12,b_placement_root_only,avg_wait,8.294,8.294,0.0,0,0,10,1.0,1.0
rate3.0_s12,b_placement_root_only,avg_slowdown,1.923,1.923,0.0,0,0,10,1.0,1.0
rate3.0_s12,b_placement_root_only,total_migrations,235.6,235.6,0.0,0,0,10,1.0,1.0
rate3.0_s12,b_cache_hot_only,p95_wait,19.1,18.1,-5.24,6,4,0,0.75390625,0.35895143585262623
rate3.0_s12,b_cache_hot_only,avg_wait,8.294,8.114,-2.17,6,4,0,0.75390625,0.4755326595969014
rate3.0_s12,b_cache_hot_only,avg_slowdown,1.923,1.939,0.83,3,7,0,0.34375,0.4755326595969014
rate3.0_s12,b_cache_hot_only,total_migrations,235.6,233.1,-1.06,6,4,0,0.75390625,0.4439943760230096
rate3.0_s12,b_numa_fix_only,p95_wait,19.1,19.067,-0.17,4,5,1,1.0,0.9056954420343093
rate3.0_s12,b_numa_fix_only,avg_wait,8.294,8.423,1.55,4,5,1,1.0,0.5536169919657805
rate3.0_s12,b_numa_fix_only,avg_slowdown,1.923,1.918,-0.27,5,5,0,1.0,1.0
rate3.0_s12,b_numa_fix_only,total_migrations,235.6,236.6,0.42,4,5,1,1.0,0.8123803640878848
rate3.0_s12,b_time_slice_only,p95_wait,19.1,14.94,-21.78,10,0,0,0.001953125,0.005889270041817607
rate3.0_s12,b_time_slice_only,avg_wait,8.294,6.566,-20.83,10,0,0,0.001953125,0.005921537024148549
rate3.0_s12,b_time_slice_only,avg_slowdown,1.923,1.911,-0.61,5,5,0,1.0,1.0
rate3.0_s12,b_time_slice_only,total_migrations,235.6,236.7,0.47,6,4,0,0.75390625,0.7202301969573564
rate3.0_s12,c_all_six,p95_wait,19.1,14.053,-26.42,10,0,0,0.001953125,0.005921537024148549
rate3.0_s12,c_all_six,avg_wait,8.294,6.209,-25.14,10,0,0,0.001953125,0.005921537024148549
rate3.0_s12,c_all_six,avg_slowdown,1.923,1.929,0.34,5,5,0,1.0,1.0
rate3.0_s12,c_all_six,total_migrations,235.6,210.6,-10.61,10,0,0,0.001953125,0.005857099085284201
bursty_high_s24,b_checker_only,p95_wait,1.233,1.24,0.54,1,1,8,1.0,1.0
bursty_high_s24,b_checker_only,avg_wait,0.6,0.602,0.42,1,2,7,1.0,0.7892680261342813
bursty_high_s24,b_checker_only,avg_slowdown,1.048,1.048,-0.02,3,2,5,1.0,0.41849223344681974
bursty_high_s24,b_checker_only,total_migrations,70.7,72.3,2.26,0,8,2,0.0078125,0.010380729532932564
bursty_high_s24,b_busy_factor_only,p95_wait,1.233,1.22,-1.08,1,0,9,1.0,1.0
bursty_high_s24,b_busy_factor_only,avg_wait,0.6,0.598,-0.28,2,1,7,1.0,0.4226780741706353
bursty_high_s24,b_busy_factor_only,avg_slowdown,1.048,1.048,-0.06,3,0,7,0.25,0.18144920772142026
bursty_high_s24,b_busy_factor_only,total_migrations,70.7,69.7,-1.41,4,0,6,0.125,0.08897301170181349
bursty_high_s24,b_placement_root_only,p95_wait,1.233,1.28,3.78,5,2,3,0.453125,0.9325263296150477
bursty_high_s24,b_placement_root_only,avg_wait,0.6,0.592,-1.32,8,2,0,0.109375,0.18485825379822085
bursty_high_s24,b_placement_root_only,avg_slowdown,1.048,1.047,-0.13,7,3,0,0.34375,0.08313114270080413
bursty_high_s24,b_placement_root_only,total_migrations,70.7,70.8,0.14,7,3,0,0.34375,0.7980880885473998
bursty_high_s24,b_cache_hot_only,p95_wait,1.233,1.32,7.03,2,5,3,0.453125,0.3525421374997131
bursty_high_s24,b_cache_hot_only,avg_wait,0.6,0.605,0.83,4,4,2,1.0,0.44008561562545445
bursty_high_s24,b_cache_hot_only,avg_slowdown,1.048,1.049,0.08,3,7,0,0.34375,0.1029175394028532
bursty_high_s24,b_cache_hot_only,total_migrations,70.7,70.2,-0.71,4,3,3,1.0,0.4402662823371424
bursty_high_s24,b_numa_fix_only,p95_wait,1.233,1.233,0.0,0,0,10,1.0,1.0
bursty_high_s24,b_numa_fix_only,avg_wait,0.6,0.6,0.0,0,0,10,1.0,1.0
bursty_high_s24,b_numa_fix_only,avg_slowdown,1.048,1.048,0.0,0,0,10,1.0,1.0
bursty_high_s24,b_numa_fix_only,total_migrations,70.7,70.7,0.0,0,0,10,1.0,1.0
bursty_high_s24,b_time_slice_only,p95_wait,1.233,1.093,-11.35,4,1,5,0.375,0.10564542920187692
bursty_high_s24,b_time_slice_only,avg_wait,0.6,0.533,-11.13,10,0,0,0.001953125,0.005921537024148549
bursty_high_s24,b_time_slice_only,avg_slowdown,1.048,1.045,-0.37,8,2,0,0.109375,0.014432823938841821
bursty_high_s24,b_time_slice_only,total_migrations,70.7,69.5,-1.7,8,2,0,0.109375,0.23835850336167463
bursty_high_s24,c_all_six,p95_wait,1.233,1.02,-17.3,9,1,0,0.021484375,0.014432823938841821
bursty_high_s24,c_all_six,avg_wait,0.6,0.521,-13.13,10,0,0,0.001953125,0.005921537024148549
bursty_high_s24,c_all_six,avg_slowdown,1.048,1.047,-0.15,7,3,0,0.34375,0.1535763965499839
bursty_high_s24,c_all_six,total_migrations,70.7,62.1,-12.16,9,0,1,0.00390625,0.009029910762692328
bursty_high_s64,b_checker_only,p95_wait,58.68,48.553,-17.26,10,0,0,0.001953125,0.005921537024148549
bursty_high_s64,b_checker_only,avg_wait,18.362,15.641,-14.82,10,0,0,0.001953125,0.005921537024148549
bursty_high_s64,b_checker_only,avg_slowdown,4.837,4.828,-0.18,5,5,0,1.0,1.0
bursty_high_s64,b_checker_only,total_migrations,639.0,1580.8,147.39,0,10,0,0.001953125,0.005889270041817607
bursty_high_s64,b_busy_factor_only,p95_wait,58.68,69.667,18.72,0,10,0,0.001953125,0.005921537024148549
bursty_high_s64,b_busy_factor_only,avg_wait,18.362,21.333,16.18,0,10,0,0.001953125,0.005921537024148549
bursty_high_s64,b_busy_factor_only,avg_slowdown,4.837,4.859,0.45,5,5,0,1.0,0.540817904242618
bursty_high_s64,b_busy_factor_only,total_migrations,639.0,440.6,-31.05,10,0,0,0.001953125,0.005921537024148549
bursty_high_s64,b_placement_root_only,p95_wait,58.68,57.927,-1.28,5,5,0,1.0,0.6102986559765544
bursty_high_s64,b_placement_root_only,avg_wait,18.362,18.39,0.16,7,3,0,0.34375,0.8384637819224636
bursty_high_s64,b_placement_root_only,avg_slowdown,4.837,4.831,-0.13,5,5,0,1.0,0.7597658259780666
bursty_high_s64,b_placement_root_only,total_migrations,639.0,649.7,1.67,4,6,0,0.75390625,0.6834809022014257
bursty_high_s64,b_cache_hot_only,p95_wait,58.68,55.287,-5.78,9,1,0,0.021484375,0.02493245560286317
bursty_high_s64,b_cache_hot_only,avg_wait,18.362,17.829,-2.9,6,4,0,0.75390625,0.22127181567246978
bursty_high_s64,b_cache_hot_only,avg_slowdown,4.837,4.814,-0.48,6,4,0,0.75390625,0.540817904242618
bursty_high_s64,b_cache_hot_only,total_migrations,639.0,600.5,-6.03,7,2,1,0.1796875,0.044010984012951226
bursty_high_s64,b_numa_fix_only,p95_wait,58.68,58.68,0.0,0,0,10,1.0,1.0
bursty_high_s64,b_numa_fix_only,avg_wait,18.362,18.362,0.0,0,0,10,1.0,1.0
bursty_high_s64,b_numa_fix_only,avg_slowdown,4.837,4.837,0.0,0,0,10,1.0,1.0
bursty_high_s64,b_numa_fix_only,total_migrations,639.0,639.0,0.0,0,0,10,1.0,1.0
bursty_high_s64,b_time_slice_only,p95_wait,58.68,45.813,-21.93,9,1,0,0.021484375,0.008045237486561607
bursty_high_s64,b_time_slice_only,avg_wait,18.362,14.007,-23.72,10,0,0,0.001953125,0.005921537024148549
bursty_high_s64,b_time_slice_only,avg_slowdown,4.837,4.961,2.56,1,9,0,0.021484375,0.02493245560286317
bursty_high_s64,b_time_slice_only,total_migrations,639.0,617.1,-3.43,5,5,0,1.0,0.540817904242618
bursty_high_s64,c_all_six,p95_wait,58.68,52.66,-10.26,9,1,0,0.021484375,0.02493245560286317
bursty_high_s64,c_all_six,avg_wait,18.362,15.352,-16.39,10,0,0,0.001953125,0.005921537024148549
bursty_high_s64,c_all_six,avg_slowdown,4.837,5.012,3.62,1,9,0,0.021484375,0.008045237486561607
bursty_high_s64,c_all_six,total_migrations,639.0,511.1,-20.02,10,0,0,0.001953125,0.005889270041817607
