workload,config,seed,p95_wait,avg_wait,avg_slowdown,total_migrations
stacked_medium,a_all_legacy,60000,13.333333333333456,5.078333333333186,1.5567308513547977,292
stacked_medium,a_all_legacy,60001,11.666666666666288,4.578333333333186,1.5198861460971103,314
stacked_medium,a_all_legacy,60002,13.66666666666572,5.153333333333185,1.5464234630831601,309
stacked_medium,a_all_legacy,60003,14.666666666666629,5.578333333333185,1.63188737413644,305
stacked_medium,a_all_legacy,60004,14.333333333333144,5.108333333333185,1.5634869548998491,302
stacked_medium,a_all_legacy,60005,12.999999999999545,4.848333333333185,1.4955680498512747,316
stacked_medium,a_all_legacy,60006,17.666666666666856,5.603333333333185,1.6140844097544058,306
stacked_medium,a_all_legacy,60007,14.33333333333303,5.588333333333185,1.6099953302672572,348
stacked_medium,a_all_legacy,60008,14.333333333333343,5.688333333333185,1.5673164368527264,311
stacked_medium,a_all_legacy,60009,16.33333333333354,5.918333333333185,1.715721913745699,305
stacked_medium,b_checker_only,60000,12.99999999999909,4.883333333333185,1.6454397966734569,379
stacked_medium,b_checker_only,60001,13.000000000000568,4.863333333333185,1.6095236852433468,388
stacked_medium,b_checker_only,60002,14.333333333332348,4.863333333333185,1.567998244018342,371
stacked_medium,b_checker_only,60003,11.0,4.393333333333185,1.547508690998488,364
stacked_medium,b_checker_only,60004,14.333333333333485,5.448333333333185,1.6506553044661205,400
stacked_medium,b_checker_only,60005,13.666666666666174,4.738333333333185,1.5522659303103339,375
stacked_medium,b_checker_only,60006,14.333333333333513,5.733333333333185,1.6849031336782305,392
stacked_medium,b_checker_only,60007,14.999999999998977,5.603333333333185,1.7228167044449776,438
stacked_medium,b_checker_only,60008,17.666666666666572,5.983333333333185,1.6700620709453704,362
stacked_medium,b_checker_only,60009,14.33333333333286,5.023333333333185,1.5997138691965236,376
stacked_medium,b_busy_factor_only,60000,13.333333333332519,5.033333333333186,1.523772980762918,278
stacked_medium,b_busy_factor_only,60001,12.666666666666572,5.163333333333185,1.6199595212718279,290
stacked_medium,b_busy_factor_only,60002,11.333333333332803,4.708333333333186,1.5185552522612753,288
stacked_medium,b_busy_factor_only,60003,13.999999999999915,5.623333333333185,1.6691077413580608,277
stacked_medium,b_busy_factor_only,60004,12.666666666665947,5.138333333333184,1.523346924420645,272
stacked_medium,b_busy_factor_only,60005,16.666666666665662,5.368333333333185,1.6234767154063041,281
stacked_medium,b_busy_factor_only,60006,19.00000000000017,6.3033333333331845,1.7213623481656608,290
stacked_medium,b_busy_factor_only,60007,15.99999999999909,6.128333333333185,1.6379962456357715,324
stacked_medium,b_busy_factor_only,60008,13.999999999999659,5.313333333333185,1.549533084688426,304
stacked_medium,b_busy_factor_only,60009,15.333333333333258,6.1783333333331845,1.7437233185176848,270
stacked_medium,b_placement_root_only,60000,13.333333333333456,5.078333333333186,1.5567308513547977,292
stacked_medium,b_placement_root_only,60001,11.666666666666288,4.578333333333186,1.5198861460971103,314
stacked_medium,b_placement_root_only,60002,13.66666666666572,5.153333333333185,1.5464234630831601,309
stacked_medium,b_placement_root_only,60003,14.666666666666629,5.578333333333185,1.63188737413644,305
stacked_medium,b_placement_root_only,60004,14.333333333333144,5.108333333333185,1.5634869548998491,302
stacked_medium,b_placement_root_only,60005,12.999999999999545,4.848333333333185,1.4955680498512747,316
stacked_medium,b_placement_root_only,60006,17.666666666666856,5.603333333333185,1.6140844097544058,306
stacked_medium,b_placement_root_only,60007,14.33333333333303,5.588333333333185,1.6099953302672572,348
stacked_medium,b_placement_root_only,60008,14.333333333333343,5.688333333333185,1.5673164368527264,311
stacked_medium,b_placement_root_only,60009,16.33333333333354,5.918333333333185,1.715721913745699,305
stacked_medium,b_cache_hot_only,60000,13.333333333333456,5.063333333333185,1.5725441422844681,285
stacked_medium,b_cache_hot_only,60001,12.999999999998977,5.193333333333185,1.6244373679418502,309
stacked_medium,b_cache_hot_only,60002,13.999999999999716,5.318333333333185,1.556487436956991,310
stacked_medium,b_cache_hot_only,60003,14.000000000000227,5.393333333333185,1.6531687293350905,298
stacked_medium,b_cache_hot_only,60004,14.666666666666693,5.263333333333184,1.5440722387981574,314
stacked_medium,b_cache_hot_only,60005,11.999999999999318,4.848333333333185,1.5304343904678583,324
stacked_medium,b_cache_hot_only,60006,15.333333333333357,5.433333333333184,1.5820289254230804,325
stacked_medium,b_cache_hot_only,60007,15.333333333333286,6.028333333333185,1.7128303599907213,308
stacked_medium,b_cache_hot_only,60008,14.333333333333258,5.583333333333185,1.5756226939866296,303
stacked_medium,b_cache_hot_only,60009,14.666666666666856,5.213333333333185,1.6567429314285098,293
stacked_medium,b_numa_fix_only,60000,12.333333333333542,4.893333333333185,1.5096882424048732,296
stacked_medium,b_numa_fix_only,60001,14.000000000000114,5.078333333333186,1.5616478070528146,324
stacked_medium,b_numa_fix_only,60002,12.666666666666686,4.978333333333185,1.5148499153481456,301
stacked_medium,b_numa_fix_only,60003,13.66666666666697,5.143333333333185,1.5858765475235501,297
stacked_medium,b_numa_fix_only,60004,13.66666666666623,4.993333333333186,1.487593458069269,313
stacked_medium,b_numa_fix_only,60005,13.33333333333286,5.018333333333185,1.5168214293326643,305
stacked_medium,b_numa_fix_only,60006,15.33333333333303,5.588333333333185,1.6119612887295014,331
stacked_medium,b_numa_fix_only,60007,13.999999999999943,5.518333333333185,1.6364514545166489,345
stacked_medium,b_numa_fix_only,60008,14.999999999999432,5.503333333333185,1.5817651450131907,306
stacked_medium,b_numa_fix_only,60009,17.99999999999993,5.743333333333185,1.6921421878749532,318
stacked_medium,b_time_slice_only,60000,11.66666666666606,4.1713333333332585,1.6199209873200453,298
stacked_medium,b_time_slice_only,60001,11.333333333332746,4.495333333333168,1.619909386394993,340
stacked_medium,b_time_slice_only,60002,11.533333333333076,4.050333333333202,1.549830738592843,310
stacked_medium,b_time_slice_only,60003,11.666666666666117,4.355333333333226,1.667148799682504,337
stacked_medium,b_time_slice_only,60004,12.466666666666669,4.688333333333252,1.6333418955213326,366
stacked_medium,b_time_slice_only,60005,13.599999999999113,4.1323333333333006,1.5540576848220837,318
stacked_medium,b_time_slice_only,60006,13.066666666665128,4.458333333333248,1.6463529281555482,307
stacked_medium,b_time_slice_only,60007,11.866666666666447,4.843333333333248,1.7161711943645563,322
stacked_medium,b_time_slice_only,60008,10.733333333333405,4.0343333333332785,1.559685338887668,304
stacked_medium,b_time_slice_only,60009,14.200000000000045,4.574333333333305,1.7241750847582547,313
stacked_medium,c_all_six,60000,10.066666666666265,3.5063333333332336,1.5339370885601356,269
stacked_medium,c_all_six,60001,9.800000000000239,3.8273333333332364,1.574203991998249,268
stacked_medium,c_all_six,60002,10.933333333332484,3.8793333333331934,1.6073772090525025,285
stacked_medium,c_all_six,60003,10.266666666665856,3.919333333333258,1.6557720718349436,284
stacked_medium,c_all_six,60004,13.266666666665628,4.456333333333215,1.6021910998056261,301
stacked_medium,c_all_six,60005,10.466666666666697,3.9133333333333025,1.555184727257602,268
stacked_medium,c_all_six,60006,13.600000000000001,4.48233333333333,1.6412294035040076,294
stacked_medium,c_all_six,60007,12.799999999999386,4.893333333333292,1.6812352174014922,280
stacked_medium,c_all_six,60008,12.000000000000142,4.4353333333332445,1.6044329753976487,282
stacked_medium,c_all_six,60009,12.13333333333344,4.481333333333274,1.7016496351516974,283
stacked_high,a_all_legacy,60000,20.866666666666696,9.91666666666666,1.9374502532416165,361
stacked_high,a_all_legacy,60001,17.066666666666748,9.566666666666661,1.8209232287417547,406
stacked_high,a_all_legacy,60002,18.19999999999962,9.91666666666666,1.8329429038866494,367
stacked_high,a_all_legacy,60003,24.200000000000088,11.36666666666666,2.2121833516010656,372
stacked_high,a_all_legacy,60004,28.066666666666762,15.021666666666661,2.46532875442811,332
stacked_high,a_all_legacy,60005,24.60000000000003,11.82166666666666,1.9880551124512857,407
stacked_high,a_all_legacy,60006,15.333333333333442,6.60166666666666,1.5512600191402637,361
stacked_high,a_all_legacy,60007,16.000000000000085,7.451666666666661,1.7045212731162207,387
stacked_high,a_all_legacy,60008,27.666666666666707,12.84666666666666,2.439163560096114,414
stacked_high,a_all_legacy,60009,24.93333333333345,10.736666666666661,2.0268550242211014,371
stacked_high,b_checker_only,60000,16.866666666666745,7.361666666666661,1.769527244716874,432
stacked_high,b_checker_only,60001,20.600000000000044,8.75666666666666,1.89078922577695,444
stacked_high,b_checker_only,60002,23.53333333333338,10.68666666666666,1.9781958623902143,521
stacked_high,b_checker_only,60003,18.20000000000004,7.716666666666661,1.6488740949897878,419
stacked_high,b_checker_only,60004,25.600000000000094,11.17666666666666,2.1945271218125453,541
stacked_high,b_checker_only,60005,16.0666666666667,7.331666666666661,1.6723018644547576,424
stacked_high,b_checker_only,60006,20.933333333333387,9.181666666666661,2.0250774429981933,470
stacked_high,b_checker_only,60007,19.600000000000065,8.82666666666666,1.9139616918433204,435
stacked_high,b_checker_only,60008,19.466666666666725,8.406666666666661,1.9117418321141582,437
stacked_high,b_checker_only,60009,17.933333333333373,7.8016666666666605,1.7713548658816725,422
stacked_high,b_busy_factor_only,60000,15.866666666666667,7.56666666666666,1.6830806655091783,328
stacked_high,b_busy_factor_only,60001,21.000000000000114,10.53666666666666,1.9427803627596223,398
stacked_high,b_busy_factor_only,60002,29.40000000000012,13.71166666666666,2.343803694404068,327
stacked_high,b_busy_factor_only,60003,15.333333333333336,7.626666666666661,1.6483912732747843,300
stacked_high,b_busy_factor_only,60004,24.86666666666671,13.00166666666666,2.2594018475800692,323
stacked_high,b_busy_factor_only,60005,29.2666666666667,15.04166666666666,2.2279889507842294,348
stacked_high,b_busy_factor_only,60006,16.066666666666727,8.066666666666661,1.6788670250095807,334
stacked_high,b_busy_factor_only,60007,24.800000000000082,11.61666666666666,2.047665472452812,355
stacked_high,b_busy_factor_only,60008,28.66666666666673,12.31166666666666,2.1870581744818374,306
stacked_high,b_busy_factor_only,60009,20.600000000000122,11.21166666666666,2.0014907982315724,336
stacked_high,b_placement_root_only,60000,20.866666666666696,9.91666666666666,1.9374502532416165,361
stacked_high,b_placement_root_only,60001,17.066666666666748,9.566666666666661,1.8209232287417547,406
stacked_high,b_placement_root_only,60002,18.19999999999962,9.91666666666666,1.8329429038866494,367
stacked_high,b_placement_root_only,60003,24.200000000000088,11.36666666666666,2.2121833516010656,372
stacked_high,b_placement_root_only,60004,28.066666666666762,15.021666666666661,2.46532875442811,332
stacked_high,b_placement_root_only,60005,24.60000000000003,11.82166666666666,1.9880551124512857,407
stacked_high,b_placement_root_only,60006,15.333333333333442,6.60166666666666,1.5512600191402637,361
stacked_high,b_placement_root_only,60007,16.000000000000085,7.451666666666661,1.7045212731162207,387
stacked_high,b_placement_root_only,60008,27.666666666666707,12.84666666666666,2.439163560096114,414
stacked_high,b_placement_root_only,60009,24.93333333333345,10.736666666666661,2.0268550242211014,371
stacked_high,b_cache_hot_only,60000,20.866666666666696,10.00166666666666,1.947959561929234,363
stacked_high,b_cache_hot_only,60001,20.666666666666707,10.23166666666666,1.911850818075383,413
stacked_high,b_cache_hot_only,60002,19.066666666666777,10.156666666666661,1.8416339431197803,376
stacked_high,b_cache_hot_only,60003,22.73333333333337,11.281666666666661,2.094041235673105,373
stacked_high,b_cache_hot_only,60004,28.066666666666762,15.021666666666661,2.4646083110783565,331
stacked_high,b_cache_hot_only,60005,24.60000000000003,12.66666666666666,2.0686028438180286,413
stacked_high,b_cache_hot_only,60006,14.533333333333381,6.26666666666666,1.5518308150996283,343
stacked_high,b_cache_hot_only,60007,15.866666666666667,7.406666666666661,1.6402434075774268,373
stacked_high,b_cache_hot_only,60008,27.600000000000065,12.511666666666661,2.4469951998345816,418
stacked_high,b_cache_hot_only,60009,20.000000000000057,9.23166666666666,1.8779016333058756,354
stacked_high,b_numa_fix_only,60000,16.600000000000094,8.79166666666666,1.7867731100870239,362
stacked_high,b_numa_fix_only,60001,16.53333333333338,6.946666666666661,1.5889854643815362,392
stacked_high,b_numa_fix_only,60002,18.800000000000054,9.41166666666666,1.817322655999271,371
stacked_high,b_numa_fix_only,60003,24.200000000000088,11.36666666666666,2.2121833516010656,372
stacked_high,b_numa_fix_only,60004,28.066666666666762,15.021666666666661,2.46532875442811,332
stacked_high,b_numa_fix_only,60005,24.933333333333437,12.886666666666661,2.0936309035944527,397
stacked_high,b_numa_fix_only,60006,15.333333333333442,6.60166666666666,1.5512600191402637,361
stacked_high,b_numa_fix_only,60007,21.200000000000088,9.75166666666666,1.8694205891613649,367
stacked_high,b_numa_fix_only,60008,27.400000000000077,12.611666666666661,2.3620792509542228,404
stacked_high,b_numa_fix_only,60009,24.93333333333345,10.736666666666661,2.0268550242211014,371
stacked_high,b_time_slice_only,60000,15.000000000000014,7.029666666666631,1.732993565851504,386
stacked_high,b_time_slice_only,60001,15.933333333333344,7.15066666666663,1.7091575876166132,403
stacked_high,b_time_slice_only,60002,22.33333333333335,9.269666666666637,2.1412916734664664,391
stacked_high,b_time_slice_only,60003,21.200000000000017,9.806666666666633,2.0433622590330898,377
stacked_high,b_time_slice_only,60004,23.266666666666453,10.957666666666642,2.32251995884816,383
stacked_high,b_time_slice_only,60005,20.799999999999997,10.17266666666663,1.939080096647761,385
stacked_high,b_time_slice_only,60006,13.866666666666248,6.46866666666663,1.6163263296831234,393
stacked_high,b_time_slice_only,60007,24.26666666666671,11.312666666666637,2.3371653318344556,414
stacked_high,b_time_slice_only,60008,25.333333333333343,11.480666666666645,2.6576087796261754,377
stacked_high,b_time_slice_only,60009,12.600000000000044,6.14766666666663,1.653253025655882,350
stacked_high,c_all_six,60000,25.466666666666796,10.775666666666645,2.112918804952874,346
stacked_high,c_all_six,60001,18.40000000000005,8.013666666666635,1.7784179413717494,347
stacked_high,c_all_six,60002,22.000000000000142,9.572666666666635,1.9764173942316696,342
stacked_high,c_all_six,60003,19.80000000000001,9.481666666666634,1.9039933115795291,292
stacked_high,c_all_six,60004,22.333333333333364,12.491666666666639,2.3191230390754085,318
stacked_high,c_all_six,60005,14.666666666666686,6.899666666666628,1.606270148921705,333
stacked_high,c_all_six,60006,22.266666666666715,9.856666666666634,1.9397682124398028,329
stacked_high,c_all_six,60007,25.866666666666674,12.28566666666664,2.28808996573988,313
stacked_high,c_all_six,60008,30.79999999999999,11.792666666666639,2.2639704007780703,359
stacked_high,c_all_six,60009,18.00000000000003,9.277666666666637,2.0217125041498294,320
rate3.0_s12,a_all_legacy,60000,16.666666666666572,8.016666666666785,1.9266674355890065,220
rate3.0_s12,a_all_legacy,60001,17.333333333333883,8.183333333333453,1.966945026069087,252
rate3.0_s12,a_all_legacy,60002,23.000000000000227,9.158333333333452,2.0684974569076213,221
rate3.0_s12,a_all_legacy,60003,21.666666666666686,8.816666666666785,1.8961038070691147,233
rate3.0_s12,a_all_legacy,60004,20.33333333333337,7.975000000000119,1.85875832424142,248
rate3.0_s12,a_all_legacy,60005,16.666666666667197,7.8583333333334515,1.8282354249294026,249
rate3.0_s12,a_all_legacy,60006,20.6666666666668,8.833333333333453,1.9257893505479555,245
rate3.0_s12,a_all_legacy,60007,20.666666666666544,8.95000000000012,1.9609822766954794,241
rate3.0_s12,a_all_legacy,60008,17.333333333333258,7.875000000000118,1.9210249748498556,223
rate3.0_s12,a_all_legacy,60009,16.666666666666664,7.2750000000001185,1.8754826357280594,224
rate3.0_s12,b_checker_only,60000,17.66666666666663,8.275000000000118,2.1154661682350873,303
rate3.0_s12,b_checker_only,60001,18.66666666666667,8.408333333333452,1.9743669702612558,293
rate3.0_s12,b_checker_only,60002,16.33333333333333,7.725000000000119,1.9329856662216789,320
rate3.0_s12,b_checker_only,60003,19.000000000000114,8.100000000000119,1.9268035631426919,315
rate3.0_s12,b_checker_only,60004,20.33333333333333,8.191666666666785,1.9031227369692658,302
rate3.0_s12,b_checker_only,60005,20.33333333333333,8.433333333333453,1.8565210684599813,323
rate3.0_s12,b_checker_only,60006,17.333333333333343,8.341666666666786,2.060114634789192,309
rate3.0_s12,b_checker_only,60007,17.66666666666663,7.6916666666667854,1.9681340014535296,314
rate3.0_s12,b_checker_only,60008,15.333333333333428,7.591666666666785,1.8625721587593345,301
rate3.0_s12,b_checker_only,60009,16.000000000000057,7.600000000000119,2.0026243354353834,311
rate3.0_s12,b_busy_factor_only,60000,17.999999999999858,8.750000000000119,1.95297497868414,224
rate3.0_s12,b_busy_factor_only,60001,17.666666666666742,8.658333333333452,1.9630924359326822,233
rate3.0_s12,b_busy_factor_only,60002,18.66666666666663,8.066666666666785,1.9419513873242593,215
rate3.0_s12,b_busy_factor_only,60003,16.333333333333314,8.358333333333452,1.9360657765805263,225
rate3.0_s12,b_busy_factor_only,60004,16.666666666667197,7.250000000000118,1.9293093968642376,204
rate3.0_s12,b_busy_factor_only,60005,16.00000000000051,7.833333333333452,1.8031777254604995,237
rate3.0_s12,b_busy_factor_only,60006,17.00000000000017,7.916666666666785,1.8795735817418924,250
rate3.0_s12,b_busy_factor_only,60007,15.999999999999915,7.6500000000001185,1.8607811996499992,209
rate3.0_s12,b_busy_factor_only,60008,16.999999999999943,8.525000000000118,1.9727794052586396,213
rate3.0_s12,b_busy_factor_only,60009,16.333333333333258,8.091666666666786,1.9824652307105066,222
rate3.0_s12,b_placement_root_only,60000,16.666666666666572,8.016666666666785,1.9266674355890065,220
rate3.0_s12,b_placement_root_only,60001,17.333333333333883,8.183333333333453,1.966945026069087,252
rate3.0_s12,b_placement_root_only,60002,23.000000000000227,9.158333333333452,2.0684974569076213,221
rate3.0_s12,b_placement_root_only,60003,21.666666666666686,8.816666666666785,1.8961038070691147,233
rate3.0_s12,b_placement_root_only,60004,20.33333333333337,7.975000000000119,1.85875832424142,248
rate3.0_s12,b_placement_root_only,60005,16.666666666667197,7.8583333333334515,1.8282354249294026,249
rate3.0_s12,b_placement_root_only,60006,20.6666666666668,8.833333333333453,1.9257893505479555,245
rate3.0_s12,b_placement_root_only,60007,20.666666666666544,8.95000000000012,1.9609822766954794,241
rate3.0_s12,b_placement_root_only,60008,17.333333333333258,7.875000000000118,1.9210249748498556,223
rate3.0_s12,b_placement_root_only,60009,16.666666666666664,7.2750000000001185,1.8754826357280594,224
rate3.0_s12,b_cache_hot_only,60000,15.333333333333712,7.516666666666785,1.8416764160440071,232
rate3.0_s12,b_cache_hot_only,60001,21.000000000000114,9.458333333333453,2.113305223083269,255
rate3.0_s12,b_cache_hot_only,60002,18.00000000000017,7.841666666666785,1.910566653792382,224
rate3.0_s12,b_cache_hot_only,60003,16.6666666666668,7.750000000000118,1.8825529313792826,219
rate3.0_s12,b_cache_hot_only,60004,21.3333333333336,8.80000000000012,1.9214766209713967,240
rate3.0_s12,b_cache_hot_only,60005,17.33333333333323,7.725000000000119,1.828616051173561,247
rate3.0_s12,b_cache_hot_only,60006,17.0,7.808333333333452,1.9650461596374809,234
rate3.0_s12,b_cache_hot_only,60007,22.00000000000051,9.125000000000119,2.0300487267777565,235
rate3.0_s12,b_cache_hot_only,60008,16.33333333333333,7.833333333333452,2.009945094816305,233
rate3.0_s12,b_cache_hot_only,60009,15.999999999999943,7.283333333333451,1.8858088660983718,212
rate3.0_s12,b_numa_fix_only,60000,16.999999999999886,8.091666666666786,1.9360387197821602,226
rate3.0_s12,b_numa_fix_only,60001,20.33333333333394,8.183333333333453,1.8745664035684941,242
rate3.0_s12,b_numa_fix_only,60002,21.66666666666697,9.141666666666787,2.0534649927610946,235
rate3.0_s12,b_numa_fix_only,60003,17.666666666667084,8.400000000000118,1.8521613931341543,234
rate3.0_s12,b_numa_fix_only,60004,20.3333333333336,8.241666666666784,1.918709302837631,248
rate3.0_s12,b_numa_fix_only,60005,16.333333333333826,8.066666666666785,1.8490893351540774,235
rate3.0_s12,b_numa_fix_only,60006,18.666666666666686,8.733333333333453,1.9544336002181433,237
rate3.0_s12,b_numa_fix_only,60007,22.666666666666742,8.541666666666787,1.8495131461980683,244
rate3.0_s12,b_numa_fix_only,60008,19.000000000000455,8.77500000000012,2.017724745133871,222
rate3.0_s12,b_numa_fix_only,60009,17.00000000000034,8.050000000000118,1.870726896171963,243
rate3.0_s12,b_time_slice_only,60000,13.333333333333655,6.400000000000132,1.9363319079723385,228
rate3.0_s12,b_time_slice_only,60001,15.133333333333326,6.893333333333486,1.9319866368961802,249
rate3.0_s12,b_time_slice_only,60002,15.13333333333344,6.39833333333346,1.8417050087568851,224
rate3.0_s12,b_time_slice_only,60003,15.533333333334383,6.7433333333335534,1.8280713597580303,232
rate3.0_s12,b_time_slice_only,60004,14.99999999999983,6.343333333333534,1.8580632606836833,243
rate3.0_s12,b_time_slice_only,60005,14.066666666667516,6.391666666666867,1.8691656825028076,244
rate3.0_s12,b_time_slice_only,60006,15.466666666666661,6.378333333333499,1.9156970140642475,242
rate3.0_s12,b_time_slice_only,60007,17.26666666666739,7.445000000000193,1.9880808073548866,232
rate3.0_s12,b_time_slice_only,60008,14.000000000000341,6.5433333333334565,1.9534563426562133,248
rate3.0_s12,b_time_slice_only,60009,14.466666666666526,6.12666666666679,1.988433956395719,225
rate3.0_s12,c_all_six,60000,12.600000000000705,5.316666666666819,1.8471221315268866,203
rate3.0_s12,c_all_six,60001,12.199999999999875,5.45833333333349,1.8669345594567945,218
rate3.0_s12,c_all_six,60002,16.133333333333184,6.780000000000115,2.0014869986043657,211
rate3.0_s12,c_all_six,60003,13.93333333333402,5.831666666666862,1.9370854191057698,202
rate3.0_s12,c_all_six,60004,18.000000000000796,7.478333333333537,2.0115389345286476,206
rate3.0_s12,c_all_six,60005,13.000000000000014,5.96000000000023,1.8027292015562073,227
rate3.0_s12,c_all_six,60006,13.266666666666765,6.2100000000001305,1.9994995808421991,203
rate3.0_s12,c_all_six,60007,14.13333333333378,6.036666666666864,1.7861883368742193,210
rate3.0_s12,c_all_six,60008,14.933333333333302,7.045000000000143,2.1638217401498574,221
rate3.0_s12,c_all_six,60009,12.333333333333258,5.970000000000144,1.877367799770505,205
bursty_high_s24,a_all_legacy,60000,1.2000000000001165,0.5999999999998298,1.0440481857106163,67
bursty_high_s24,a_all_legacy,60001,0.9999999999993463,0.5791666666664965,1.042221072897409,67
bursty_high_s24,a_all_legacy,60002,1.4666666666667822,0.6124999999998298,1.0501103252975368,59
bursty_high_s24,a_all_legacy,60003,1.066666666666464,0.5791666666664965,1.0446827520299533,67
bursty_high_s24,a_all_legacy,60004,1.6666666666667211,0.6333333333331631,1.0620703732290897,84
bursty_high_s24,a_all_legacy,60005,1.066666666666464,0.5916666666664965,1.0495234626092558,72
bursty_high_s24,a_all_legacy,60006,0.9999999999999432,0.5749999999998299,1.0421474057212463,65
bursty_high_s24,a_all_legacy,60007,1.866666666666724,0.6583333333331631,1.0539343580477432,82
bursty_high_s24,a_all_legacy,60008,0.9999999999995453,0.5833333333331632,1.0455193779436558,68
bursty_high_s24,a_all_legacy,60009,0.9999999999999432,0.5833333333331632,1.050199122254642,76
bursty_high_s24,b_checker_only,60000,1.3333333333331439,0.6333333333331631,1.0458119297939152,69
bursty_high_s24,b_checker_only,60001,0.9999999999993463,0.5791666666664965,1.0422359538497898,68
bursty_high_s24,b_checker_only,60002,1.4666666666667822,0.6124999999998298,1.0501103252975368,59
bursty_high_s24,b_checker_only,60003,0.9999999999995453,0.5499999999998298,1.0421718364749202,68
bursty_high_s24,b_checker_only,60004,1.6666666666667211,0.6333333333331631,1.0620703732290897,84
bursty_high_s24,b_checker_only,60005,1.066666666666464,0.5916666666664965,1.0495234626092558,73
bursty_high_s24,b_checker_only,60006,0.9999999999999432,0.5749999999998299,1.0421474057212463,66
bursty_high_s24,b_checker_only,60007,1.866666666666731,0.6791666666664965,1.0521412588749068,90
bursty_high_s24,b_checker_only,60008,0.9999999999995453,0.5833333333331632,1.0455193779436558,69
bursty_high_s24,b_checker_only,60009,0.9999999999999432,0.5833333333331632,1.0501773262651042,77
bursty_high_s24,b_busy_factor_only,60000,1.2000000000001165,0.6041666666664965,1.043753867484063,60
bursty_high_s24,b_busy_factor_only,60001,0.9999999999993463,0.5791666666664965,1.042221072897409,67
bursty_high_s24,b_busy_factor_only,60002,1.4666666666667822,0.6124999999998298,1.0501103252975368,59
bursty_high_s24,b_busy_factor_only,60003,1.066666666666464,0.5791666666664965,1.0446827520299533,66
bursty_high_s24,b_busy_factor_only,60004,1.6666666666655487,0.6208333333331632,1.0585526918248194,83
bursty_high_s24,b_busy_factor_only,60005,1.066666666666464,0.5916666666664965,1.0495234626092558,72
bursty_high_s24,b_busy_factor_only,60006,0.9999999999999432,0.5749999999998299,1.0421474057212463,65
bursty_high_s24,b_busy_factor_only,60007,1.733333333333448,0.6499999999998298,1.0519544485799512,82
bursty_high_s24,b_busy_factor_only,60008,0.9999999999995453,0.5833333333331632,1.0455193779436558,68
bursty_high_s24,b_busy_factor_only,60009,0.9999999999999432,0.5833333333331632,1.050199122254642,75
bursty_high_s24,b_placement_root_only,60000,0.9999999999999432,0.5583333333331632,1.0422412807821477,66
bursty_high_s24,b_placement_root_only,60001,0.9999999999991473,0.5583333333331632,1.0388120587242617,75
bursty_high_s24,b_placement_root_only,60002,1.333333333333428,0.5999999999998298,1.0524882785361127,64
bursty_high_s24,b_placement_root_only,60003,0.9999999999993463,0.5499999999998298,1.0412623684461682,66
bursty_high_s24,b_placement_root_only,60004,1.6000000000000938,0.6249999999998298,1.0613528149355305,83
bursty_high_s24,b_placement_root_only,60005,1.733333333333448,0.6583333333331631,1.0498103874545819,69
bursty_high_s24,b_placement_root_only,60006,0.9999999999995453,0.5541666666664965,1.039839997224269,63
bursty_high_s24,b_placement_root_only,60007,1.7333333333333698,0.6458333333331632,1.0528569315584804,80
bursty_high_s24,b_placement_root_only,60008,0.9999999999997442,0.5666666666664965,1.045721786120788,74
bursty_high_s24,b_placement_root_only,60009,1.4000000000000554,0.5999999999998298,1.0463512758649116,68
bursty_high_s24,b_cache_hot_only,60000,1.3333333333331439,0.6291666666664965,1.0472017151339792,65
bursty_high_s24,b_cache_hot_only,60001,0.9999999999991473,0.5749999999998299,1.0419797230354948,68
bursty_high_s24,b_cache_hot_only,60002,1.5333333333334451,0.6208333333331632,1.0521046350675818,58
bursty_high_s24,b_cache_hot_only,60003,0.9999999999995453,0.5666666666664965,1.0456992282700495,68
bursty_high_s24,b_cache_hot_only,60004,1.7333333333334053,0.6291666666664965,1.064597317934261,80
bursty_high_s24,b_cache_hot_only,60005,1.4666666666667822,0.6083333333331632,1.0506750274274086,72
bursty_high_s24,b_cache_hot_only,60006,0.9999999999997442,0.5749999999998299,1.0426429737660563,67
bursty_high_s24,b_cache_hot_only,60007,1.733333333333448,0.6458333333331632,1.0521101196714866,80
bursty_high_s24,b_cache_hot_only,60008,0.9999999999999432,0.5833333333331632,1.0465457820950599,68
bursty_high_s24,b_cache_hot_only,60009,1.4000000000000554,0.6124999999998298,1.049472070438126,76
bursty_high_s24,b_numa_fix_only,60000,1.2000000000001165,0.5999999999998298,1.0440481857106163,67
bursty_high_s24,b_numa_fix_only,60001,0.9999999999993463,0.5791666666664965,1.042221072897409,67
bursty_high_s24,b_numa_fix_only,60002,1.4666666666667822,0.6124999999998298,1.0501103252975368,59
bursty_high_s24,b_numa_fix_only,60003,1.066666666666464,0.5791666666664965,1.0446827520299533,67
bursty_high_s24,b_numa_fix_only,60004,1.6666666666667211,0.6333333333331631,1.0620703732290897,84
bursty_high_s24,b_numa_fix_only,60005,1.066666666666464,0.5916666666664965,1.0495234626092558,72
bursty_high_s24,b_numa_fix_only,60006,0.9999999999999432,0.5749999999998299,1.0421474057212463,65
bursty_high_s24,b_numa_fix_only,60007,1.866666666666724,0.6583333333331631,1.0539343580477432,82
bursty_high_s24,b_numa_fix_only,60008,0.9999999999995453,0.5833333333331632,1.0455193779436558,68
bursty_high_s24,b_numa_fix_only,60009,0.9999999999999432,0.5833333333331632,1.050199122254642,76
bursty_high_s24,b_time_slice_only,60000,0.9999999999991473,0.5041666666665006,1.0408834158394031,66
bursty_high_s24,b_time_slice_only,60001,0.9999999999992042,0.5216666666665072,1.0381048841228,63
bursty_high_s24,b_time_slice_only,60002,1.1333333333326436,0.519999999999834,1.0453919919254049,62
bursty_high_s24,b_time_slice_only,60003,1.066666666666407,0.5258333333331608,1.0408203760413808,66
bursty_high_s24,b_time_slice_only,60004,1.2666666666666941,0.5583333333331644,1.0494163865244723,80
bursty_high_s24,b_time_slice_only,60005,1.0666666666659523,0.5366666666664899,1.0435200579415151,68
bursty_high_s24,b_time_slice_only,60006,0.9999999999995737,0.502499999999836,1.038345894311441,62
bursty_high_s24,b_time_slice_only,60007,1.3333333333333641,0.5783333333331572,1.0495443992445217,80
bursty_high_s24,b_time_slice_only,60008,0.9999999999994884,0.5266666666664996,1.0471726010004596,73
bursty_high_s24,b_time_slice_only,60009,1.0666666666667197,0.5541666666665052,1.0527880361999273,75
bursty_high_s24,c_all_six,60000,0.9999999999995737,0.5324999999998338,1.041419235148388,58
bursty_high_s24,c_all_six,60001,0.9333333333333798,0.5083333333331728,1.0431523089858166,62
bursty_high_s24,c_all_six,60002,0.999999999999801,0.5058333333331666,1.043365014364563,59
bursty_high_s24,c_all_six,60003,0.9333333333333798,0.4983333333331613,1.0432062005301785,63
bursty_high_s24,c_all_six,60004,1.0666666666661797,0.5041666666664998,1.057035596844288,69
bursty_high_s24,c_all_six,60005,0.9999999999996305,0.49916666666648923,1.050196379412674,63
bursty_high_s24,c_all_six,60006,0.9333333333333655,0.5074999999998362,1.041387512725129,54
bursty_high_s24,c_all_six,60007,1.3333333333333641,0.5891666666664899,1.05210559426137,71
bursty_high_s24,c_all_six,60008,0.9333333333333798,0.5058333333331652,1.0408880422190903,54
bursty_high_s24,c_all_six,60009,1.0666666666662366,0.5574999999998403,1.0560649915340714,68
bursty_high_s64,a_all_legacy,60000,56.73333333333193,17.335937499999044,4.422495623244581,610
bursty_high_s64,a_all_legacy,60001,60.99999999999767,17.754687499999044,4.796519695191354,621
bursty_high_s64,a_all_legacy,60002,64.53333333333143,18.467187499999046,4.641988801456013,684
bursty_high_s64,a_all_legacy,60003,60.46666666666688,19.543749999999044,4.9009108718783905,673
bursty_high_s64,a_all_legacy,60004,60.73333333333332,19.637499999999044,5.377991527617248,603
bursty_high_s64,a_all_legacy,60005,61.599999999997294,19.901562499999045,5.176830087122544,699
bursty_high_s64,a_all_legacy,60006,53.599999999998715,17.107812499999046,4.58438316800979,671
bursty_high_s64,a_all_legacy,60007,56.53333333333211,19.631249999999046,5.011674879948606,598
bursty_high_s64,a_all_legacy,60008,59.533333333330575,18.046874999999044,4.915271097036774,613
bursty_high_s64,a_all_legacy,60009,52.06666666666493,16.192187499999044,4.542672562148677,618
bursty_high_s64,b_checker_only,60000,40.79999999999853,13.076562499999046,4.481561968358928,1450
bursty_high_s64,b_checker_only,60001,42.80000000000021,15.618749999999045,4.870662309651331,1658
bursty_high_s64,b_checker_only,60002,52.73333333333079,15.937499999999044,4.654123841366616,1659
bursty_high_s64,b_checker_only,60003,47.26666666666469,15.884374999999045,5.016665620152389,1443
bursty_high_s64,b_checker_only,60004,56.00000000000017,16.898437499999044,5.3235305513769,1654
bursty_high_s64,b_checker_only,60005,49.86666666666491,15.992187499999044,5.131745982926719,1601
bursty_high_s64,b_checker_only,60006,51.06666666666473,16.348437499999044,4.703743996754906,1561
bursty_high_s64,b_checker_only,60007,51.06666666666382,16.785937499999044,4.831058094128785,1637
bursty_high_s64,b_checker_only,60008,53.19999999999817,16.081249999999045,4.827175809930706,1637
bursty_high_s64,b_checker_only,60009,40.733333333330336,13.785937499999045,4.4434357467395795,1508
bursty_high_s64,b_busy_factor_only,60000,68.19999999999817,19.645312499999044,4.44802256744379,434
bursty_high_s64,b_busy_factor_only,60001,73.53333333333296,22.403124999999044,4.788501649659693,468
bursty_high_s64,b_busy_factor_only,60002,67.86666666666397,20.895312499999044,4.748858854145299,458
bursty_high_s64,b_busy_factor_only,60003,70.06666666666473,21.807812499999045,5.056826414868202,446
bursty_high_s64,b_busy_factor_only,60004,72.13333333333354,23.474999999999046,5.507360558298395,423
bursty_high_s64,b_busy_factor_only,60005,69.79999999999825,22.423437499999046,5.162538970573085,428
bursty_high_s64,b_busy_factor_only,60006,60.666666666665805,19.128124999999045,4.448800589616086,452
bursty_high_s64,b_busy_factor_only,60007,72.26666666666529,22.564062499999046,5.037652660614603,426
bursty_high_s64,b_busy_factor_only,60008,74.59999999999872,21.067187499999044,4.897944808945068,407
bursty_high_s64,b_busy_factor_only,60009,67.53333333333211,19.920312499999046,4.493975898902923,464
bursty_high_s64,b_placement_root_only,60000,59.33333333333081,17.014062499999046,4.329767104818413,705
bursty_high_s64,b_placement_root_only,60001,55.99999999999781,17.698437499999045,4.875428534708474,600
bursty_high_s64,b_placement_root_only,60002,60.13333333333284,18.910937499999044,4.796986642203238,584
bursty_high_s64,b_placement_root_only,60003,60.933333333330836,19.231249999999044,4.796960948078413,609
bursty_high_s64,b_placement_root_only,60004,65.53333333333188,21.012499999999044,5.384681426708264,660
bursty_high_s64,b_placement_root_only,60005,55.60000000000008,19.532812499999046,5.191721304091639,727
bursty_high_s64,b_placement_root_only,60006,53.799999999999045,16.442187499999044,4.548490222088108,627
bursty_high_s64,b_placement_root_only,60007,53.999999999999204,19.132812499999044,4.99269802239907,681
bursty_high_s64,b_placement_root_only,60008,58.13333333333284,17.910937499999044,4.803051954426354,644
bursty_high_s64,b_placement_root_only,60009,55.799999999999244,17.018749999999045,4.589555384019555,660
bursty_high_s64,b_cache_hot_only,60000,46.866666666663775,15.248437499999046,4.402482153778831,567
bursty_high_s64,b_cache_hot_only,60001,53.599999999997294,16.793749999999044,4.819870936668073,563
bursty_high_s64,b_cache_hot_only,60002,64.46666666666425,18.490624999999046,4.636658417794252,632
bursty_high_s64,b_cache_hot_only,60003,55.599999999999085,18.028124999999044,4.910487322559156,521
bursty_high_s64,b_cache_hot_only,60004,56.6666666666666,19.649999999999046,5.307921447338481,589
bursty_high_s64,b_cache_hot_only,60005,56.000000000000185,18.995312499999045,5.033118813464314,725
bursty_high_s64,b_cache_hot_only,60006,52.5333333333312,15.959374999999046,4.56082121164734,585
bursty_high_s64,b_cache_hot_only,60007,56.266666666663696,19.156249999999044,5.156829073844597,587
bursty_high_s64,b_cache_hot_only,60008,54.39999999999773,18.103124999999046,4.740440005698531,618
bursty_high_s64,b_cache_hot_only,60009,56.46666666666414,17.867187499999044,4.571019236740122,618
bursty_high_s64,b_numa_fix_only,60000,56.73333333333193,17.335937499999044,4.422495623244581,610
bursty_high_s64,b_numa_fix_only,60001,60.99999999999767,17.754687499999044,4.796519695191354,621
bursty_high_s64,b_numa_fix_only,60002,64.53333333333143,18.467187499999046,4.641988801456013,684
bursty_high_s64,b_numa_fix_only,60003,60.46666666666688,19.543749999999044,4.9009108718783905,673
bursty_high_s64,b_numa_fix_only,60004,60.73333333333332,19.637499999999044,5.377991527617248,603
bursty_high_s64,b_numa_fix_only,60005,61.599999999997294,19.901562499999045,5.176830087122544,699
bursty_high_s64,b_numa_fix_only,60006,53.599999999998715,17.107812499999046,4.58438316800979,671
bursty_high_s64,b_numa_fix_only,60007,56.53333333333211,19.631249999999046,5.011674879948606,598
bursty_high_s64,b_numa_fix_only,60008,59.533333333330575,18.046874999999044,4.915271097036774,613
bursty_high_s64,b_numa_fix_only,60009,52.06666666666493,16.192187499999044,4.542672562148677,618
bursty_high_s64,b_time_slice_only,60000,42.33333333333144,12.914062499999236,4.48107758892629,602
bursty_high_s64,b_time_slice_only,60001,45.86666666666608,13.579374999999235,4.816037307658759,597
bursty_high_s64,b_time_slice_only,60002,48.066666666665924,14.748124999999243,4.9270678141827196,564
bursty_high_s64,b_time_slice_only,60003,43.866666666665054,14.062187499999235,5.107013633102672,600
bursty_high_s64,b_time_slice_only,60004,50.933333333332484,16.186874999999244,5.582912958729442,614
bursty_high_s64,b_time_slice_only,60005,45.199999999997544,14.067499999999239,5.3943887628276155,597
bursty_high_s64,b_time_slice_only,60006,41.26666666666466,12.300312499999228,4.638725360117775,678
bursty_high_s64,b_time_slice_only,60007,46.19999999999902,15.459999999999226,5.267554191118988,635
bursty_high_s64,b_time_slice_only,60008,41.599999999997806,13.341874999999229,4.761715075820247,628
bursty_high_s64,b_time_slice_only,60009,52.79999999999774,13.410937499999232,4.631233677918783,656
bursty_high_s64,c_all_six,60000,45.93333333333089,13.981874999999235,4.784909700614813,482
bursty_high_s64,c_all_six,60001,53.26666666666628,15.081249999999244,4.979984948186678,493
bursty_high_s64,c_all_six,60002,54.73333333333255,16.187187499999244,4.792011297490606,539
bursty_high_s64,c_all_six,60003,56.00000000000031,15.870937499999238,5.11655142716272,513
bursty_high_s64,c_all_six,60004,56.399999999999295,17.69843749999925,5.646878736073714,514
bursty_high_s64,c_all_six,60005,49.799999999999216,15.542499999999242,5.205234800730269,509
bursty_high_s64,c_all_six,60006,50.53333333333214,13.456874999999235,4.560721504984051,491
bursty_high_s64,c_all_six,60007,45.399999999999466,14.591562499999224,5.314833549759209,507
bursty_high_s64,c_all_six,60008,64.66666666666578,17.03656249999924,5.108991230132619,565
bursty_high_s64,c_all_six,60009,49.86666666666605,14.072499999999234,4.6105402292152595,498
