workload,penalty,n_seeds,idle_check_runs_mean,idle_check_cores_read_mean,mean_cores_read_per_check,baseline_sched_cores_scanned_mean,variant_sched_cores_scanned_mean,idle_check_pct_of_baseline_scanned
stacked_medium,0.0,30,17,24.1,1.4176470588235295,47130.433333333334,49461.6,0.051134687919270845
stacked_medium,0.5,30,17,24.266666666666666,1.427450980392157,47157.63333333333,49417.03333333333,0.05145861857641994
stacked_medium,2.0,30,17,25.133333333333333,1.4784313725490197,46803.566666666666,49263.63333333333,0.05369961121196604
stacked_high,0.0,30,13,185.6,14.276923076923078,12263.866666666667,14032.7,1.5133889257330477
stacked_high,0.5,30,13,196.4,15.107692307692307,12344.6,13694.333333333334,1.5909790515691071
stacked_high,2.0,30,13,226.66666666666666,17.435897435897434,11865.366666666667,13131.433333333332,1.9103216363590392
rate1.5_s12,0.0,30,10,11.666666666666666,1.1666666666666667,44491,45784.13333333333,0.026222531897837013
rate1.5_s12,0.5,30,10,11.633333333333333,1.1633333333333333,44487.63333333333,45756.666666666664,0.026149589136756357
rate1.5_s12,2.0,30,10,12,1.2,44529.666666666664,45747.76666666667,0.026948326583775613
rate3.0_s12,0.0,30,10,11.6,1.16,42568.566666666666,43802.76666666667,0.02725015406516702
rate3.0_s12,0.5,30,10,11.233333333333333,1.1233333333333333,42704.5,43804.8,0.026304800040589008
rate3.0_s12,2.0,30,10,11.233333333333333,1.1233333333333333,42655.76666666667,43769.86666666667,0.026334852731908852
bursty_high_s64,0.0,30,33.833333333333336,1077.7333333333333,31.854187192118225,83471.6,83436.66666666667,1.2911377442547325
bursty_high_s64,0.5,30,33.36666666666667,1064.3333333333333,31.8981018981019,83118.23333333334,83160.86666666667,1.2805052401258126
bursty_high_s64,2.0,30,33.96666666666667,1084.5666666666666,31.930323846908735,83294.66666666667,83256.5,1.3020841670535126
