workload,seed,t,burst_core,nr_running_burst,idle_cores,min_nr_running,max_gap,burst_migrations,c1_block,c2_block,c3_block,c4_block
bursty_high_s64,96000,53.199999999999925,18,9,0,1,8,1,False,False,True,False
bursty_high_s64,96000,60.13333333333323,9,7,0,1,6,0,False,False,True,False
bursty_high_s64,96000,63.33333333333322,13,9,0,1,8,1,False,False,True,False
bursty_high_s64,96000,81.26666666666654,0,8,0,1,7,3,False,False,True,False
bursty_high_s64,96000,87.13333333333318,3,10,0,1,9,3,False,False,True,False
bursty_high_s64,96000,113.06666666666648,16,7,0,1,6,3,False,False,True,False
bursty_high_s64,96000,117.5999999999998,15,9,0,1,8,0,False,False,True,False
bursty_high_s64,96000,125.3333333333331,25,8,0,1,7,1,False,False,True,False
bursty_high_s64,96000,125.86666666666643,29,8,0,1,7,1,False,False,True,False
bursty_high_s64,96000,144.59999999999988,31,10,0,1,9,0,False,False,True,False
bursty_high_s64,96000,152.3333333333336,21,8,0,1,7,0,False,False,True,False
bursty_high_s64,96000,155.80000000000044,19,9,0,1,8,0,False,False,True,False
bursty_high_s64,96000,159.0000000000006,20,9,0,1,8,2,False,False,True,False
bursty_high_s64,96000,176.40000000000072,12,8,0,1,7,2,False,False,True,False
bursty_high_s64,96000,182.26666666666767,9,10,0,1,9,2,False,False,True,False
bursty_high_s64,96000,188.13333333333463,10,11,0,1,10,2,False,False,True,False
bursty_high_s64,96000,208.46666666666823,22,8,0,1,7,2,False,False,True,False
bursty_high_s64,96000,213.53333333333515,23,9,0,1,8,3,False,False,True,False
bursty_high_s64,96000,217.26666666666867,27,8,0,1,7,8,False,False,True,False
bursty_high_s64,96000,240.26666666666907,5,8,0,1,7,3,False,False,True,False
bursty_high_s64,96000,243.7333333333359,7,8,0,1,7,20,False,False,True,False
bursty_high_s64,96000,248.80000000000283,6,14,0,1,13,3,False,False,True,False
bursty_high_s64,96000,272.0666666666696,17,10,0,1,9,4,False,False,True,False
bursty_high_s64,96000,275.0000000000028,18,7,0,1,6,5,False,False,True,False
bursty_high_s64,96000,280.06666666666916,18,26,0,1,25,2,False,False,True,False
bursty_high_s64,96000,283.00000000000233,20,11,0,1,10,3,False,False,True,False
bursty_high_s64,96000,304.1333333333353,15,6,0,1,5,0,False,False,True,False
bursty_high_s64,96000,309.2000000000017,14,15,0,1,14,1,False,False,True,False
bursty_high_s64,96000,313.20000000000147,10,9,0,1,8,0,False,False,True,False
bursty_high_s64,96001,51.333333333333265,11,8,0,1,7,1,False,False,True,False
bursty_high_s64,96001,58.53333333333324,31,6,0,1,5,2,False,False,True,False
bursty_high_s64,96001,61.73333333333323,26,9,0,1,8,2,False,False,True,False
bursty_high_s64,96001,84.73333333333319,20,8,0,1,7,2,False,False,True,False
bursty_high_s64,96001,90.8666666666665,24,9,0,1,8,3,False,False,True,False
bursty_high_s64,96001,93.53333333333316,3,9,0,1,8,0,False,False,True,False
bursty_high_s64,96001,114.13333333333314,9,8,0,1,7,4,False,False,True,False
bursty_high_s64,96001,116.26666666666647,12,8,0,1,7,5,False,False,True,False
bursty_high_s64,96001,120.26666666666645,15,9,0,1,8,0,False,False,True,False
bursty_high_s64,96001,124.26666666666644,10,8,0,1,7,0,False,False,True,False
bursty_high_s64,96001,145.13333333333324,28,7,0,1,6,12,False,False,True,False
bursty_high_s64,96001,151.0000000000002,27,8,0,1,7,4,False,False,True,False
bursty_high_s64,96001,176.6666666666674,2,8,0,1,7,9,False,False,True,False
bursty_high_s64,96001,182.26666666666767,5,9,0,1,8,2,False,False,True,False
bursty_high_s64,96001,186.0000000000012,7,9,0,1,8,4,False,False,True,False
bursty_high_s64,96001,208.20000000000155,22,8,0,1,7,1,False,False,True,False
bursty_high_s64,96001,210.333333333335,20,8,0,1,7,0,False,False,True,False
bursty_high_s64,96001,215.4000000000019,21,13,0,1,12,0,False,False,True,False
bursty_high_s64,96001,218.0666666666687,17,9,0,1,8,3,False,False,True,False
bursty_high_s64,96001,240.0000000000024,30,8,0,1,7,2,False,False,True,False
bursty_high_s64,96001,246.13333333333603,25,9,0,1,8,5,False,False,True,False
bursty_high_s64,96001,254.13333333333642,14,9,0,1,8,8,False,False,True,False
bursty_high_s64,96001,273.1333333333362,8,8,0,1,7,18,False,False,True,False
bursty_high_s64,96001,275.5333333333361,12,9,0,1,8,11,False,False,True,False
bursty_high_s64,96001,279.8000000000025,11,7,0,1,6,9,False,False,True,False
bursty_high_s64,96001,303.0666666666687,14,14,0,1,13,1,False,False,True,False
bursty_high_s64,96001,308.1333333333351,15,11,0,1,10,0,False,False,True,False
bursty_high_s64,96001,311.06666666666825,23,13,0,1,12,0,False,False,True,False
bursty_high_s64,96001,314.2666666666681,19,11,0,1,10,0,False,False,True,False
bursty_high_s64,96002,50.79999999999993,10,9,1,0,9,3,False,False,False,False
bursty_high_s64,96002,54.26666666666659,1,8,0,1,7,1,False,False,True,False
bursty_high_s64,96002,58.26666666666657,31,6,0,1,5,0,False,False,True,False
bursty_high_s64,96002,63.066666666666556,21,9,0,1,8,0,False,False,True,False
bursty_high_s64,96002,83.1333333333332,15,7,0,1,6,0,False,False,True,False
bursty_high_s64,96002,87.93333333333318,25,8,0,1,7,1,False,False,True,False
bursty_high_s64,96002,90.0666666666665,29,8,0,1,7,0,False,False,True,False
bursty_high_s64,96002,93.2666666666665,26,9,0,1,8,2,False,False,True,False
bursty_high_s64,96002,112.53333333333315,17,8,0,1,7,2,False,False,True,False
bursty_high_s64,96002,120.79999999999978,22,9,0,1,8,2,False,False,True,False
bursty_high_s64,96002,121.33333333333312,18,8,0,1,7,3,False,False,True,False
bursty_high_s64,96002,126.1333333333331,4,9,0,1,8,9,False,False,True,False
bursty_high_s64,96002,144.59999999999988,31,8,0,1,7,2,False,False,True,False
bursty_high_s64,96002,149.6666666666668,30,18,0,1,17,5,False,False,True,False
bursty_high_s64,96002,154.20000000000036,28,7,0,1,6,5,False,False,True,False
bursty_high_s64,96002,155.0000000000004,27,9,0,1,8,6,False,False,True,False
bursty_high_s64,96002,179.06666666666752,13,9,0,1,8,11,False,False,True,False
bursty_high_s64,96002,188.13333333333463,15,9,0,1,8,12,False,False,True,False
bursty_high_s64,96002,208.46666666666823,20,7,0,1,6,1,False,False,True,False
bursty_high_s64,96002,214.0666666666685,21,10,0,1,9,0,False,False,True,False
bursty_high_s64,96002,216.7333333333353,23,9,0,1,8,0,False,False,True,False
bursty_high_s64,96002,221.0000000000022,19,9,0,1,8,1,False,False,True,False
bursty_high_s64,96002,241.0666666666691,18,10,0,1,9,2,False,False,True,False
bursty_high_s64,96002,241.60000000000247,17,9,0,1,8,2,False,False,True,False
bursty_high_s64,96002,248.00000000000279,6,8,0,1,7,22,False,False,True,False
bursty_high_s64,96002,251.46666666666962,2,7,0,1,6,17,False,False,True,False
bursty_high_s64,96002,272.0666666666696,25,9,0,1,8,1,False,False,True,False
bursty_high_s64,96002,277.133333333336,26,8,0,1,7,2,False,False,True,False
bursty_high_s64,96002,282.2000000000024,27,12,0,1,11,2,False,False,True,False
bursty_high_s64,96002,303.0666666666687,30,8,0,1,7,1,False,False,True,False
bursty_high_s64,96002,312.66666666666816,15,8,0,1,7,16,False,False,True,False
bursty_high_s64,96002,314.0000000000014,13,7,0,1,6,17,False,False,True,False
bursty_high_s64,96003,30.199999999999953,3,7,0,1,6,0,False,False,True,False
bursty_high_s64,96003,51.59999999999993,20,8,0,1,7,1,False,False,True,False
bursty_high_s64,96003,56.39999999999991,25,8,0,1,7,1,False,False,True,False
bursty_high_s64,96003,81.5333333333332,4,8,0,1,7,7,False,False,True,False
bursty_high_s64,96003,85.79999999999986,6,9,0,1,8,2,False,False,True,False
bursty_high_s64,96003,90.33333333333317,2,8,0,1,7,1,False,False,True,False
bursty_high_s64,96003,113.06666666666648,29,6,0,1,5,0,False,False,True,False
bursty_high_s64,96003,119.19999999999979,16,9,0,1,8,2,False,False,True,False
bursty_high_s64,96003,121.59999999999978,19,9,0,1,8,2,False,False,True,False
bursty_high_s64,96003,127.19999999999976,24,7,0,1,6,2,False,False,True,False
bursty_high_s64,96003,145.13333333333324,11,7,0,1,6,5,False,False,True,False
bursty_high_s64,96003,150.73333333333352,30,12,0,1,11,1,False,False,True,False
bursty_high_s64,96003,156.60000000000048,9,9,0,1,8,4,False,False,True,False
bursty_high_s64,96003,158.46666666666724,22,8,0,1,7,5,False,False,True,False
bursty_high_s64,96003,176.13333333333404,13,9,0,1,8,0,False,False,True,False
bursty_high_s64,96003,181.46666666666763,7,8,0,1,7,3,False,False,True,False
bursty_high_s64,96003,182.53333333333435,3,8,0,1,7,3,False,False,True,False
bursty_high_s64,96003,187.0666666666679,21,9,0,1,8,1,False,False,True,False
bursty_high_s64,96003,207.6666666666682,17,13,0,1,12,1,False,False,True,False
bursty_high_s64,96003,211.6666666666684,18,9,0,1,8,3,False,False,True,False
bursty_high_s64,96003,215.13333333333523,10,10,0,1,9,1,False,False,True,False
bursty_high_s64,96003,220.20000000000215,28,8,0,1,7,7,False,False,True,False
bursty_high_s64,96003,239.46666666666903,26,9,0,1,8,4,False,False,True,False
bursty_high_s64,96003,245.0666666666693,24,11,0,1,10,4,False,False,True,False
bursty_high_s64,96003,252.00000000000298,30,9,0,1,8,3,False,False,True,False
bursty_high_s64,96003,272.33333333333627,14,14,0,1,13,15,False,False,True,False
bursty_high_s64,96003,278.46666666666925,15,12,0,1,11,10,False,False,True,False
bursty_high_s64,96003,279.8000000000025,23,13,0,1,12,13,False,False,True,False
bursty_high_s64,96003,284.8666666666689,22,19,0,1,18,8,False,False,True,False
bursty_high_s64,96003,303.33333333333536,5,7,0,1,6,8,False,False,True,False
bursty_high_s64,96003,308.1333333333351,6,9,0,1,8,6,False,False,True,False
bursty_high_s64,96003,313.20000000000147,7,14,0,1,13,0,False,False,True,False
bursty_high_s64,96003,316.9333333333346,4,10,0,1,9,1,False,False,True,False
bursty_high_s64,96004,53.46666666666659,1,7,0,1,6,1,False,False,True,False
bursty_high_s64,96004,58.799999999999905,8,8,0,1,7,2,False,False,True,False
bursty_high_s64,96004,81.26666666666654,16,7,0,1,6,2,False,False,True,False
bursty_high_s64,96004,86.06666666666652,23,9,0,1,8,0,False,False,True,False
bursty_high_s64,96004,93.2666666666665,27,8,0,1,7,1,False,False,True,False
bursty_high_s64,96004,113.33333333333314,7,8,0,1,7,6,False,False,True,False
bursty_high_s64,96004,116.7999999999998,4,9,0,1,8,1,False,False,True,False
bursty_high_s64,96004,122.13333333333311,24,7,0,1,6,2,False,False,True,False
bursty_high_s64,96004,126.1333333333331,12,9,0,1,8,1,False,False,True,False
bursty_high_s64,96004,145.6666666666666,15,8,0,1,7,1,False,False,True,False
bursty_high_s64,96004,147.0,10,8,0,1,7,2,False,False,True,False
bursty_high_s64,96004,155.80000000000044,14,10,0,1,9,2,False,False,True,False
bursty_high_s64,96004,178.0000000000008,31,7,0,1,6,12,False,False,True,False
bursty_high_s64,96004,181.20000000000095,27,10,0,1,9,8,False,False,True,False
bursty_high_s64,96004,185.20000000000115,29,9,0,1,8,8,False,False,True,False
bursty_high_s64,96004,186.26666666666787,26,9,0,1,8,8,False,False,True,False
bursty_high_s64,96004,189.7333333333347,22,8,0,1,7,1,False,False,True,False
bursty_high_s64,96004,208.20000000000155,19,9,0,1,8,1,False,False,True,False
bursty_high_s64,96004,213.0000000000018,16,8,0,1,7,1,False,False,True,False
bursty_high_s64,96004,216.20000000000195,20,9,0,1,8,1,False,False,True,False
bursty_high_s64,96004,221.26666666666887,20,17,0,1,16,0,False,False,True,False
bursty_high_s64,96004,241.3333333333358,3,7,0,1,6,12,False,False,True,False
bursty_high_s64,96004,247.20000000000275,7,10,0,1,9,17,False,False,True,False
bursty_high_s64,96004,250.4000000000029,13,8,0,1,7,6,False,False,True,False
bursty_high_s64,96004,252.53333333333634,11,8,0,1,7,4,False,False,True,False
bursty_high_s64,96004,272.0666666666696,24,9,0,1,8,1,False,False,True,False
bursty_high_s64,96004,277.133333333336,25,15,0,1,14,1,False,False,True,False
bursty_high_s64,96004,281.13333333333577,28,8,0,1,7,1,False,False,True,False
bursty_high_s64,96004,282.2000000000024,31,11,0,1,10,0,False,False,True,False
bursty_high_s64,96004,303.0666666666687,26,8,0,1,7,0,False,False,True,False
bursty_high_s64,96004,308.6666666666684,15,8,0,1,7,16,False,False,True,False
bursty_high_s64,96004,311.06666666666825,9,9,0,1,8,15,False,False,True,False
bursty_high_s64,96004,316.13333333333463,14,10,0,1,9,17,False,False,True,False
stacked_high,96100,16.866666666666667,16,8,31,0,8,8,False,False,False,False
stacked_high,96100,21.933333333333316,16,19,28,0,19,11,False,False,False,False
stacked_high,96100,39.59999999999997,3,9,13,0,9,6,False,False,False,False
stacked_high,96100,44.66666666666662,3,19,10,0,19,17,False,False,False,False
stacked_high,96100,62.33333333333328,2,9,7,0,9,5,False,False,False,False
stacked_high,96100,67.39999999999993,2,24,6,0,24,22,False,False,False,False
stacked_high,96100,85.06666666666659,19,8,3,0,8,5,False,False,False,False
stacked_high,96100,90.13333333333324,19,14,1,0,14,2,False,False,False,False
stacked_high,96100,108.06666666666656,23,13,2,0,13,12,False,False,False,False
stacked_high,96100,113.13333333333321,23,19,1,0,19,2,False,False,False,False
stacked_high,96100,130.5333333333333,31,8,1,0,8,3,False,False,False,False
stacked_high,96100,135.60000000000022,31,19,1,0,19,11,False,False,False,False
stacked_high,96100,153.26666666666702,7,8,1,0,8,0,False,False,False,False
stacked_high,96101,16.866666666666667,3,8,31,0,8,8,False,False,False,False
stacked_high,96101,21.933333333333316,3,19,28,0,19,12,False,False,False,False
stacked_high,96101,39.59999999999997,26,8,16,0,8,10,False,False,False,False
stacked_high,96101,44.66666666666662,26,22,12,0,22,12,False,False,False,False
stacked_high,96101,62.33333333333328,14,5,6,0,5,6,False,False,False,False
stacked_high,96101,67.39999999999993,14,12,2,0,12,7,False,False,False,False
stacked_high,96101,85.06666666666659,29,7,2,0,7,6,False,False,False,False
stacked_high,96101,90.13333333333324,29,16,1,0,16,15,False,False,False,False
stacked_high,96101,107.7999999999999,12,9,7,0,9,0,False,False,False,False
stacked_high,96101,112.86666666666655,12,21,7,0,21,10,False,False,False,False
stacked_high,96101,130.5333333333333,2,5,5,0,5,0,False,False,False,False
stacked_high,96101,135.60000000000022,2,10,4,0,10,6,False,False,False,False
stacked_high,96101,153.26666666666702,21,7,3,0,7,0,False,False,False,False
stacked_high,96102,16.866666666666667,17,8,31,0,8,8,False,False,False,False
stacked_high,96102,21.933333333333316,17,19,28,0,19,12,False,False,False,False
stacked_high,96102,39.59999999999997,3,9,15,0,9,2,False,False,False,False
stacked_high,96102,44.66666666666662,3,28,14,0,28,14,False,False,False,False
stacked_high,96102,62.33333333333328,27,5,9,0,5,7,False,False,False,False
stacked_high,96102,67.39999999999993,27,18,7,0,18,18,False,False,False,False
stacked_high,96102,85.06666666666659,16,9,3,0,9,3,False,False,False,False
stacked_high,96102,90.13333333333324,16,26,2,0,26,2,False,False,False,False
stacked_high,96102,107.7999999999999,5,9,0,1,8,1,False,False,True,False
stacked_high,96102,112.86666666666655,5,24,0,1,23,3,False,False,True,False
stacked_high,96102,131.06666666666666,5,16,0,1,15,3,False,False,True,False
stacked_high,96102,136.13333333333358,5,27,0,1,26,4,False,False,True,False
stacked_high,96102,153.26666666666702,14,8,1,0,8,1,False,False,False,False
stacked_high,96103,16.866666666666667,2,8,31,0,8,8,False,False,False,False
stacked_high,96103,21.933333333333316,2,19,28,0,19,11,False,False,False,False
stacked_high,96103,39.59999999999997,14,9,12,0,9,0,False,False,False,False
stacked_high,96103,44.66666666666662,14,28,12,0,28,14,False,False,False,False
stacked_high,96103,62.33333333333328,14,9,9,0,9,7,False,False,False,False
stacked_high,96103,68.19999999999993,14,15,2,0,15,6,False,False,False,False
stacked_high,96103,85.06666666666659,27,9,0,1,8,1,False,False,True,False
stacked_high,96103,90.13333333333324,27,25,0,1,24,2,False,False,True,False
stacked_high,96103,107.7999999999999,1,8,0,1,7,2,False,False,True,False
stacked_high,96103,112.86666666666655,1,25,0,1,24,1,False,False,True,False
stacked_high,96103,130.5333333333333,2,9,0,1,8,0,False,False,True,False
stacked_high,96103,135.60000000000022,2,27,0,1,26,0,False,False,True,False
stacked_high,96103,153.26666666666702,23,8,3,0,8,0,False,False,False,False
stacked_high,96104,16.866666666666667,25,8,31,0,8,8,False,False,False,False
stacked_high,96104,21.933333333333316,25,19,28,0,19,12,False,False,False,False
stacked_high,96104,39.59999999999997,7,8,12,0,8,0,False,False,False,False
stacked_high,96104,44.66666666666662,7,26,12,0,26,14,False,False,False,False
stacked_high,96104,62.33333333333328,21,8,4,0,8,0,False,False,False,False
stacked_high,96104,67.39999999999993,21,13,4,0,13,7,False,False,False,False
stacked_high,96104,85.06666666666659,14,9,0,1,8,0,False,False,True,False
stacked_high,96104,90.13333333333324,14,21,0,1,20,1,False,False,True,False
stacked_high,96104,107.7999999999999,11,8,3,0,8,10,False,False,False,False
stacked_high,96104,112.86666666666655,11,16,1,0,16,10,False,False,False,False
stacked_high,96104,130.5333333333333,22,7,3,0,7,0,False,False,False,False
stacked_high,96104,135.60000000000022,22,19,4,0,19,10,False,False,False,False
stacked_high,96104,153.26666666666702,14,5,8,0,5,3,False,False,False,False
stacked_medium,96200,39.66666666666665,26,6,30,0,6,4,False,False,False,False
stacked_medium,96200,82.00000000000001,29,9,27,0,9,1,False,False,False,False
stacked_medium,96200,124.3333333333334,28,7,24,0,7,3,False,False,False,False
stacked_medium,96200,167.33333333333334,0,5,25,0,5,3,False,False,False,False
stacked_medium,96200,208.99999999999991,26,5,30,0,5,0,False,False,False,False
stacked_medium,96200,251.33333333333314,5,6,26,0,6,6,False,False,False,False
stacked_medium,96200,293.6666666666666,20,7,29,0,7,6,False,False,False,False
stacked_medium,96200,336.0000000000001,20,4,28,0,4,3,False,False,False,False
stacked_medium,96200,378.33333333333366,19,5,29,0,5,0,False,False,False,False
stacked_medium,96200,420.6666666666672,19,7,23,0,7,6,False,False,False,False
stacked_medium,96200,463.00000000000074,16,5,30,0,5,4,False,False,False,False
stacked_medium,96200,505.3333333333343,7,5,25,0,5,4,False,False,False,False
stacked_medium,96200,547.6666666666674,25,6,27,0,6,6,False,False,False,False
stacked_medium,96200,590.0000000000003,27,3,26,0,3,1,False,False,False,False
stacked_medium,96200,632.3333333333333,23,7,30,0,7,3,False,False,False,False
stacked_medium,96200,674.6666666666662,17,5,25,0,5,2,False,False,False,False
stacked_medium,96201,39.66666666666665,20,6,30,0,6,4,False,False,False,False
stacked_medium,96201,82.00000000000001,31,4,26,0,4,4,False,False,False,False
stacked_medium,96201,124.3333333333334,11,5,27,0,5,4,False,False,False,False
stacked_medium,96201,167.33333333333334,26,6,25,0,6,0,False,False,False,False
stacked_medium,96201,208.99999999999991,29,7,27,0,7,1,False,False,False,False
stacked_medium,96201,251.33333333333314,12,5,27,0,5,3,False,False,False,False
stacked_medium,96201,293.6666666666666,0,7,29,0,7,6,False,False,False,False
stacked_medium,96201,336.0000000000001,0,7,28,0,7,3,False,False,False,False
stacked_medium,96201,378.33333333333366,4,5,27,0,5,0,False,False,False,False
stacked_medium,96201,420.6666666666672,7,7,25,0,7,1,False,False,False,False
stacked_medium,96201,463.00000000000074,2,5,26,0,5,2,False,False,False,False
stacked_medium,96201,505.3333333333343,8,3,25,0,3,2,False,False,False,False
stacked_medium,96201,547.6666666666674,8,8,27,0,8,4,False,False,False,False
stacked_medium,96201,591.3333333333336,0,6,27,0,6,2,False,False,False,False
stacked_medium,96201,632.3333333333333,14,2,26,0,2,0,False,True,False,False
stacked_medium,96201,674.6666666666662,26,2,24,0,2,0,False,True,False,False
stacked_medium,96201,716.9999999999991,6,8,30,0,8,8,False,False,False,False
stacked_medium,96202,39.66666666666665,11,6,30,0,6,5,False,False,False,False
stacked_medium,96202,82.00000000000001,11,7,26,0,7,5,False,False,False,False
stacked_medium,96202,124.3333333333334,10,6,26,0,6,3,False,False,False,False
stacked_medium,96202,166.66666666666669,21,5,28,0,5,4,False,False,False,False
stacked_medium,96202,208.99999999999991,23,7,26,0,7,3,False,False,False,False
stacked_medium,96202,252.66666666666646,1,6,26,0,6,4,False,False,False,False
stacked_medium,96202,293.6666666666666,12,6,30,0,6,4,False,False,False,False
stacked_medium,96202,336.0000000000001,31,6,27,0,6,6,False,False,False,False
stacked_medium,96202,420.6666666666672,31,8,31,0,8,8,False,False,False,False
stacked_medium,96202,505.3333333333343,0,5,29,0,5,3,False,False,False,False
stacked_medium,96202,547.6666666666674,12,5,28,0,5,4,False,False,False,False
stacked_medium,96202,590.0000000000003,28,3,25,0,3,2,False,False,False,False
stacked_medium,96202,632.3333333333333,16,4,29,0,4,3,False,False,False,False
stacked_medium,96202,674.6666666666662,7,6,28,0,6,3,False,False,False,False
stacked_medium,96202,716.9999999999991,10,6,26,0,6,3,False,False,False,False
stacked_medium,96203,39.66666666666665,1,6,30,0,6,5,False,False,False,False
stacked_medium,96203,82.00000000000001,3,7,28,0,7,4,False,False,False,False
stacked_medium,96203,125.00000000000007,26,5,22,0,5,3,False,False,False,False
stacked_medium,96203,166.66666666666669,27,6,29,0,6,5,False,False,False,False
stacked_medium,96203,208.99999999999991,8,7,29,0,7,4,False,False,False,False
stacked_medium,96203,251.33333333333314,5,4,25,0,4,4,False,False,False,False
stacked_medium,96203,293.6666666666666,2,5,28,0,5,0,False,False,False,False
stacked_medium,96203,336.0000000000001,1,2,25,0,2,2,False,True,False,False
stacked_medium,96203,378.33333333333366,17,5,27,0,5,4,False,False,False,False
stacked_medium,96203,421.3333333333339,0,4,23,0,4,4,False,False,False,False
stacked_medium,96203,463.00000000000074,17,5,30,0,5,5,False,False,False,False
stacked_medium,96203,505.3333333333343,17,3,26,0,3,3,False,False,False,False
stacked_medium,96203,547.6666666666674,4,6,30,0,6,4,False,False,False,False
stacked_medium,96203,590.0000000000003,21,6,27,0,6,4,False,False,False,False
stacked_medium,96203,632.3333333333333,17,7,28,0,7,1,False,False,False,False
stacked_medium,96203,674.6666666666662,14,2,21,0,2,0,False,True,False,False
stacked_medium,96204,39.66666666666665,7,6,30,0,6,5,False,False,False,False
stacked_medium,96204,82.00000000000001,16,5,26,0,5,4,False,False,False,False
stacked_medium,96204,126.33333333333341,2,8,23,0,8,4,False,False,False,False
stacked_medium,96204,166.66666666666669,15,4,28,0,4,4,False,False,False,False
stacked_medium,96204,208.99999999999991,14,7,28,0,7,3,False,False,False,False
stacked_medium,96204,251.33333333333314,20,7,28,0,7,4,False,False,False,False
stacked_medium,96204,293.6666666666666,10,5,28,0,5,0,False,False,False,False
stacked_medium,96204,336.0000000000001,18,4,25,0,4,2,False,False,False,False
stacked_medium,96204,378.33333333333366,5,7,29,0,7,6,False,False,False,False
stacked_medium,96204,420.6666666666672,25,7,28,0,7,5,False,False,False,False
stacked_medium,96204,463.00000000000074,18,4,27,0,4,3,False,False,False,False
stacked_medium,96204,505.3333333333343,0,4,28,0,4,4,False,False,False,False
stacked_medium,96204,548.333333333334,29,5,25,0,5,4,False,False,False,False
stacked_medium,96204,590.0000000000003,23,4,26,0,4,1,False,False,False,False
stacked_medium,96204,633.6666666666665,30,6,26,0,6,0,False,False,False,False
stacked_medium,96204,674.6666666666662,15,6,29,0,6,6,False,False,False,False
stacked_medium,96204,716.9999999999991,12,7,29,0,7,0,False,False,False,False
rate1.5_s12,96300,64.66666666666666,28,6,30,0,6,5,False,False,False,False
rate1.5_s12,96300,131.99999999999994,31,6,30,0,6,1,False,False,False,False
rate1.5_s12,96300,200.6666666666665,8,3,24,0,3,1,False,False,False,False
rate1.5_s12,96300,266.6666666666666,7,4,29,0,4,3,False,False,False,False
rate1.5_s12,96300,334.0000000000001,2,7,30,0,7,0,False,False,False,False
rate1.5_s12,96300,401.33333333333366,21,8,31,0,8,8,False,False,False,False
rate1.5_s12,96300,468.6666666666672,21,8,29,0,8,4,False,False,False,False
rate1.5_s12,96300,536.0000000000003,29,7,30,0,7,5,False,False,False,False
rate1.5_s12,96300,603.3333333333333,30,3,29,0,3,0,False,False,False,False
rate1.5_s12,96300,670.6666666666662,8,6,30,0,6,4,False,False,False,False
rate1.5_s12,96301,64.66666666666666,27,6,30,0,6,5,False,False,False,False
rate1.5_s12,96301,131.99999999999994,1,5,30,0,5,5,False,False,False,False
rate1.5_s12,96301,199.33333333333317,0,5,29,0,5,4,False,False,False,False
rate1.5_s12,96301,266.6666666666666,0,5,28,0,5,4,False,False,False,False
rate1.5_s12,96301,334.0000000000001,20,5,30,0,5,4,False,False,False,False
rate1.5_s12,96301,401.33333333333366,28,8,31,0,8,8,False,False,False,False
rate1.5_s12,96301,468.6666666666672,23,7,30,0,7,5,False,False,False,False
rate1.5_s12,96301,536.0000000000003,28,5,29,0,5,4,False,False,False,False
rate1.5_s12,96301,603.3333333333333,10,6,30,0,6,4,False,False,False,False
rate1.5_s12,96301,670.6666666666662,27,3,29,0,3,1,False,False,False,False
rate1.5_s12,96302,64.66666666666666,11,6,30,0,6,5,False,False,False,False
rate1.5_s12,96302,131.99999999999994,16,6,30,0,6,4,False,False,False,False
rate1.5_s12,96302,199.33333333333317,13,5,30,0,5,4,False,False,False,False
rate1.5_s12,96302,266.6666666666666,21,5,30,0,5,4,False,False,False,False
rate1.5_s12,96302,334.0000000000001,21,5,30,0,5,5,False,False,False,False
rate1.5_s12,96302,401.33333333333366,28,6,30,0,6,5,False,False,False,False
rate1.5_s12,96302,468.6666666666672,2,6,29,0,6,3,False,False,False,False
rate1.5_s12,96302,536.0000000000003,6,6,30,0,6,4,False,False,False,False
rate1.5_s12,96302,603.3333333333333,1,5,30,0,5,4,False,False,False,False
rate1.5_s12,96302,670.6666666666662,31,4,29,0,4,1,False,False,False,False
rate1.5_s12,96303,64.66666666666666,26,6,30,0,6,4,False,False,False,False
rate1.5_s12,96303,131.99999999999994,16,6,30,0,6,4,False,False,False,False
rate1.5_s12,96303,199.33333333333317,13,5,30,0,5,4,False,False,False,False
rate1.5_s12,96303,266.6666666666666,1,6,30,0,6,5,False,False,False,False
rate1.5_s12,96303,334.0000000000001,15,6,30,0,6,4,False,False,False,False
rate1.5_s12,96303,401.33333333333366,4,8,30,0,8,8,False,False,False,False
rate1.5_s12,96303,468.6666666666672,23,7,30,0,7,5,False,False,False,False
rate1.5_s12,96303,536.0000000000003,21,5,30,0,5,1,False,False,False,False
rate1.5_s12,96303,603.3333333333333,19,6,30,0,6,1,False,False,False,False
rate1.5_s12,96303,670.6666666666662,23,5,28,0,5,0,False,False,False,False
rate1.5_s12,96304,64.66666666666666,20,6,30,0,6,4,False,False,False,False
rate1.5_s12,96304,131.99999999999994,27,6,30,0,6,5,False,False,False,False
rate1.5_s12,96304,199.33333333333317,11,7,30,0,7,5,False,False,False,False
rate1.5_s12,96304,334.0000000000001,7,5,30,0,5,5,False,False,False,False
rate1.5_s12,96304,401.33333333333366,23,5,29,0,5,4,False,False,False,False
rate1.5_s12,96304,468.6666666666672,25,7,30,0,7,5,False,False,False,False
rate1.5_s12,96304,536.0000000000003,3,5,30,0,5,5,False,False,False,False
rate1.5_s12,96304,603.3333333333333,19,4,28,0,4,3,False,False,False,False
rate1.5_s12,96304,670.6666666666662,1,6,30,0,6,5,False,False,False,False
rate3.0_s12,96400,62.33333333333335,22,5,30,0,5,4,False,False,False,False
rate3.0_s12,96400,125.99999999999999,3,8,31,0,8,8,False,False,False,False
rate3.0_s12,96400,189.6666666666667,16,8,31,0,8,8,False,False,False,False
rate3.0_s12,96400,253.33333333333348,7,8,29,0,8,4,False,False,False,False
rate3.0_s12,96400,317.00000000000006,14,8,31,0,8,8,False,False,False,False
rate3.0_s12,96400,380.6666666666665,16,7,30,0,7,0,False,False,False,False
rate3.0_s12,96400,444.333333333333,14,8,29,0,8,8,False,False,False,False
rate3.0_s12,96400,507.99999999999943,29,8,31,0,8,8,False,False,False,False
rate3.0_s12,96400,571.6666666666663,12,5,30,0,5,4,False,False,False,False
rate3.0_s12,96400,635.3333333333334,22,8,31,0,8,8,False,False,False,False
rate3.0_s12,96401,62.33333333333335,18,5,30,0,5,4,False,False,False,False
rate3.0_s12,96401,125.99999999999999,17,8,31,0,8,8,False,False,False,False
rate3.0_s12,96401,189.6666666666667,13,8,31,0,8,4,False,False,False,False
rate3.0_s12,96401,253.33333333333348,15,7,30,0,7,0,False,False,False,False
rate3.0_s12,96401,317.00000000000006,10,6,28,0,6,3,False,False,False,False
rate3.0_s12,96401,380.6666666666665,27,8,31,0,8,8,False,False,False,False
rate3.0_s12,96401,444.333333333333,17,5,30,0,5,4,False,False,False,False
rate3.0_s12,96401,507.99999999999943,18,7,30,0,7,0,False,False,False,False
rate3.0_s12,96401,571.6666666666663,5,5,29,0,5,4,False,False,False,False
rate3.0_s12,96401,635.3333333333334,3,8,31,0,8,4,False,False,False,False
rate3.0_s12,96402,62.33333333333335,5,5,30,0,5,5,False,False,False,False
rate3.0_s12,96402,125.99999999999999,16,8,30,0,8,8,False,False,False,False
rate3.0_s12,96402,189.6666666666667,9,8,30,0,8,8,False,False,False,False
rate3.0_s12,96402,253.33333333333348,17,7,30,0,7,6,False,False,False,False
rate3.0_s12,96402,317.00000000000006,20,6,30,0,6,4,False,False,False,False
rate3.0_s12,96402,380.6666666666665,13,8,31,0,8,8,False,False,False,False
rate3.0_s12,96402,444.333333333333,19,5,30,0,5,1,False,False,False,False
rate3.0_s12,96402,507.99999999999943,15,6,30,0,6,3,False,False,False,False
rate3.0_s12,96402,571.6666666666663,0,5,30,0,5,3,False,False,False,False
rate3.0_s12,96402,635.3333333333334,14,6,29,0,6,6,False,False,False,False
rate3.0_s12,96403,62.33333333333335,2,5,30,0,5,4,False,False,False,False
rate3.0_s12,96403,125.99999999999999,25,8,29,0,8,8,False,False,False,False
rate3.0_s12,96403,189.6666666666667,16,6,30,0,6,5,False,False,False,False
rate3.0_s12,96403,253.33333333333348,7,8,31,0,8,4,False,False,False,False
rate3.0_s12,96403,317.00000000000006,14,8,28,0,8,8,False,False,False,False
rate3.0_s12,96403,380.6666666666665,1,5,30,0,5,0,False,False,False,False
rate3.0_s12,96403,444.333333333333,10,8,30,0,8,4,False,False,False,False
rate3.0_s12,96403,507.99999999999943,3,8,31,0,8,8,False,False,False,False
rate3.0_s12,96403,571.6666666666663,5,5,30,0,5,0,False,False,False,False
rate3.0_s12,96403,635.3333333333334,15,5,30,0,5,5,False,False,False,False
rate3.0_s12,96404,62.33333333333335,20,5,30,0,5,4,False,False,False,False
rate3.0_s12,96404,125.99999999999999,9,8,31,0,8,4,False,False,False,False
rate3.0_s12,96404,189.6666666666667,22,8,31,0,8,4,False,False,False,False
rate3.0_s12,96404,253.33333333333348,9,8,31,0,8,8,False,False,False,False
rate3.0_s12,96404,317.00000000000006,15,6,30,0,6,4,False,False,False,False
rate3.0_s12,96404,380.6666666666665,7,8,31,0,8,8,False,False,False,False
rate3.0_s12,96404,444.333333333333,27,8,31,0,8,8,False,False,False,False
rate3.0_s12,96404,507.99999999999943,11,6,27,0,6,5,False,False,False,False
rate3.0_s12,96404,571.6666666666663,31,5,30,0,5,4,False,False,False,False
rate3.0_s12,96404,635.3333333333334,8,6,30,0,6,5,False,False,False,False
