workload,penalty,any_harm,detector_fires,recall,precision,p95_wait_base,p95_wait_var,p95_wait_pct,p95_wait_sign_p,p95_wait_harm,p95_wait_floored,p99_wait_base,p99_wait_var,p99_wait_pct,p99_wait_sign_p,p99_wait_harm,p99_wait_floored,avg_wait_base,avg_wait_var,avg_wait_pct,avg_wait_sign_p,avg_wait_harm,avg_wait_floored,avg_slowdown_base,avg_slowdown_var,avg_slowdown_pct,avg_slowdown_sign_p,avg_slowdown_harm,avg_slowdown_floored,p95_slowdown_base,p95_slowdown_var,p95_slowdown_pct,p95_slowdown_sign_p,p95_slowdown_harm,p95_slowdown_floored,makespan_excess_base,makespan_excess_var,makespan_excess_pct,makespan_excess_sign_p,makespan_excess_harm,makespan_excess_floored,sched_cores_scanned_base,sched_cores_scanned_var,sched_cores_scanned_pct,burst_balance_levels_walked_base,burst_balance_levels_walked_var,burst_balance_levels_walked_pct,total_migrations_base,total_migrations_var,total_migrations_pct
stacked_low,0.0,True,49.96666666666667,0.9993333333333333,1.0,7.5,7.966666666666667,6.222222222222224,0.002349853515625,True,False,10.033333333333333,11.266666666666667,12.29235880398672,6.604194641113281e-05,True,False,2.5715,2.5668333333333333,-0.18147644046924352,1.0,False,False,1.4316428600069568,1.4117861898132238,-1.3869848932600803,0.09873714670538902,False,False,2.276240866130884,2.2911673952695626,0.6557534995868214,0.855535551905632,False,False,8.766666666666667,8.4,-4.182509505703427,0.09625244140625,False,False,384086.36666666664,388285.8333333333,1.0933651988515452,0,199.86666666666667,nan,199.6,199.76666666666668,0.0835003340013455
stacked_low,2.0,True,49.766666666666666,0.9953333333333333,1.0,7.466666666666667,8.0,7.1428571428571415,3.0517578125e-05,True,False,10.266666666666667,11.1,8.116883116883104,0.04138946533203125,True,False,2.6088333333333336,2.6123333333333334,0.13415958602184258,0.584664711728692,False,False,1.5858882454321075,1.5607070484509211,-1.5878292214925422,0.005222879350185394,False,False,2.6752551543457117,2.679644105894106,0.164057306506443,1.0,False,False,12.4,10.933333333333334,-11.827956989247312,0.28627872467041016,False,False,384749.6666666667,387237.4666666667,0.6466022496012528,0,199.06666666666666,nan,206.36666666666667,206.33333333333334,-0.01615247940558784
stacked_medium,0.0,False,158.23333333333332,1.0,1.0,14.022222222222043,11.877777777777595,-15.293185419968522,8.430331945419312e-06,False,False,18.666666666666405,16.855555555555394,-9.70238095238055,0.016124801710247993,False,False,5.357833333333185,4.227666666666519,-21.09372569757734,1.862645149230957e-09,False,False,1.6189322520716773,1.5165634218546236,-6.32323125850738,1.862645149230957e-09,False,False,2.859263338331935,2.5686360553027137,-10.164411201060275,3.032386302947998e-06,False,False,8.155555555556372,9.455555555556373,15.940054495911218,0.584664711728692,False,False,94656.33333333333,98026.7,3.560635139751172,0,132,nan,313.1,301.56666666666666,-3.683594165868208
stacked_medium,2.0,False,157.86666666666667,1.0,1.0,14.122222222221934,11.9333333333332,-15.499606608968532,1.6242265701293945e-06,False,False,18.933333333333138,17.65555555555543,-6.748826291079511,0.13604594767093658,False,False,5.391499999999851,4.224833333333185,-21.63899965995916,1.862645149230957e-09,False,False,1.845945390960309,1.7372115141820288,-5.890416764805484,5.774199962615967e-08,False,False,3.4801826219589143,3.198381692744415,-8.097302924174707,5.947612226009369e-05,False,False,12.02222222222304,11.82222222222304,-1.6635859519407312,1.0,False,False,95034.53333333334,98593.56666666667,3.744989540644164,0,132,nan,321.1666666666667,306.3333333333333,-4.618578100674635
stacked_high,0.0,False,180.33333333333334,1.0,1.0,25.35111111111114,18.65333333333336,-26.420056100981746,0.005222879350185394,False,False,32.8755555555556,22.671111111111138,-31.039610652967433,0.005222879350185394,False,False,11.774666666666661,8.576833333333328,-27.15858906126148,0.00032491423189640045,False,False,2.094537377088165,1.7848687641781,-14.784582805610642,0.016124801710247993,False,False,4.09902649819317,3.272626886076895,-20.16087508779335,0.016124801710247993,False,False,12.108888888888462,9.008888888888462,-25.601027711507594,0.016124801710247993,False,False,31874.366666666665,33579.8,5.350485395265385,0,52,nan,381.56666666666666,346.1,-9.295011793483003
stacked_high,2.0,False,180.86666666666667,1.0,1.0,38.759999999999955,30.835555555555544,-20.444903107441746,0.001430906355381012,False,False,48.24888888888889,38.78666666666668,-19.61127487103903,5.947612226009369e-05,False,False,17.590499999999995,14.30466666666666,-18.679590309163103,0.00032491423189640045,False,False,3.2057302875438487,2.71509598010007,-15.304915368276061,0.00032491423189640045,False,False,7.083833295426431,5.790126916293581,-18.26280101718531,0.016124801710247993,False,False,34.7422222222218,27.375555555555128,-21.20378661890778,0.00032491423189640045,False,False,33595.066666666666,34449.63333333333,2.5437266582791893,0,52,nan,393.96666666666664,357.8666666666667,-9.163211777646154
bursty_high_s24,0.0,True,10.066666666666666,0.48333333333333334,1.0,1.4711111111108863,1.6066666666663738,9.2145015105708,0.38331031799316406,False,False,3.1822222222219168,3.32888888888852,4.608938547484489,0.30745625495910645,False,False,0.6201388888887187,0.6337499999998298,2.1948488241887354,0.12207812070846558,False,False,1.0492926698673022,1.0504815266098328,0.11330077648221935,0.03569813817739487,True,False,1.1661414067413742,1.168665639308812,0.2164602468315873,1.0,False,False,1.3933333333323161,1.0599999999989829,-23.923444976094014,0.109375,False,False,65666.4,66577.16666666667,1.3869599470454865,0,24.266666666666666,nan,73.56666666666666,76.33333333333333,3.760761214318078
bursty_high_s24,2.0,True,11.9,0.55,1.0,1.7377777777776242,1.9244444444441662,10.741687979533415,0.0025768280029296875,True,False,3.375555555555287,3.593333333333076,6.451612903226657,0.28627872467041016,False,False,0.6524999999998298,0.6698611111109409,2.6607066836958913,0.009355306625366211,True,False,1.0960090285772057,1.100224734664722,0.3846415474322297,0.0191572904586792,True,False,1.3420370904151973,1.356873231640235,1.105494127621149,0.21003961563110352,False,False,2.0266666666656494,2.0266666666656494,0.0,1.0,False,False,65654.23333333334,66668.26666666666,1.5445056348232313,0,29.2,nan,81.2,83.73333333333333,3.119868637110014
bursty_high_s64,0.0,False,422.2,1.0,1.0,64.63777777777615,64.90888888888713,0.4194313610889586,0.855535551905632,False,False,102.5555555555536,103.42444444444254,0.8472372697725534,0.855535551905632,False,False,19.84286458333238,19.684270833332377,-0.7992482604211143,0.584664711728692,False,False,5.1164444435144,5.119934477347121,0.06821209281662002,0.584664711728692,False,False,11.821841000779434,11.890192367545104,0.5781787012798056,1.0,False,False,120.63333333333203,120.53333333333204,-0.08289582757667481,0.711071103811264,False,False,139149.33333333334,147151.1,5.750488683620471,0,209.46666666666667,nan,645.6333333333333,703.4666666666667,8.957612680055766
bursty_high_s64,2.0,True,440.23333333333335,1.0,1.0,76.07333333333169,78.85999999999854,3.6631320655511,0.584664711728692,False,False,119.53555555555386,127.62222222222026,6.765072223977866,0.20048842206597328,False,False,23.50416666666571,23.522135416665712,0.07644921113278703,0.584664711728692,False,False,6.474720120677292,6.581953275396988,1.656182085419305,0.016124801710247993,True,False,14.891600030726288,15.396147207892687,3.388132746819361,0.361594608053565,False,False,160.86666666666537,163.16666666666538,1.4297554910899481,0.13604594767093658,False,False,144316,152046.1,5.356370741982875,0,204.66666666666666,nan,626.2666666666667,698.5,11.533957845433259
heavy_tail_high,0.0,True,12.266666666666667,0.7047619047619047,1.0,0.9333333333333442,0.9333333333333556,1.2133151626260499e-12,1.0,False,False,0.9333333333334508,0.9999999999998425,7.142857142826778,9.5367431640625e-07,True,False,0.4766666666666611,0.48183333333332773,1.0839160839160937,9.5367431640625e-07,True,False,1.084394712615037,1.085324540657365,0.08574627223012726,9.5367431640625e-07,True,False,1.1782222222222174,1.180888888888877,0.2263296869100104,0.03125,True,False,0.42888888888867027,0.42888888888867027,0.0,1.0,False,False,54836.2,55861.73333333333,1.8701757841231392,0,28.4,nan,51.4,54.233333333333334,5.512321660181587
heavy_tail_high,2.0,True,11.733333333333333,0.6952380952380952,1.0,0.9333333333333442,0.9333333333333518,8.088767750840332e-13,1.0,False,False,0.9333333333334508,0.971111111110982,4.0476190475921205,1.52587890625e-05,True,False,0.4766666666666611,0.4806666666666611,0.8391608391608497,1.52587890625e-05,True,False,1.173985738684614,1.1788937215546835,0.4180615409833405,2.9802322387695312e-08,True,False,1.5315555555555633,1.5391111111111169,0.493325594892495,0.000244140625,True,False,0.795555555555337,0.795555555555337,0.0,1.0,False,False,54869.933333333334,55768.53333333333,1.637691073070981,0,26.266666666666666,nan,50.93333333333333,53.3,4.646596858638745
rate0.5_s4,0.0,False,10,1.0,1.0,7.366666666666666,7.433333333333334,0.9049773755656197,0.359283447265625,False,False,10.866666666666667,11.3,3.987730061349695,1.0,False,False,2.595,2.586666666666667,-0.32113037893384594,0.855535551905632,False,False,1.3638198556689842,1.3636493637729756,-0.012501056888115578,0.855535551905632,False,False,2.0759692238851613,2.086777949719126,0.5206592520546335,0.7011080384254456,False,False,5.3,5.4,1.8867924528301987,0.5034446716308594,False,False,87509.43333333333,89037.43333333333,1.7460974683491264,0,40,nan,42.733333333333334,41.56666666666667,-2.730109204368169
rate0.5_s4,2.0,False,9.966666666666667,0.9966666666666667,1.0,7.433333333333334,7.7,3.58744394618834,0.359283447265625,False,False,10.566666666666666,11.3,6.940063091482659,0.359283447265625,False,False,2.611666666666667,2.6325,0.7977026164645706,0.8505540192127228,False,False,1.5040039021971285,1.5029620622428357,-0.06927109382966898,0.584664711728692,False,False,2.399476233929278,2.4034005014120106,0.1635468368989109,1.0,False,False,9.5,9.666666666666666,1.7543859649122744,0.8238029479980469,False,False,87983.73333333334,89293.1,1.488191756658051,0,39.86666666666667,nan,43.43333333333333,42.56666666666667,-1.9953952417497929
rate0.5_s12,0.0,False,22.533333333333335,0.9966666666666667,1.0,11.733333333333333,8.133333333333333,-30.681818181818183,1.1175870895385742e-07,False,False,17.2,12.5,-27.325581395348834,5.647540092468262e-06,False,False,4.369722222222222,3.526388888888889,-19.299472379378297,5.774199962615967e-08,False,False,1.6448929209986374,1.5209920446438998,-7.532458482435174,8.67992639541626e-07,False,False,2.8060557644110276,2.455182159888042,-12.504156509399644,5.947612226009369e-05,False,False,12.933333333333334,9.266666666666667,-28.35051546391752,0.0241195447742939,False,False,106933.06666666667,108657,1.6121611275838603,0,87.6,nan,184.63333333333333,170.36666666666667,-7.727026539086469
rate0.5_s12,2.0,False,23.566666666666666,0.9966666666666667,1.0,12.466666666666667,8.666666666666666,-30.4812834224599,1.1175870895385742e-07,False,False,17.266666666666666,13.333333333333334,-22.779922779922774,2.744048833847046e-05,False,False,4.525,3.626388888888889,-19.858809085328424,1.862645149230957e-09,False,False,1.9188920519772117,1.7564570303931726,-8.465042179765522,8.67992639541626e-07,False,False,3.5444156306656307,3.048948922574683,-13.978798191844685,8.67992639541626e-07,False,False,19.866666666666667,17.566666666666666,-11.577181208053695,0.24778856337070465,False,False,107891.6,109532.7,1.521063734340756,0,91.06666666666666,nan,188.13333333333333,175.7,-6.608788093550675
rate0.75_s4,0.0,False,19.966666666666665,1.0,1.0,8.88888888888893,5.066666666666705,-42.99999999999984,1.862645149230957e-09,False,False,11.200000000000061,8.355555555555563,-25.39682539682574,0.00010371580719947815,False,False,3.018333333333374,1.7733333333333738,-41.24792932081668,1.862645149230957e-09,False,False,1.5442980684676728,1.3399941315605488,-13.229566304505209,1.862645149230957e-09,False,False,2.3397371082458873,2.0185259290741775,-13.728515825118636,8.430331945419312e-06,False,False,10.8555555555556,5.4555555555556,-49.744114636642585,0.008130058646202087,False,False,87064.66666666667,86999.23333333334,-0.07515486573198576,0,40,nan,43.03333333333333,40.93333333333333,-4.879938032532924
rate0.75_s4,2.0,False,19.966666666666665,1.0,1.0,8.94444444444449,5.077777777777816,-43.22981366459614,1.862645149230957e-09,False,False,11.155555555555608,8.688888888888892,-22.1115537848609,0.00032491423189640045,False,False,3.0333333333333736,1.780833333333374,-41.291208791208234,1.862645149230957e-09,False,False,1.7135036224780014,1.4881186323031665,-13.1534586340058,1.862645149230957e-09,False,False,2.7345770714398205,2.3358530059265394,-14.580831152195072,8.430331945419312e-06,False,False,14.088888888888933,8.6555555555556,-38.56466876971597,1.1175870895385742e-07,False,False,87200.56666666667,87179.2,-0.024502898872601295,0,40,nan,42.53333333333333,41.5,-2.429467084639494
rate0.75_s12,0.0,False,99.96666666666667,1.0,1.0,14.544444444444466,8.86666666666658,-39.0374331550809,1.862645149230957e-09,False,False,19.766666666666655,12.544444444444272,-36.537380550872115,1.1175870895385742e-07,False,False,5.213333333333298,3.4436111111110765,-33.94607843137277,1.862645149230957e-09,False,False,1.7782889450381276,1.5235152522836748,-14.326900780963372,1.862645149230957e-09,False,False,3.1341401191401173,2.4814337822671226,-20.825691004908585,1.1175870895385742e-07,False,False,17.577777777776888,13.677777777776889,-22.18710493046888,0.16863754391670227,False,False,98596.83333333333,101733.63333333333,3.1814409184879198,0,120,nan,205.46666666666667,183.13333333333333,-10.869565217391308
rate0.75_s12,2.0,False,99.76666666666667,1.0,1.0,14.72222222222219,8.700000000000019,-40.90566037735823,3.725290298461914e-09,False,False,20.911111111111083,12.333333333333128,-41.020191285867,3.725290298461914e-09,False,False,5.198055555555521,3.4472222222221878,-33.68246673435601,1.862645149230957e-09,False,False,2.0903445243154213,1.802680977336147,-13.761537566324522,1.862645149230957e-09,False,False,4.024008993910946,3.179727186393844,-20.9811113443,1.862645149230957e-09,False,False,20.744444444443555,16.844444444443557,-18.80021424745661,0.008130058646202087,False,False,98648.8,102396.26666666666,3.7987959981942607,0,120,nan,209.63333333333333,183.9,-12.275401494673233
rate1.0_s4,0.0,False,19.966666666666665,1.0,1.0,8.133333333333333,6.966666666666667,-14.344262295081961,0.004077315330505371,False,False,10.366666666666667,10.2,-1.6077170418006543,0.6776394844055176,False,False,2.7075,1.9975,-26.223453370267773,1.862645149230957e-09,False,False,1.5319887150301925,1.3573999909076058,-11.396214763836948,5.774199962615967e-08,False,False,2.401114623026055,2.095002576037219,-12.748747771276825,0.00032491423189640045,False,False,12.233333333333333,5.933333333333334,-51.49863760217983,0.0005335211753845215,False,False,86062.46666666666,85599.53333333334,-0.5379038636277214,0,40,nan,38.4,40.86666666666667,6.423611111111116
rate1.0_s4,2.0,False,19.933333333333334,1.0,1.0,8.1,6.933333333333334,-14.403292181069952,0.000310748815536499,False,False,10.533333333333333,10.366666666666667,-1.582278481012653,1.0,False,False,2.7083333333333335,2.0225,-25.323076923076925,1.862645149230957e-09,False,False,1.6751852231956221,1.4930860316848995,-10.870391464135889,1.862645149230957e-09,False,False,2.7989425521159266,2.412472503964864,-13.807716341262582,5.947612226009369e-05,False,False,15.4,8.333333333333334,-45.887445887445885,5.947612226009369e-05,False,False,86430.3,86048,-0.4423217320777585,0,40,nan,39.3,41.86666666666667,6.530958439355395
rate1.0_s12,0.0,False,99.8,1.0,1.0,15.333333333333334,11.766666666666667,-23.26086956521739,5.774199962615967e-08,False,False,20.8,17.4,-16.346153846153854,0.0009122341871261597,False,False,5.700555555555556,4.308611111111111,-24.417698080109147,1.862645149230957e-09,False,False,1.7786167446012688,1.6210036268854533,-8.861555936332383,5.774199962615967e-08,False,False,3.0676831352914946,2.6969148930991036,-12.086262688834069,0.00032491423189640045,False,False,19.333333333333332,17.5,-9.48275862068965,0.26493089646101,False,False,93869.63333333333,96869.8,3.1960992710102607,0,80,nan,215.6,191.9,-10.992578849721701
rate1.0_s12,2.0,False,99.33333333333333,1.0,1.0,15.4,12.333333333333334,-19.91341991341991,1.5236437320709229e-05,False,False,20.133333333333333,17.966666666666665,-10.761589403973517,0.0005461126565933228,False,False,5.574166666666667,4.400277777777778,-21.05945083968704,5.774199962615967e-08,False,False,2.0461881776555457,1.9116837846463448,-6.573412674259098,8.67992639541626e-07,False,False,3.88997520997521,3.512618215118215,-9.700755775752095,0.016124801710247993,False,False,24.833333333333332,22.566666666666666,-9.127516778523487,0.1849333420395851,False,False,94822.3,96879.83333333333,2.1698833853780446,0,80,nan,216.56666666666666,194.4,-10.23549330460212
rate1.5_s4,0.0,False,19.933333333333334,1.0,1.0,8.44444444444443,7.488888888888828,-11.315789473684788,0.000310748815536499,False,False,10.188888888888837,10.599999999999936,4.034896401308517,0.7011080384254456,False,False,3.225833333333293,2.6374999999999598,-18.23818134848899,5.774199962615967e-08,False,False,1.5103385948078811,1.386835337369145,-8.177190059454578,5.774199962615967e-08,False,False,2.3412562141320272,2.102151665514123,-10.212660501428603,1.5236437320709229e-05,False,False,10.311111111111058,9.977777777777726,-3.23275862068966,0.15158963203430176,False,False,84253.36666666667,85111.46666666666,1.0184756217456685,0,40,nan,40.96666666666667,42,2.5223759153783516
rate1.5_s4,2.0,False,20,1.0,1.0,8.377777777777759,7.4999999999999645,-10.477453580902077,0.0015137195587158203,False,False,10.633333333333272,10.466666666666615,-1.5673981191221769,0.557197093963623,False,False,3.180833333333293,2.6374999999999598,-17.08147760020981,1.862645149230957e-09,False,False,1.654110878575385,1.53374723051904,-7.27663723244533,8.430331945419312e-06,False,False,2.7053683942267064,2.4604517504517434,-9.052986805701527,0.001430906355381012,False,False,12.144444444444392,12.51111111111106,3.019213174748416,0.42435622215270996,False,False,84593.53333333334,85167.33333333333,0.6783024391935258,0,40,nan,42.333333333333336,43.43333333333333,2.59842519685038
rate1.5_s12,0.0,False,95.86666666666666,1.0,1.0,17.033333333333232,12.211111111111114,-28.310502283104576,1.862645149230957e-09,False,False,23.33333333333326,16.71111111111115,-28.380952380951985,8.67992639541626e-07,False,False,6.868888888888838,4.71361111111106,-31.37738595923673,1.862645149230957e-09,False,False,1.8355399072777865,1.6774644750812964,-8.611931103744034,5.774199962615967e-08,False,False,3.3203674348527326,2.864692867045811,-13.723618748451315,5.947612226009369e-05,False,False,15.677777777778307,18.877777777778306,20.411055988659832,0.13604594767093658,False,False,90034.96666666666,92689.13333333333,2.9479287491637565,0,80,nan,219.66666666666666,196.53333333333333,-10.531107738998479
rate1.5_s12,2.0,False,95.66666666666667,1.0,1.0,16.94444444444432,12.488888888888882,-26.295081967212607,5.774199962615967e-08,False,False,23.199999999999896,17.822222222222102,-23.180076628352666,0.002315700054168701,False,False,6.749166666666616,4.7691666666666155,-29.336955179652037,1.862645149230957e-09,False,False,2.1414288572536377,1.95986374320045,-8.47868998487502,5.774199962615967e-08,False,False,4.216501711795812,3.684220378387044,-12.623766567429387,0.00032491423189640045,False,False,20.41111111111164,23.34444444444497,14.37125748502955,1.0,False,False,90326.96666666666,93115.73333333334,3.0874131719246756,0,80,nan,219.76666666666668,201.26666666666668,-8.418019111178522
rate3.0_s4,0.0,True,10,1.0,1.0,7.9222222222222545,5.511111111111106,-30.434782608696004,1.862645149230957e-09,False,False,10.244444444444468,7.244444444444464,-29.284164859002143,1.1175870895385742e-07,False,False,3.1741666666667068,2.351666666666707,-25.91231294302933,1.862645149230957e-09,False,False,1.5210132185130645,1.6247268184208745,6.818717855009831,8.430331945419312e-06,True,False,2.3687218216906696,2.4564424986827773,3.7032916313278736,0.584664711728692,False,False,7.922222222222274,11.755555555555608,48.38709677419324,0.24778856337070465,False,False,82797.93333333333,83893.3,1.322939622486554,0,40,nan,41.06666666666667,44.233333333333334,7.7110389610389545
rate3.0_s4,2.0,True,10,1.0,1.0,7.822222222222268,5.5111111111110995,-29.545454545455108,1.862645149230957e-09,False,False,10.622222222222257,7.14444444444446,-32.74058577405866,1.1175870895385742e-07,False,False,3.1758333333333733,2.3150000000000404,-27.105746523221896,1.862645149230957e-09,False,False,1.686296489203931,1.8100702488322695,7.339976120496454,8.430331945419312e-06,True,False,2.7903345298778763,2.968323358069738,6.378763058193304,0.0241195447742939,True,False,10.88888888888894,14.155555555555607,29.99999999999985,0.34492845088243484,False,False,82904.36666666667,83996,1.3167380407385032,0,40,nan,40.733333333333334,44.333333333333336,8.837970540098203
rate3.0_s12,0.0,False,91.9,1.0,1.0,18.600000000000133,18.62222222222249,0.11947431302342466,0.361594608053565,False,False,23.511111111111223,25.46666666666684,8.317580340264868,0.08715855330228806,False,False,8.259166666666786,6.97722222222234,-15.521474455991452,5.774199962615967e-08,False,False,1.9254369158422353,1.8428187241179679,-4.29088021760132,0.016124801710247993,False,False,3.577095867095886,3.4072546897547027,-4.748018606475629,0.361594608053565,False,False,20.866666666666585,19.433333333333255,-6.869009584664548,0.08715855330228806,False,False,86842.9,87409.13333333333,0.6520202956526524,0,40,nan,236.23333333333332,215.06666666666666,-8.960067729645827
rate3.0_s12,2.0,False,91.76666666666667,1.0,1.0,18.033333333333434,17.644444444444616,-2.1565003080710685,0.5715881884098053,False,False,24.7000000000002,24.088888888889155,-2.474134053081127,0.26493089646101,False,False,7.927777777777896,6.680833333333452,-15.728801681849793,5.947612226009369e-05,False,False,2.2189594590451875,2.1457676536308674,-3.298474206726353,0.016124801710247993,False,False,4.556141636141654,4.297708491867435,-5.67219294115431,0.09873714670538902,False,False,26.633333333333255,24.866666666666585,-6.6332916145181775,0.711071103811264,False,False,87531.36666666667,88217.9,0.7843283607666649,0,40,nan,236.06666666666666,216.03333333333333,-8.486303304151368
